{"1140201":{"1":{"SkillID":1140201,"SkillName":{"Hash":-1588668969},"SkillTag":{"Hash":1157444752},"SkillTypeDesc":{"Hash":1616413225},"Level":1,"MaxLevel":10,"SkillTriggerKey":"Skill01","SkillIcon":"SpriteOutput/SkillIcons/Avatar/1402/SkillIcon_11402_Servant01.png","UltraSkillIcon":"","SkillDesc":{"Hash":2119108309},"SimpleSkillDesc":{"Hash":-2040444009},"RatedSkillTreeID":[],"RatedRankID":[],"ExtraEffectIDList":[],"SimpleExtraEffectIDList":[],"ShowStanceList":[{"Value":30},{"Value":0},{"Value":15}],"StanceDamageDisplay":10,"SPBase":{"Value":10},"SPMultipleRatio":{"Value":0.5},"BPNeed":{"Value":-1},"SkillNeed":{"Hash":371857150},"DelayRatio":{"Value":1},"ParamList":[{"Value":0.55},{"Value":0.33},{"Value":1}],"SimpleParamList":[{"Value":0.55},{"Value":0.33},{"Value":1}],"StanceDamageType":"Thunder","AttackType":"Servant","SkillEffect":"Blast"},"2":{"SkillID":1140201,"SkillName":{"Hash":-1588668969},"SkillTag":{"Hash":1157444752},"SkillTypeDesc":{"Hash":1616413225},"Level":2,"MaxLevel":10,"SkillTriggerKey":"Skill01","SkillIcon":"SpriteOutput/SkillIcons/Avatar/1402/SkillIcon_11402_Servant01.png","UltraSkillIcon":"","SkillDesc":{"Hash":2119108309},"SimpleSkillDesc":{"Hash":-2040444009},"RatedSkillTreeID":[],"RatedRankID":[],"ExtraEffectIDList":[],"SimpleExtraEffectIDList":[],"ShowStanceList":[{"Value":30},{"Value":0},{"Value":15}],"StanceDamageDisplay":10,"SPBase":{"Value":10},"SPMultipleRatio":{"Value":0.5},"BPNeed":{"Value":-1},"SkillNeed":{"Hash":371857150},"DelayRatio":{"Value":1},"ParamList":[{"Value":0.66},{"Value":0.396},{"Value":1}],"SimpleParamList":[{"Value":0.66},{"Value":0.396},{"Value":1}],"StanceDamageType":"Thunder","AttackType":"Servant","SkillEffect":"Blast"},"3":{"SkillID":1140201,"SkillName":{"Hash":-1588668969},"SkillTag":{"Hash":1157444752},"SkillTypeDesc":{"Hash":1616413225},"Level":3,"MaxLevel":10,"SkillTriggerKey":"Skill01","SkillIcon":"SpriteOutput/SkillIcons/Avatar/1402/SkillIcon_11402_Servant01.png","UltraSkillIcon":"","SkillDesc":{"Hash":2119108309},"SimpleSkillDesc":{"Hash":-2040444009},"RatedSkillTreeID":[],"RatedRankID":[],"ExtraEffectIDList":[],"SimpleExtraEffectIDList":[],"ShowStanceList":[{"Value":30},{"Value":0},{"Value":15}],"StanceDamageDisplay":10,"SPBase":{"Value":10},"SPMultipleRatio":{"Value":0.5},"BPNeed":{"Value":-1},"SkillNeed":{"Hash":371857150},"DelayRatio":{"Value":1},"ParamList":[{"Value":0.77},{"Value":0.462},{"Value":1}],"SimpleParamList":[{"Value":0.77},{"Value":0.462},{"Value":1}],"StanceDamageType":"Thunder","AttackType":"Servant","SkillEffect":"Blast"},"4":{"SkillID":1140201,"SkillName":{"Hash":-1588668969},"SkillTag":{"Hash":1157444752},"SkillTypeDesc":{"Hash":1616413225},"Level":4,"MaxLevel":10,"SkillTriggerKey":"Skill01","SkillIcon":"SpriteOutput/SkillIcons/Avatar/1402/SkillIcon_11402_Servant01.png","UltraSkillIcon":"","SkillDesc":{"Hash":2119108309},"SimpleSkillDesc":{"Hash":-2040444009},"RatedSkillTreeID":[],"RatedRankID":[],"ExtraEffectIDList":[],"SimpleExtraEffectIDList":[],"ShowStanceList":[{"Value":30},{"Value":0},{"Value":15}],"StanceDamageDisplay":10,"SPBase":{"Value":10},"SPMultipleRatio":{"Value":0.5},"BPNeed":{"Value":-1},"SkillNeed":{"Hash":371857150},"DelayRatio":{"Value":1},"ParamList":[{"Value":0.88},{"Value":0.528},{"Value":1}],"SimpleParamList":[{"Value":0.88},{"Value":0.528},{"Value":1}],"StanceDamageType":"Thunder","AttackType":"Servant","SkillEffect":"Blast"},"5":{"SkillID":1140201,"SkillName":{"Hash":-1588668969},"SkillTag":{"Hash":1157444752},"SkillTypeDesc":{"Hash":1616413225},"Level":5,"MaxLevel":10,"SkillTriggerKey":"Skill01","SkillIcon":"SpriteOutput/SkillIcons/Avatar/1402/SkillIcon_11402_Servant01.png","UltraSkillIcon":"","SkillDesc":{"Hash":2119108309},"SimpleSkillDesc":{"Hash":-2040444009},"RatedSkillTreeID":[],"RatedRankID":[],"ExtraEffectIDList":[],"SimpleExtraEffectIDList":[],"ShowStanceList":[{"Value":30},{"Value":0},{"Value":15}],"StanceDamageDisplay":10,"SPBase":{"Value":10},"SPMultipleRatio":{"Value":0.5},"BPNeed":{"Value":-1},"SkillNeed":{"Hash":371857150},"DelayRatio":{"Value":1},"ParamList":[{"Value":0.99},{"Value":0.594},{"Value":1}],"SimpleParamList":[{"Value":0.99},{"Value":0.594},{"Value":1}],"StanceDamageType":"Thunder","AttackType":"Servant","SkillEffect":"Blast"},"6":{"SkillID":1140201,"SkillName":{"Hash":-1588668969},"SkillTag":{"Hash":1157444752},"SkillTypeDesc":{"Hash":1616413225},"Level":6,"MaxLevel":10,"SkillTriggerKey":"Skill01","SkillIcon":"SpriteOutput/SkillIcons/Avatar/1402/SkillIcon_11402_Servant01.png","UltraSkillIcon":"","SkillDesc":{"Hash":2119108309},"SimpleSkillDesc":{"Hash":-2040444009},"RatedSkillTreeID":[],"RatedRankID":[],"ExtraEffectIDList":[],"SimpleExtraEffectIDList":[],"ShowStanceList":[{"Value":30},{"Value":0},{"Value":15}],"StanceDamageDisplay":10,"SPBase":{"Value":10},"SPMultipleRatio":{"Value":0.5},"BPNeed":{"Value":-1},"SkillNeed":{"Hash":371857150},"DelayRatio":{"Value":1},"ParamList":[{"Value":1.1},{"Value":0.66},{"Value":1}],"SimpleParamList":[{"Value":1.1},{"Value":0.66},{"Value":1}],"StanceDamageType":"Thunder","AttackType":"Servant","SkillEffect":"Blast"},"7":{"SkillID":1140201,"SkillName":{"Hash":-1588668969},"SkillTag":{"Hash":1157444752},"SkillTypeDesc":{"Hash":1616413225},"Level":7,"MaxLevel":10,"SkillTriggerKey":"Skill01","SkillIcon":"SpriteOutput/SkillIcons/Avatar/1402/SkillIcon_11402_Servant01.png","UltraSkillIcon":"","SkillDesc":{"Hash":2119108309},"SimpleSkillDesc":{"Hash":-2040444009},"RatedSkillTreeID":[],"RatedRankID":[],"ExtraEffectIDList":[],"SimpleExtraEffectIDList":[],"ShowStanceList":[{"Value":30},{"Value":0},{"Value":15}],"StanceDamageDisplay":10,"SPBase":{"Value":10},"SPMultipleRatio":{"Value":0.5},"BPNeed":{"Value":-1},"SkillNeed":{"Hash":371857150},"DelayRatio":{"Value":1},"ParamList":[{"Value":1.21},{"Value":0.726},{"Value":1}],"SimpleParamList":[{"Value":1.21},{"Value":0.726},{"Value":1}],"StanceDamageType":"Thunder","AttackType":"Servant","SkillEffect":"Blast"},"8":{"SkillID":1140201,"SkillName":{"Hash":-1588668969},"SkillTag":{"Hash":1157444752},"SkillTypeDesc":{"Hash":1616413225},"Level":8,"MaxLevel":10,"SkillTriggerKey":"Skill01","SkillIcon":"SpriteOutput/SkillIcons/Avatar/1402/SkillIcon_11402_Servant01.png","UltraSkillIcon":"","SkillDesc":{"Hash":2119108309},"SimpleSkillDesc":{"Hash":-2040444009},"RatedSkillTreeID":[],"RatedRankID":[],"ExtraEffectIDList":[],"SimpleExtraEffectIDList":[],"ShowStanceList":[{"Value":30},{"Value":0},{"Value":15}],"StanceDamageDisplay":10,"SPBase":{"Value":10},"SPMultipleRatio":{"Value":0.5},"BPNeed":{"Value":-1},"SkillNeed":{"Hash":371857150},"DelayRatio":{"Value":1},"ParamList":[{"Value":1.32},{"Value":0.792},{"Value":1}],"SimpleParamList":[{"Value":1.32},{"Value":0.792},{"Value":1}],"StanceDamageType":"Thunder","AttackType":"Servant","SkillEffect":"Blast"},"9":{"SkillID":1140201,"SkillName":{"Hash":-1588668969},"SkillTag":{"Hash":1157444752},"SkillTypeDesc":{"Hash":1616413225},"Level":9,"MaxLevel":10,"SkillTriggerKey":"Skill01","SkillIcon":"SpriteOutput/SkillIcons/Avatar/1402/SkillIcon_11402_Servant01.png","UltraSkillIcon":"","SkillDesc":{"Hash":2119108309},"SimpleSkillDesc":{"Hash":-2040444009},"RatedSkillTreeID":[],"RatedRankID":[],"ExtraEffectIDList":[],"SimpleExtraEffectIDList":[],"ShowStanceList":[{"Value":30},{"Value":0},{"Value":15}],"StanceDamageDisplay":10,"SPBase":{"Value":10},"SPMultipleRatio":{"Value":0.5},"BPNeed":{"Value":-1},"SkillNeed":{"Hash":371857150},"DelayRatio":{"Value":1},"ParamList":[{"Value":1.43},{"Value":0.858},{"Value":1}],"SimpleParamList":[{"Value":1.43},{"Value":0.858},{"Value":1}],"StanceDamageType":"Thunder","AttackType":"Servant","SkillEffect":"Blast"},"10":{"SkillID":1140201,"SkillName":{"Hash":-1588668969},"SkillTag":{"Hash":1157444752},"SkillTypeDesc":{"Hash":1616413225},"Level":10,"MaxLevel":10,"SkillTriggerKey":"Skill01","SkillIcon":"SpriteOutput/SkillIcons/Avatar/1402/SkillIcon_11402_Servant01.png","UltraSkillIcon":"","SkillDesc":{"Hash":2119108309},"SimpleSkillDesc":{"Hash":-2040444009},"RatedSkillTreeID":[],"RatedRankID":[],"ExtraEffectIDList":[],"SimpleExtraEffectIDList":[],"ShowStanceList":[{"Value":30},{"Value":0},{"Value":15}],"StanceDamageDisplay":10,"SPBase":{"Value":10},"SPMultipleRatio":{"Value":0.5},"BPNeed":{"Value":-1},"SkillNeed":{"Hash":371857150},"DelayRatio":{"Value":1},"ParamList":[{"Value":1.54},{"Value":0.924},{"Value":1}],"SimpleParamList":[{"Value":1.54},{"Value":0.924},{"Value":1}],"StanceDamageType":"Thunder","AttackType":"Servant","SkillEffect":"Blast"}},"1140203":{"1":{"SkillID":1140203,"SkillName":{"Hash":1543498913},"SkillTag":{"Hash":1323314287},"SkillTypeDesc":{"Hash":50329284},"Level":1,"MaxLevel":10,"SkillTriggerKey":"SkillP01","SkillIcon":"SpriteOutput/SkillIcons/Avatar/1402/SkillIcon_11402_ServantPassive.png","UltraSkillIcon":"","SkillDesc":{"Hash":-1013059573},"SimpleSkillDesc":{"Hash":-877644595},"RatedSkillTreeID":[1402102],"RatedRankID":[],"ExtraEffectIDList":[],"SimpleExtraEffectIDList":[],"ShowStanceList":[{"Value":0},{"Value":0},{"Value":0}],"SPMultipleRatio":{"Value":0.5},"BPNeed":{"Value":-1},"SkillNeed":{"Hash":371857150},"DelayRatio":{"Value":1},"ParamList":[{"Value":44},{"Value":3},{"Value":6}],"SimpleParamList":[{"Value":44},{"Value":3},{"Value":6}],"SkillEffect":"Enhance"},"2":{"SkillID":1140203,"SkillName":{"Hash":1543498913},"SkillTag":{"Hash":1323314287},"SkillTypeDesc":{"Hash":50329284},"Level":2,"MaxLevel":10,"SkillTriggerKey":"SkillP01","SkillIcon":"SpriteOutput/SkillIcons/Avatar/1402/SkillIcon_11402_ServantPassive.png","UltraSkillIcon":"","SkillDesc":{"Hash":-1013059573},"SimpleSkillDesc":{"Hash":-877644595},"RatedSkillTreeID":[1402102],"RatedRankID":[],"ExtraEffectIDList":[],"SimpleExtraEffectIDList":[],"ShowStanceList":[{"Value":0},{"Value":0},{"Value":0}],"SPMultipleRatio":{"Value":0.5},"BPNeed":{"Value":-1},"SkillNeed":{"Hash":371857150},"DelayRatio":{"Value":1},"ParamList":[{"Value":46.2},{"Value":3},{"Value":6}],"SimpleParamList":[{"Value":46.2},{"Value":3},{"Value":6}],"SkillEffect":"Enhance"},"3":{"SkillID":1140203,"SkillName":{"Hash":1543498913},"SkillTag":{"Hash":1323314287},"SkillTypeDesc":{"Hash":50329284},"Level":3,"MaxLevel":10,"SkillTriggerKey":"SkillP01","SkillIcon":"SpriteOutput/SkillIcons/Avatar/1402/SkillIcon_11402_ServantPassive.png","UltraSkillIcon":"","SkillDesc":{"Hash":-1013059573},"SimpleSkillDesc":{"Hash":-877644595},"RatedSkillTreeID":[1402102],"RatedRankID":[],"ExtraEffectIDList":[],"SimpleExtraEffectIDList":[],"ShowStanceList":[{"Value":0},{"Value":0},{"Value":0}],"SPMultipleRatio":{"Value":0.5},"BPNeed":{"Value":-1},"SkillNeed":{"Hash":371857150},"DelayRatio":{"Value":1},"ParamList":[{"Value":48.4},{"Value":3},{"Value":6}],"SimpleParamList":[{"Value":48.4},{"Value":3},{"Value":6}],"SkillEffect":"Enhance"},"4":{"SkillID":1140203,"SkillName":{"Hash":1543498913},"SkillTag":{"Hash":1323314287},"SkillTypeDesc":{"Hash":50329284},"Level":4,"MaxLevel":10,"SkillTriggerKey":"SkillP01","SkillIcon":"SpriteOutput/SkillIcons/Avatar/1402/SkillIcon_11402_ServantPassive.png","UltraSkillIcon":"","SkillDesc":{"Hash":-1013059573},"SimpleSkillDesc":{"Hash":-877644595},"RatedSkillTreeID":[1402102],"RatedRankID":[],"ExtraEffectIDList":[],"SimpleExtraEffectIDList":[],"ShowStanceList":[{"Value":0},{"Value":0},{"Value":0}],"SPMultipleRatio":{"Value":0.5},"BPNeed":{"Value":-1},"SkillNeed":{"Hash":371857150},"DelayRatio":{"Value":1},"ParamList":[{"Value":50.6},{"Value":3},{"Value":6}],"SimpleParamList":[{"Value":50.6},{"Value":3},{"Value":6}],"SkillEffect":"Enhance"},"5":{"SkillID":1140203,"SkillName":{"Hash":1543498913},"SkillTag":{"Hash":1323314287},"SkillTypeDesc":{"Hash":50329284},"Level":5,"MaxLevel":10,"SkillTriggerKey":"SkillP01","SkillIcon":"SpriteOutput/SkillIcons/Avatar/1402/SkillIcon_11402_ServantPassive.png","UltraSkillIcon":"","SkillDesc":{"Hash":-1013059573},"SimpleSkillDesc":{"Hash":-877644595},"RatedSkillTreeID":[1402102],"RatedRankID":[],"ExtraEffectIDList":[],"SimpleExtraEffectIDList":[],"ShowStanceList":[{"Value":0},{"Value":0},{"Value":0}],"SPMultipleRatio":{"Value":0.5},"BPNeed":{"Value":-1},"SkillNeed":{"Hash":371857150},"DelayRatio":{"Value":1},"ParamList":[{"Value":52.8},{"Value":3},{"Value":6}],"SimpleParamList":[{"Value":52.8},{"Value":3},{"Value":6}],"SkillEffect":"Enhance"},"6":{"SkillID":1140203,"SkillName":{"Hash":1543498913},"SkillTag":{"Hash":1323314287},"SkillTypeDesc":{"Hash":50329284},"Level":6,"MaxLevel":10,"SkillTriggerKey":"SkillP01","SkillIcon":"SpriteOutput/SkillIcons/Avatar/1402/SkillIcon_11402_ServantPassive.png","UltraSkillIcon":"","SkillDesc":{"Hash":-1013059573},"SimpleSkillDesc":{"Hash":-877644595},"RatedSkillTreeID":[1402102],"RatedRankID":[],"ExtraEffectIDList":[],"SimpleExtraEffectIDList":[],"ShowStanceList":[{"Value":0},{"Value":0},{"Value":0}],"SPMultipleRatio":{"Value":0.5},"BPNeed":{"Value":-1},"SkillNeed":{"Hash":371857150},"DelayRatio":{"Value":1},"ParamList":[{"Value":55},{"Value":3},{"Value":6}],"SimpleParamList":[{"Value":55},{"Value":3},{"Value":6}],"SkillEffect":"Enhance"},"7":{"SkillID":1140203,"SkillName":{"Hash":1543498913},"SkillTag":{"Hash":1323314287},"SkillTypeDesc":{"Hash":50329284},"Level":7,"MaxLevel":10,"SkillTriggerKey":"SkillP01","SkillIcon":"SpriteOutput/SkillIcons/Avatar/1402/SkillIcon_11402_ServantPassive.png","UltraSkillIcon":"","SkillDesc":{"Hash":-1013059573},"SimpleSkillDesc":{"Hash":-877644595},"RatedSkillTreeID":[1402102],"RatedRankID":[],"ExtraEffectIDList":[],"SimpleExtraEffectIDList":[],"ShowStanceList":[{"Value":0},{"Value":0},{"Value":0}],"SPMultipleRatio":{"Value":0.5},"BPNeed":{"Value":-1},"SkillNeed":{"Hash":371857150},"DelayRatio":{"Value":1},"ParamList":[{"Value":57.2},{"Value":3},{"Value":6}],"SimpleParamList":[{"Value":57.2},{"Value":3},{"Value":6}],"SkillEffect":"Enhance"},"8":{"SkillID":1140203,"SkillName":{"Hash":1543498913},"SkillTag":{"Hash":1323314287},"SkillTypeDesc":{"Hash":50329284},"Level":8,"MaxLevel":10,"SkillTriggerKey":"SkillP01","SkillIcon":"SpriteOutput/SkillIcons/Avatar/1402/SkillIcon_11402_ServantPassive.png","UltraSkillIcon":"","SkillDesc":{"Hash":-1013059573},"SimpleSkillDesc":{"Hash":-877644595},"RatedSkillTreeID":[1402102],"RatedRankID":[],"ExtraEffectIDList":[],"SimpleExtraEffectIDList":[],"ShowStanceList":[{"Value":0},{"Value":0},{"Value":0}],"SPMultipleRatio":{"Value":0.5},"BPNeed":{"Value":-1},"SkillNeed":{"Hash":371857150},"DelayRatio":{"Value":1},"ParamList":[{"Value":59.4},{"Value":3},{"Value":6}],"SimpleParamList":[{"Value":59.4},{"Value":3},{"Value":6}],"SkillEffect":"Enhance"},"9":{"SkillID":1140203,"SkillName":{"Hash":1543498913},"SkillTag":{"Hash":1323314287},"SkillTypeDesc":{"Hash":50329284},"Level":9,"MaxLevel":10,"SkillTriggerKey":"SkillP01","SkillIcon":"SpriteOutput/SkillIcons/Avatar/1402/SkillIcon_11402_ServantPassive.png","UltraSkillIcon":"","SkillDesc":{"Hash":-1013059573},"SimpleSkillDesc":{"Hash":-877644595},"RatedSkillTreeID":[1402102],"RatedRankID":[],"ExtraEffectIDList":[],"SimpleExtraEffectIDList":[],"ShowStanceList":[{"Value":0},{"Value":0},{"Value":0}],"SPMultipleRatio":{"Value":0.5},"BPNeed":{"Value":-1},"SkillNeed":{"Hash":371857150},"DelayRatio":{"Value":1},"ParamList":[{"Value":61.6},{"Value":3},{"Value":6}],"SimpleParamList":[{"Value":61.6},{"Value":3},{"Value":6}],"SkillEffect":"Enhance"},"10":{"SkillID":1140203,"SkillName":{"Hash":1543498913},"SkillTag":{"Hash":1323314287},"SkillTypeDesc":{"Hash":50329284},"Level":10,"MaxLevel":10,"SkillTriggerKey":"SkillP01","SkillIcon":"SpriteOutput/SkillIcons/Avatar/1402/SkillIcon_11402_ServantPassive.png","UltraSkillIcon":"","SkillDesc":{"Hash":-1013059573},"SimpleSkillDesc":{"Hash":-877644595},"RatedSkillTreeID":[1402102],"RatedRankID":[],"ExtraEffectIDList":[],"SimpleExtraEffectIDList":[],"ShowStanceList":[{"Value":0},{"Value":0},{"Value":0}],"SPMultipleRatio":{"Value":0.5},"BPNeed":{"Value":-1},"SkillNeed":{"Hash":371857150},"DelayRatio":{"Value":1},"ParamList":[{"Value":63.8},{"Value":3},{"Value":6}],"SimpleParamList":[{"Value":63.8},{"Value":3},{"Value":6}],"SkillEffect":"Enhance"}},"1140205":{"1":{"SkillID":1140205,"SkillName":{"Hash":736929859},"SkillTag":{"Hash":1323314287},"SkillTypeDesc":{"Hash":50329284},"Level":1,"MaxLevel":10,"SkillTriggerKey":"SkillP03","SkillIcon":"SpriteOutput/SkillIcons/Avatar/1402/SkillIcon_11402_ServantPassive.png","UltraSkillIcon":"","SkillDesc":{"Hash":149739841},"SimpleSkillDesc":{"Hash":-71075541},"RatedSkillTreeID":[],"RatedRankID":[],"ExtraEffectIDList":[10000001],"SimpleExtraEffectIDList":[10000001],"ShowStanceList":[{"Value":0},{"Value":0},{"Value":0}],"SPMultipleRatio":{"Value":0.5},"BPNeed":{"Value":-1},"SkillNeed":{"Hash":371857150},"DelayRatio":{"Value":1},"ParamList":[{"Value":1}],"SimpleParamList":[{"Value":1}],"SkillEffect":"Enhance"},"2":{"SkillID":1140205,"SkillName":{"Hash":736929859},"SkillTag":{"Hash":1323314287},"SkillTypeDesc":{"Hash":50329284},"Level":2,"MaxLevel":10,"SkillTriggerKey":"SkillP03","SkillIcon":"SpriteOutput/SkillIcons/Avatar/1402/SkillIcon_11402_ServantPassive.png","UltraSkillIcon":"","SkillDesc":{"Hash":149739841},"SimpleSkillDesc":{"Hash":-71075541},"RatedSkillTreeID":[],"RatedRankID":[],"ExtraEffectIDList":[10000001],"SimpleExtraEffectIDList":[10000001],"ShowStanceList":[{"Value":0},{"Value":0},{"Value":0}],"SPMultipleRatio":{"Value":0.5},"BPNeed":{"Value":-1},"SkillNeed":{"Hash":371857150},"DelayRatio":{"Value":1},"ParamList":[{"Value":1}],"SimpleParamList":[{"Value":1}],"SkillEffect":"Enhance"},"3":{"SkillID":1140205,"SkillName":{"Hash":736929859},"SkillTag":{"Hash":1323314287},"SkillTypeDesc":{"Hash":50329284},"Level":3,"MaxLevel":10,"SkillTriggerKey":"SkillP03","SkillIcon":"SpriteOutput/SkillIcons/Avatar/1402/SkillIcon_11402_ServantPassive.png","UltraSkillIcon":"","SkillDesc":{"Hash":149739841},"SimpleSkillDesc":{"Hash":-71075541},"RatedSkillTreeID":[],"RatedRankID":[],"ExtraEffectIDList":[10000001],"SimpleExtraEffectIDList":[10000001],"ShowStanceList":[{"Value":0},{"Value":0},{"Value":0}],"SPMultipleRatio":{"Value":0.5},"BPNeed":{"Value":-1},"SkillNeed":{"Hash":371857150},"DelayRatio":{"Value":1},"ParamList":[{"Value":1}],"SimpleParamList":[{"Value":1}],"SkillEffect":"Enhance"},"4":{"SkillID":1140205,"SkillName":{"Hash":736929859},"SkillTag":{"Hash":1323314287},"SkillTypeDesc":{"Hash":50329284},"Level":4,"MaxLevel":10,"SkillTriggerKey":"SkillP03","SkillIcon":"SpriteOutput/SkillIcons/Avatar/1402/SkillIcon_11402_ServantPassive.png","UltraSkillIcon":"","SkillDesc":{"Hash":149739841},"SimpleSkillDesc":{"Hash":-71075541},"RatedSkillTreeID":[],"RatedRankID":[],"ExtraEffectIDList":[10000001],"SimpleExtraEffectIDList":[10000001],"ShowStanceList":[{"Value":0},{"Value":0},{"Value":0}],"SPMultipleRatio":{"Value":0.5},"BPNeed":{"Value":-1},"SkillNeed":{"Hash":371857150},"DelayRatio":{"Value":1},"ParamList":[{"Value":1}],"SimpleParamList":[{"Value":1}],"SkillEffect":"Enhance"},"5":{"SkillID":1140205,"SkillName":{"Hash":736929859},"SkillTag":{"Hash":1323314287},"SkillTypeDesc":{"Hash":50329284},"Level":5,"MaxLevel":10,"SkillTriggerKey":"SkillP03","SkillIcon":"SpriteOutput/SkillIcons/Avatar/1402/SkillIcon_11402_ServantPassive.png","UltraSkillIcon":"","SkillDesc":{"Hash":149739841},"SimpleSkillDesc":{"Hash":-71075541},"RatedSkillTreeID":[],"RatedRankID":[],"ExtraEffectIDList":[10000001],"SimpleExtraEffectIDList":[10000001],"ShowStanceList":[{"Value":0},{"Value":0},{"Value":0}],"SPMultipleRatio":{"Value":0.5},"BPNeed":{"Value":-1},"SkillNeed":{"Hash":371857150},"DelayRatio":{"Value":1},"ParamList":[{"Value":1}],"SimpleParamList":[{"Value":1}],"SkillEffect":"Enhance"},"6":{"SkillID":1140205,"SkillName":{"Hash":736929859},"SkillTag":{"Hash":1323314287},"SkillTypeDesc":{"Hash":50329284},"Level":6,"MaxLevel":10,"SkillTriggerKey":"SkillP03","SkillIcon":"SpriteOutput/SkillIcons/Avatar/1402/SkillIcon_11402_ServantPassive.png","UltraSkillIcon":"","SkillDesc":{"Hash":149739841},"SimpleSkillDesc":{"Hash":-71075541},"RatedSkillTreeID":[],"RatedRankID":[],"ExtraEffectIDList":[10000001],"SimpleExtraEffectIDList":[10000001],"ShowStanceList":[{"Value":0},{"Value":0},{"Value":0}],"SPMultipleRatio":{"Value":0.5},"BPNeed":{"Value":-1},"SkillNeed":{"Hash":371857150},"DelayRatio":{"Value":1},"ParamList":[{"Value":1}],"SimpleParamList":[{"Value":1}],"SkillEffect":"Enhance"},"7":{"SkillID":1140205,"SkillName":{"Hash":736929859},"SkillTag":{"Hash":1323314287},"SkillTypeDesc":{"Hash":50329284},"Level":7,"MaxLevel":10,"SkillTriggerKey":"SkillP03","SkillIcon":"SpriteOutput/SkillIcons/Avatar/1402/SkillIcon_11402_ServantPassive.png","UltraSkillIcon":"","SkillDesc":{"Hash":149739841},"SimpleSkillDesc":{"Hash":-71075541},"RatedSkillTreeID":[],"RatedRankID":[],"ExtraEffectIDList":[10000001],"SimpleExtraEffectIDList":[10000001],"ShowStanceList":[{"Value":0},{"Value":0},{"Value":0}],"SPMultipleRatio":{"Value":0.5},"BPNeed":{"Value":-1},"SkillNeed":{"Hash":371857150},"DelayRatio":{"Value":1},"ParamList":[{"Value":1}],"SimpleParamList":[{"Value":1}],"SkillEffect":"Enhance"},"8":{"SkillID":1140205,"SkillName":{"Hash":736929859},"SkillTag":{"Hash":1323314287},"SkillTypeDesc":{"Hash":50329284},"Level":8,"MaxLevel":10,"SkillTriggerKey":"SkillP03","SkillIcon":"SpriteOutput/SkillIcons/Avatar/1402/SkillIcon_11402_ServantPassive.png","UltraSkillIcon":"","SkillDesc":{"Hash":149739841},"SimpleSkillDesc":{"Hash":-71075541},"RatedSkillTreeID":[],"RatedRankID":[],"ExtraEffectIDList":[10000001],"SimpleExtraEffectIDList":[10000001],"ShowStanceList":[{"Value":0},{"Value":0},{"Value":0}],"SPMultipleRatio":{"Value":0.5},"BPNeed":{"Value":-1},"SkillNeed":{"Hash":371857150},"DelayRatio":{"Value":1},"ParamList":[{"Value":1}],"SimpleParamList":[{"Value":1}],"SkillEffect":"Enhance"},"9":{"SkillID":1140205,"SkillName":{"Hash":736929859},"SkillTag":{"Hash":1323314287},"SkillTypeDesc":{"Hash":50329284},"Level":9,"MaxLevel":10,"SkillTriggerKey":"SkillP03","SkillIcon":"SpriteOutput/SkillIcons/Avatar/1402/SkillIcon_11402_ServantPassive.png","UltraSkillIcon":"","SkillDesc":{"Hash":149739841},"SimpleSkillDesc":{"Hash":-71075541},"RatedSkillTreeID":[],"RatedRankID":[],"ExtraEffectIDList":[10000001],"SimpleExtraEffectIDList":[10000001],"ShowStanceList":[{"Value":0},{"Value":0},{"Value":0}],"SPMultipleRatio":{"Value":0.5},"BPNeed":{"Value":-1},"SkillNeed":{"Hash":371857150},"DelayRatio":{"Value":1},"ParamList":[{"Value":1}],"SimpleParamList":[{"Value":1}],"SkillEffect":"Enhance"},"10":{"SkillID":1140205,"SkillName":{"Hash":736929859},"SkillTag":{"Hash":1323314287},"SkillTypeDesc":{"Hash":50329284},"Level":10,"MaxLevel":10,"SkillTriggerKey":"SkillP03","SkillIcon":"SpriteOutput/SkillIcons/Avatar/1402/SkillIcon_11402_ServantPassive.png","UltraSkillIcon":"","SkillDesc":{"Hash":149739841},"SimpleSkillDesc":{"Hash":-71075541},"RatedSkillTreeID":[],"RatedRankID":[],"ExtraEffectIDList":[10000001],"SimpleExtraEffectIDList":[10000001],"ShowStanceList":[{"Value":0},{"Value":0},{"Value":0}],"SPMultipleRatio":{"Value":0.5},"BPNeed":{"Value":-1},"SkillNeed":{"Hash":371857150},"DelayRatio":{"Value":1},"ParamList":[{"Value":1}],"SimpleParamList":[{"Value":1}],"SkillEffect":"Enhance"}},"1140206":{"1":{"SkillID":1140206,"SkillName":{"Hash":1140214386},"SkillTag":{"Hash":1323314287},"SkillTypeDesc":{"Hash":50329284},"Level":1,"MaxLevel":10,"SkillTriggerKey":"SkillP04","SkillIcon":"SpriteOutput/SkillIcons/Avatar/1402/SkillIcon_11402_ServantPassive.png","UltraSkillIcon":"","SkillDesc":{"Hash":-1416344100},"SimpleSkillDesc":{"Hash":-1637159482},"RatedSkillTreeID":[],"RatedRankID":[],"ExtraEffectIDList":[],"SimpleExtraEffectIDList":[],"ShowStanceList":[{"Value":0},{"Value":0},{"Value":0}],"SPMultipleRatio":{"Value":0.5},"BPNeed":{"Value":-1},"SkillNeed":{"Hash":371857150},"DelayRatio":{"Value":1},"ParamList":[{"Value":20}],"SimpleParamList":[{"Value":20}],"SkillEffect":"Enhance"},"2":{"SkillID":1140206,"SkillName":{"Hash":1140214386},"SkillTag":{"Hash":1323314287},"SkillTypeDesc":{"Hash":50329284},"Level":2,"MaxLevel":10,"SkillTriggerKey":"SkillP04","SkillIcon":"SpriteOutput/SkillIcons/Avatar/1402/SkillIcon_11402_ServantPassive.png","UltraSkillIcon":"","SkillDesc":{"Hash":-1416344100},"SimpleSkillDesc":{"Hash":-1637159482},"RatedSkillTreeID":[],"RatedRankID":[],"ExtraEffectIDList":[],"SimpleExtraEffectIDList":[],"ShowStanceList":[{"Value":0},{"Value":0},{"Value":0}],"SPMultipleRatio":{"Value":0.5},"BPNeed":{"Value":-1},"SkillNeed":{"Hash":371857150},"DelayRatio":{"Value":1},"ParamList":[{"Value":20}],"SimpleParamList":[{"Value":20}],"SkillEffect":"Enhance"},"3":{"SkillID":1140206,"SkillName":{"Hash":1140214386},"SkillTag":{"Hash":1323314287},"SkillTypeDesc":{"Hash":50329284},"Level":3,"MaxLevel":10,"SkillTriggerKey":"SkillP04","SkillIcon":"SpriteOutput/SkillIcons/Avatar/1402/SkillIcon_11402_ServantPassive.png","UltraSkillIcon":"","SkillDesc":{"Hash":-1416344100},"SimpleSkillDesc":{"Hash":-1637159482},"RatedSkillTreeID":[],"RatedRankID":[],"ExtraEffectIDList":[],"SimpleExtraEffectIDList":[],"ShowStanceList":[{"Value":0},{"Value":0},{"Value":0}],"SPMultipleRatio":{"Value":0.5},"BPNeed":{"Value":-1},"SkillNeed":{"Hash":371857150},"DelayRatio":{"Value":1},"ParamList":[{"Value":20}],"SimpleParamList":[{"Value":20}],"SkillEffect":"Enhance"},"4":{"SkillID":1140206,"SkillName":{"Hash":1140214386},"SkillTag":{"Hash":1323314287},"SkillTypeDesc":{"Hash":50329284},"Level":4,"MaxLevel":10,"SkillTriggerKey":"SkillP04","SkillIcon":"SpriteOutput/SkillIcons/Avatar/1402/SkillIcon_11402_ServantPassive.png","UltraSkillIcon":"","SkillDesc":{"Hash":-1416344100},"SimpleSkillDesc":{"Hash":-1637159482},"RatedSkillTreeID":[],"RatedRankID":[],"ExtraEffectIDList":[],"SimpleExtraEffectIDList":[],"ShowStanceList":[{"Value":0},{"Value":0},{"Value":0}],"SPMultipleRatio":{"Value":0.5},"BPNeed":{"Value":-1},"SkillNeed":{"Hash":371857150},"DelayRatio":{"Value":1},"ParamList":[{"Value":20}],"SimpleParamList":[{"Value":20}],"SkillEffect":"Enhance"},"5":{"SkillID":1140206,"SkillName":{"Hash":1140214386},"SkillTag":{"Hash":1323314287},"SkillTypeDesc":{"Hash":50329284},"Level":5,"MaxLevel":10,"SkillTriggerKey":"SkillP04","SkillIcon":"SpriteOutput/SkillIcons/Avatar/1402/SkillIcon_11402_ServantPassive.png","UltraSkillIcon":"","SkillDesc":{"Hash":-1416344100},"SimpleSkillDesc":{"Hash":-1637159482},"RatedSkillTreeID":[],"RatedRankID":[],"ExtraEffectIDList":[],"SimpleExtraEffectIDList":[],"ShowStanceList":[{"Value":0},{"Value":0},{"Value":0}],"SPMultipleRatio":{"Value":0.5},"BPNeed":{"Value":-1},"SkillNeed":{"Hash":371857150},"DelayRatio":{"Value":1},"ParamList":[{"Value":20}],"SimpleParamList":[{"Value":20}],"SkillEffect":"Enhance"},"6":{"SkillID":1140206,"SkillName":{"Hash":1140214386},"SkillTag":{"Hash":1323314287},"SkillTypeDesc":{"Hash":50329284},"Level":6,"MaxLevel":10,"SkillTriggerKey":"SkillP04","SkillIcon":"SpriteOutput/SkillIcons/Avatar/1402/SkillIcon_11402_ServantPassive.png","UltraSkillIcon":"","SkillDesc":{"Hash":-1416344100},"SimpleSkillDesc":{"Hash":-1637159482},"RatedSkillTreeID":[],"RatedRankID":[],"ExtraEffectIDList":[],"SimpleExtraEffectIDList":[],"ShowStanceList":[{"Value":0},{"Value":0},{"Value":0}],"SPMultipleRatio":{"Value":0.5},"BPNeed":{"Value":-1},"SkillNeed":{"Hash":371857150},"DelayRatio":{"Value":1},"ParamList":[{"Value":20}],"SimpleParamList":[{"Value":20}],"SkillEffect":"Enhance"},"7":{"SkillID":1140206,"SkillName":{"Hash":1140214386},"SkillTag":{"Hash":1323314287},"SkillTypeDesc":{"Hash":50329284},"Level":7,"MaxLevel":10,"SkillTriggerKey":"SkillP04","SkillIcon":"SpriteOutput/SkillIcons/Avatar/1402/SkillIcon_11402_ServantPassive.png","UltraSkillIcon":"","SkillDesc":{"Hash":-1416344100},"SimpleSkillDesc":{"Hash":-1637159482},"RatedSkillTreeID":[],"RatedRankID":[],"ExtraEffectIDList":[],"SimpleExtraEffectIDList":[],"ShowStanceList":[{"Value":0},{"Value":0},{"Value":0}],"SPMultipleRatio":{"Value":0.5},"BPNeed":{"Value":-1},"SkillNeed":{"Hash":371857150},"DelayRatio":{"Value":1},"ParamList":[{"Value":20}],"SimpleParamList":[{"Value":20}],"SkillEffect":"Enhance"},"8":{"SkillID":1140206,"SkillName":{"Hash":1140214386},"SkillTag":{"Hash":1323314287},"SkillTypeDesc":{"Hash":50329284},"Level":8,"MaxLevel":10,"SkillTriggerKey":"SkillP04","SkillIcon":"SpriteOutput/SkillIcons/Avatar/1402/SkillIcon_11402_ServantPassive.png","UltraSkillIcon":"","SkillDesc":{"Hash":-1416344100},"SimpleSkillDesc":{"Hash":-1637159482},"RatedSkillTreeID":[],"RatedRankID":[],"ExtraEffectIDList":[],"SimpleExtraEffectIDList":[],"ShowStanceList":[{"Value":0},{"Value":0},{"Value":0}],"SPMultipleRatio":{"Value":0.5},"BPNeed":{"Value":-1},"SkillNeed":{"Hash":371857150},"DelayRatio":{"Value":1},"ParamList":[{"Value":20}],"SimpleParamList":[{"Value":20}],"SkillEffect":"Enhance"},"9":{"SkillID":1140206,"SkillName":{"Hash":1140214386},"SkillTag":{"Hash":1323314287},"SkillTypeDesc":{"Hash":50329284},"Level":9,"MaxLevel":10,"SkillTriggerKey":"SkillP04","SkillIcon":"SpriteOutput/SkillIcons/Avatar/1402/SkillIcon_11402_ServantPassive.png","UltraSkillIcon":"","SkillDesc":{"Hash":-1416344100},"SimpleSkillDesc":{"Hash":-1637159482},"RatedSkillTreeID":[],"RatedRankID":[],"ExtraEffectIDList":[],"SimpleExtraEffectIDList":[],"ShowStanceList":[{"Value":0},{"Value":0},{"Value":0}],"SPMultipleRatio":{"Value":0.5},"BPNeed":{"Value":-1},"SkillNeed":{"Hash":371857150},"DelayRatio":{"Value":1},"ParamList":[{"Value":20}],"SimpleParamList":[{"Value":20}],"SkillEffect":"Enhance"},"10":{"SkillID":1140206,"SkillName":{"Hash":1140214386},"SkillTag":{"Hash":1323314287},"SkillTypeDesc":{"Hash":50329284},"Level":10,"MaxLevel":10,"SkillTriggerKey":"SkillP04","SkillIcon":"SpriteOutput/SkillIcons/Avatar/1402/SkillIcon_11402_ServantPassive.png","UltraSkillIcon":"","SkillDesc":{"Hash":-1416344100},"SimpleSkillDesc":{"Hash":-1637159482},"RatedSkillTreeID":[],"RatedRankID":[],"ExtraEffectIDList":[],"SimpleExtraEffectIDList":[],"ShowStanceList":[{"Value":0},{"Value":0},{"Value":0}],"SPMultipleRatio":{"Value":0.5},"BPNeed":{"Value":-1},"SkillNeed":{"Hash":371857150},"DelayRatio":{"Value":1},"ParamList":[{"Value":20}],"SimpleParamList":[{"Value":20}],"SkillEffect":"Enhance"}},"1800701":{"1":{"SkillID":1800701,"SkillName":{"Hash":-931730861},"SkillTag":{"Hash":-408639189},"SkillTypeDesc":{"Hash":1616413225},"Level":1,"MaxLevel":10,"SkillTriggerKey":"Skill01","SkillIcon":"SpriteOutput/SkillIcons/Avatar/8007/SkillIcon_18007_Servant01.png","UltraSkillIcon":"","SkillDesc":{"Hash":-1518920879},"SimpleSkillDesc":{"Hash":-1010362477},"RatedSkillTreeID":[8007102,8007103,8008102,8008103],"RatedRankID":[800701,800801],"ExtraEffectIDList":[],"SimpleExtraEffectIDList":[],"ShowStanceList":[{"Value":15},{"Value":30},{"Value":0}],"StanceDamageDisplay":15,"SPBase":{"Value":10},"SPMultipleRatio":{"Value":0.5},"BPNeed":{"Value":-1},"SkillNeed":{"Hash":371857150},"DelayRatio":{"Value":1},"ParamList":[{"Value":0.18},{"Value":4},{"Value":0.45}],"SimpleParamList":[{"Value":0.18},{"Value":4},{"Value":0.45}],"StanceDamageType":"Ice","AttackType":"Servant","SkillEffect":"AoEAttack"},"2":{"SkillID":1800701,"SkillName":{"Hash":-931730861},"SkillTag":{"Hash":-408639189},"SkillTypeDesc":{"Hash":1616413225},"Level":2,"MaxLevel":10,"SkillTriggerKey":"Skill01","SkillIcon":"SpriteOutput/SkillIcons/Avatar/8007/SkillIcon_18007_Servant01.png","UltraSkillIcon":"","SkillDesc":{"Hash":-1518920879},"SimpleSkillDesc":{"Hash":-1010362477},"RatedSkillTreeID":[8007102,8007103,8008102,8008103],"RatedRankID":[800701,800801],"ExtraEffectIDList":[],"SimpleExtraEffectIDList":[],"ShowStanceList":[{"Value":15},{"Value":30},{"Value":0}],"StanceDamageDisplay":15,"SPBase":{"Value":10},"SPMultipleRatio":{"Value":0.5},"BPNeed":{"Value":-1},"SkillNeed":{"Hash":371857150},"DelayRatio":{"Value":1},"ParamList":[{"Value":0.216},{"Value":4},{"Value":0.54}],"SimpleParamList":[{"Value":0.216},{"Value":4},{"Value":0.54}],"StanceDamageType":"Ice","AttackType":"Servant","SkillEffect":"AoEAttack"},"3":{"SkillID":1800701,"SkillName":{"Hash":-931730861},"SkillTag":{"Hash":-408639189},"SkillTypeDesc":{"Hash":1616413225},"Level":3,"MaxLevel":10,"SkillTriggerKey":"Skill01","SkillIcon":"SpriteOutput/SkillIcons/Avatar/8007/SkillIcon_18007_Servant01.png","UltraSkillIcon":"","SkillDesc":{"Hash":-1518920879},"SimpleSkillDesc":{"Hash":-1010362477},"RatedSkillTreeID":[8007102,8007103,8008102,8008103],"RatedRankID":[800701,800801],"ExtraEffectIDList":[],"SimpleExtraEffectIDList":[],"ShowStanceList":[{"Value":15},{"Value":30},{"Value":0}],"StanceDamageDisplay":15,"SPBase":{"Value":10},"SPMultipleRatio":{"Value":0.5},"BPNeed":{"Value":-1},"SkillNeed":{"Hash":371857150},"DelayRatio":{"Value":1},"ParamList":[{"Value":0.252},{"Value":4},{"Value":0.63}],"SimpleParamList":[{"Value":0.252},{"Value":4},{"Value":0.63}],"StanceDamageType":"Ice","AttackType":"Servant","SkillEffect":"AoEAttack"},"4":{"SkillID":1800701,"SkillName":{"Hash":-931730861},"SkillTag":{"Hash":-408639189},"SkillTypeDesc":{"Hash":1616413225},"Level":4,"MaxLevel":10,"SkillTriggerKey":"Skill01","SkillIcon":"SpriteOutput/SkillIcons/Avatar/8007/SkillIcon_18007_Servant01.png","UltraSkillIcon":"","SkillDesc":{"Hash":-1518920879},"SimpleSkillDesc":{"Hash":-1010362477},"RatedSkillTreeID":[8007102,8007103,8008102,8008103],"RatedRankID":[800701,800801],"ExtraEffectIDList":[],"SimpleExtraEffectIDList":[],"ShowStanceList":[{"Value":15},{"Value":30},{"Value":0}],"StanceDamageDisplay":15,"SPBase":{"Value":10},"SPMultipleRatio":{"Value":0.5},"BPNeed":{"Value":-1},"SkillNeed":{"Hash":371857150},"DelayRatio":{"Value":1},"ParamList":[{"Value":0.288},{"Value":4},{"Value":0.72}],"SimpleParamList":[{"Value":0.288},{"Value":4},{"Value":0.72}],"StanceDamageType":"Ice","AttackType":"Servant","SkillEffect":"AoEAttack"},"5":{"SkillID":1800701,"SkillName":{"Hash":-931730861},"SkillTag":{"Hash":-408639189},"SkillTypeDesc":{"Hash":1616413225},"Level":5,"MaxLevel":10,"SkillTriggerKey":"Skill01","SkillIcon":"SpriteOutput/SkillIcons/Avatar/8007/SkillIcon_18007_Servant01.png","UltraSkillIcon":"","SkillDesc":{"Hash":-1518920879},"SimpleSkillDesc":{"Hash":-1010362477},"RatedSkillTreeID":[8007102,8007103,8008102,8008103],"RatedRankID":[800701,800801],"ExtraEffectIDList":[],"SimpleExtraEffectIDList":[],"ShowStanceList":[{"Value":15},{"Value":30},{"Value":0}],"StanceDamageDisplay":15,"SPBase":{"Value":10},"SPMultipleRatio":{"Value":0.5},"BPNeed":{"Value":-1},"SkillNeed":{"Hash":371857150},"DelayRatio":{"Value":1},"ParamList":[{"Value":0.324},{"Value":4},{"Value":0.81}],"SimpleParamList":[{"Value":0.324},{"Value":4},{"Value":0.81}],"StanceDamageType":"Ice","AttackType":"Servant","SkillEffect":"AoEAttack"},"6":{"SkillID":1800701,"SkillName":{"Hash":-931730861},"SkillTag":{"Hash":-408639189},"SkillTypeDesc":{"Hash":1616413225},"Level":6,"MaxLevel":10,"SkillTriggerKey":"Skill01","SkillIcon":"SpriteOutput/SkillIcons/Avatar/8007/SkillIcon_18007_Servant01.png","UltraSkillIcon":"","SkillDesc":{"Hash":-1518920879},"SimpleSkillDesc":{"Hash":-1010362477},"RatedSkillTreeID":[8007102,8007103,8008102,8008103],"RatedRankID":[800701,800801],"ExtraEffectIDList":[],"SimpleExtraEffectIDList":[],"ShowStanceList":[{"Value":15},{"Value":30},{"Value":0}],"StanceDamageDisplay":15,"SPBase":{"Value":10},"SPMultipleRatio":{"Value":0.5},"BPNeed":{"Value":-1},"SkillNeed":{"Hash":371857150},"DelayRatio":{"Value":1},"ParamList":[{"Value":0.36},{"Value":4},{"Value":0.9}],"SimpleParamList":[{"Value":0.36},{"Value":4},{"Value":0.9}],"StanceDamageType":"Ice","AttackType":"Servant","SkillEffect":"AoEAttack"},"7":{"SkillID":1800701,"SkillName":{"Hash":-931730861},"SkillTag":{"Hash":-408639189},"SkillTypeDesc":{"Hash":1616413225},"Level":7,"MaxLevel":10,"SkillTriggerKey":"Skill01","SkillIcon":"SpriteOutput/SkillIcons/Avatar/8007/SkillIcon_18007_Servant01.png","UltraSkillIcon":"","SkillDesc":{"Hash":-1518920879},"SimpleSkillDesc":{"Hash":-1010362477},"RatedSkillTreeID":[8007102,8007103,8008102,8008103],"RatedRankID":[800701,800801],"ExtraEffectIDList":[],"SimpleExtraEffectIDList":[],"ShowStanceList":[{"Value":15},{"Value":30},{"Value":0}],"StanceDamageDisplay":15,"SPBase":{"Value":10},"SPMultipleRatio":{"Value":0.5},"BPNeed":{"Value":-1},"SkillNeed":{"Hash":371857150},"DelayRatio":{"Value":1},"ParamList":[{"Value":0.396},{"Value":4},{"Value":0.99}],"SimpleParamList":[{"Value":0.396},{"Value":4},{"Value":0.99}],"StanceDamageType":"Ice","AttackType":"Servant","SkillEffect":"AoEAttack"},"8":{"SkillID":1800701,"SkillName":{"Hash":-931730861},"SkillTag":{"Hash":-408639189},"SkillTypeDesc":{"Hash":1616413225},"Level":8,"MaxLevel":10,"SkillTriggerKey":"Skill01","SkillIcon":"SpriteOutput/SkillIcons/Avatar/8007/SkillIcon_18007_Servant01.png","UltraSkillIcon":"","SkillDesc":{"Hash":-1518920879},"SimpleSkillDesc":{"Hash":-1010362477},"RatedSkillTreeID":[8007102,8007103,8008102,8008103],"RatedRankID":[800701,800801],"ExtraEffectIDList":[],"SimpleExtraEffectIDList":[],"ShowStanceList":[{"Value":15},{"Value":30},{"Value":0}],"StanceDamageDisplay":15,"SPBase":{"Value":10},"SPMultipleRatio":{"Value":0.5},"BPNeed":{"Value":-1},"SkillNeed":{"Hash":371857150},"DelayRatio":{"Value":1},"ParamList":[{"Value":0.432},{"Value":4},{"Value":1.08}],"SimpleParamList":[{"Value":0.432},{"Value":4},{"Value":1.08}],"StanceDamageType":"Ice","AttackType":"Servant","SkillEffect":"AoEAttack"},"9":{"SkillID":1800701,"SkillName":{"Hash":-931730861},"SkillTag":{"Hash":-408639189},"SkillTypeDesc":{"Hash":1616413225},"Level":9,"MaxLevel":10,"SkillTriggerKey":"Skill01","SkillIcon":"SpriteOutput/SkillIcons/Avatar/8007/SkillIcon_18007_Servant01.png","UltraSkillIcon":"","SkillDesc":{"Hash":-1518920879},"SimpleSkillDesc":{"Hash":-1010362477},"RatedSkillTreeID":[8007102,8007103,8008102,8008103],"RatedRankID":[800701,800801],"ExtraEffectIDList":[],"SimpleExtraEffectIDList":[],"ShowStanceList":[{"Value":15},{"Value":30},{"Value":0}],"StanceDamageDisplay":15,"SPBase":{"Value":10},"SPMultipleRatio":{"Value":0.5},"BPNeed":{"Value":-1},"SkillNeed":{"Hash":371857150},"DelayRatio":{"Value":1},"ParamList":[{"Value":0.468},{"Value":4},{"Value":1.17}],"SimpleParamList":[{"Value":0.468},{"Value":4},{"Value":1.17}],"StanceDamageType":"Ice","AttackType":"Servant","SkillEffect":"AoEAttack"},"10":{"SkillID":1800701,"SkillName":{"Hash":-931730861},"SkillTag":{"Hash":-408639189},"SkillTypeDesc":{"Hash":1616413225},"Level":10,"MaxLevel":10,"SkillTriggerKey":"Skill01","SkillIcon":"SpriteOutput/SkillIcons/Avatar/8007/SkillIcon_18007_Servant01.png","UltraSkillIcon":"","SkillDesc":{"Hash":-1518920879},"SimpleSkillDesc":{"Hash":-1010362477},"RatedSkillTreeID":[8007102,8007103,8008102,8008103],"RatedRankID":[800701,800801],"ExtraEffectIDList":[],"SimpleExtraEffectIDList":[],"ShowStanceList":[{"Value":15},{"Value":30},{"Value":0}],"StanceDamageDisplay":15,"SPBase":{"Value":10},"SPMultipleRatio":{"Value":0.5},"BPNeed":{"Value":-1},"SkillNeed":{"Hash":371857150},"DelayRatio":{"Value":1},"ParamList":[{"Value":0.504},{"Value":4},{"Value":1.26}],"SimpleParamList":[{"Value":0.504},{"Value":4},{"Value":1.26}],"StanceDamageType":"Ice","AttackType":"Servant","SkillEffect":"AoEAttack"}},"1800703":{"1":{"SkillID":1800703,"SkillName":{"Hash":-2094530275},"SkillTag":{"Hash":1560729279},"SkillTypeDesc":{"Hash":50329284},"Level":1,"MaxLevel":10,"SkillTriggerKey":"SkillP01","SkillIcon":"SpriteOutput/SkillIcons/Avatar/8007/SkillIcon_18007_ServantPassive.png","UltraSkillIcon":"","SkillDesc":{"Hash":-356121465},"SimpleSkillDesc":{"Hash":152436937},"RatedSkillTreeID":[],"RatedRankID":[],"ExtraEffectIDList":[],"SimpleExtraEffectIDList":[10000001,10000017],"ShowStanceList":[{"Value":0},{"Value":0},{"Value":0}],"SPMultipleRatio":{"Value":0.5},"BPNeed":{"Value":-1},"SkillNeed":{"Hash":371857150},"DelayRatio":{"Value":1},"ParamList":[{"Value":0.06},{"Value":0.12}],"SimpleParamList":[{"Value":0.06},{"Value":0.12}],"SkillEffect":"Support"},"2":{"SkillID":1800703,"SkillName":{"Hash":-2094530275},"SkillTag":{"Hash":1560729279},"SkillTypeDesc":{"Hash":50329284},"Level":2,"MaxLevel":10,"SkillTriggerKey":"SkillP01","SkillIcon":"SpriteOutput/SkillIcons/Avatar/8007/SkillIcon_18007_ServantPassive.png","UltraSkillIcon":"","SkillDesc":{"Hash":-356121465},"SimpleSkillDesc":{"Hash":152436937},"RatedSkillTreeID":[],"RatedRankID":[],"ExtraEffectIDList":[],"SimpleExtraEffectIDList":[10000001,10000017],"ShowStanceList":[{"Value":0},{"Value":0},{"Value":0}],"SPMultipleRatio":{"Value":0.5},"BPNeed":{"Value":-1},"SkillNeed":{"Hash":371857150},"DelayRatio":{"Value":1},"ParamList":[{"Value":0.072},{"Value":0.144}],"SimpleParamList":[{"Value":0.072},{"Value":0.144}],"SkillEffect":"Support"},"3":{"SkillID":1800703,"SkillName":{"Hash":-2094530275},"SkillTag":{"Hash":1560729279},"SkillTypeDesc":{"Hash":50329284},"Level":3,"MaxLevel":10,"SkillTriggerKey":"SkillP01","SkillIcon":"SpriteOutput/SkillIcons/Avatar/8007/SkillIcon_18007_ServantPassive.png","UltraSkillIcon":"","SkillDesc":{"Hash":-356121465},"SimpleSkillDesc":{"Hash":152436937},"RatedSkillTreeID":[],"RatedRankID":[],"ExtraEffectIDList":[],"SimpleExtraEffectIDList":[10000001,10000017],"ShowStanceList":[{"Value":0},{"Value":0},{"Value":0}],"SPMultipleRatio":{"Value":0.5},"BPNeed":{"Value":-1},"SkillNeed":{"Hash":371857150},"DelayRatio":{"Value":1},"ParamList":[{"Value":0.084},{"Value":0.168}],"SimpleParamList":[{"Value":0.084},{"Value":0.168}],"SkillEffect":"Support"},"4":{"SkillID":1800703,"SkillName":{"Hash":-2094530275},"SkillTag":{"Hash":1560729279},"SkillTypeDesc":{"Hash":50329284},"Level":4,"MaxLevel":10,"SkillTriggerKey":"SkillP01","SkillIcon":"SpriteOutput/SkillIcons/Avatar/8007/SkillIcon_18007_ServantPassive.png","UltraSkillIcon":"","SkillDesc":{"Hash":-356121465},"SimpleSkillDesc":{"Hash":152436937},"RatedSkillTreeID":[],"RatedRankID":[],"ExtraEffectIDList":[],"SimpleExtraEffectIDList":[10000001,10000017],"ShowStanceList":[{"Value":0},{"Value":0},{"Value":0}],"SPMultipleRatio":{"Value":0.5},"BPNeed":{"Value":-1},"SkillNeed":{"Hash":371857150},"DelayRatio":{"Value":1},"ParamList":[{"Value":0.096},{"Value":0.192}],"SimpleParamList":[{"Value":0.096},{"Value":0.192}],"SkillEffect":"Support"},"5":{"SkillID":1800703,"SkillName":{"Hash":-2094530275},"SkillTag":{"Hash":1560729279},"SkillTypeDesc":{"Hash":50329284},"Level":5,"MaxLevel":10,"SkillTriggerKey":"SkillP01","SkillIcon":"SpriteOutput/SkillIcons/Avatar/8007/SkillIcon_18007_ServantPassive.png","UltraSkillIcon":"","SkillDesc":{"Hash":-356121465},"SimpleSkillDesc":{"Hash":152436937},"RatedSkillTreeID":[],"RatedRankID":[],"ExtraEffectIDList":[],"SimpleExtraEffectIDList":[10000001,10000017],"ShowStanceList":[{"Value":0},{"Value":0},{"Value":0}],"SPMultipleRatio":{"Value":0.5},"BPNeed":{"Value":-1},"SkillNeed":{"Hash":371857150},"DelayRatio":{"Value":1},"ParamList":[{"Value":0.108},{"Value":0.216}],"SimpleParamList":[{"Value":0.108},{"Value":0.216}],"SkillEffect":"Support"},"6":{"SkillID":1800703,"SkillName":{"Hash":-2094530275},"SkillTag":{"Hash":1560729279},"SkillTypeDesc":{"Hash":50329284},"Level":6,"MaxLevel":10,"SkillTriggerKey":"SkillP01","SkillIcon":"SpriteOutput/SkillIcons/Avatar/8007/SkillIcon_18007_ServantPassive.png","UltraSkillIcon":"","SkillDesc":{"Hash":-356121465},"SimpleSkillDesc":{"Hash":152436937},"RatedSkillTreeID":[],"RatedRankID":[],"ExtraEffectIDList":[],"SimpleExtraEffectIDList":[10000001,10000017],"ShowStanceList":[{"Value":0},{"Value":0},{"Value":0}],"SPMultipleRatio":{"Value":0.5},"BPNeed":{"Value":-1},"SkillNeed":{"Hash":371857150},"DelayRatio":{"Value":1},"ParamList":[{"Value":0.12},{"Value":0.24}],"SimpleParamList":[{"Value":0.12},{"Value":0.24}],"SkillEffect":"Support"},"7":{"SkillID":1800703,"SkillName":{"Hash":-2094530275},"SkillTag":{"Hash":1560729279},"SkillTypeDesc":{"Hash":50329284},"Level":7,"MaxLevel":10,"SkillTriggerKey":"SkillP01","SkillIcon":"SpriteOutput/SkillIcons/Avatar/8007/SkillIcon_18007_ServantPassive.png","UltraSkillIcon":"","SkillDesc":{"Hash":-356121465},"SimpleSkillDesc":{"Hash":152436937},"RatedSkillTreeID":[],"RatedRankID":[],"ExtraEffectIDList":[],"SimpleExtraEffectIDList":[10000001,10000017],"ShowStanceList":[{"Value":0},{"Value":0},{"Value":0}],"SPMultipleRatio":{"Value":0.5},"BPNeed":{"Value":-1},"SkillNeed":{"Hash":371857150},"DelayRatio":{"Value":1},"ParamList":[{"Value":0.132},{"Value":0.264}],"SimpleParamList":[{"Value":0.132},{"Value":0.264}],"SkillEffect":"Support"},"8":{"SkillID":1800703,"SkillName":{"Hash":-2094530275},"SkillTag":{"Hash":1560729279},"SkillTypeDesc":{"Hash":50329284},"Level":8,"MaxLevel":10,"SkillTriggerKey":"SkillP01","SkillIcon":"SpriteOutput/SkillIcons/Avatar/8007/SkillIcon_18007_ServantPassive.png","UltraSkillIcon":"","SkillDesc":{"Hash":-356121465},"SimpleSkillDesc":{"Hash":152436937},"RatedSkillTreeID":[],"RatedRankID":[],"ExtraEffectIDList":[],"SimpleExtraEffectIDList":[10000001,10000017],"ShowStanceList":[{"Value":0},{"Value":0},{"Value":0}],"SPMultipleRatio":{"Value":0.5},"BPNeed":{"Value":-1},"SkillNeed":{"Hash":371857150},"DelayRatio":{"Value":1},"ParamList":[{"Value":0.144},{"Value":0.288}],"SimpleParamList":[{"Value":0.144},{"Value":0.288}],"SkillEffect":"Support"},"9":{"SkillID":1800703,"SkillName":{"Hash":-2094530275},"SkillTag":{"Hash":1560729279},"SkillTypeDesc":{"Hash":50329284},"Level":9,"MaxLevel":10,"SkillTriggerKey":"SkillP01","SkillIcon":"SpriteOutput/SkillIcons/Avatar/8007/SkillIcon_18007_ServantPassive.png","UltraSkillIcon":"","SkillDesc":{"Hash":-356121465},"SimpleSkillDesc":{"Hash":152436937},"RatedSkillTreeID":[],"RatedRankID":[],"ExtraEffectIDList":[],"SimpleExtraEffectIDList":[10000001,10000017],"ShowStanceList":[{"Value":0},{"Value":0},{"Value":0}],"SPMultipleRatio":{"Value":0.5},"BPNeed":{"Value":-1},"SkillNeed":{"Hash":371857150},"DelayRatio":{"Value":1},"ParamList":[{"Value":0.156},{"Value":0.312}],"SimpleParamList":[{"Value":0.156},{"Value":0.312}],"SkillEffect":"Support"},"10":{"SkillID":1800703,"SkillName":{"Hash":-2094530275},"SkillTag":{"Hash":1560729279},"SkillTypeDesc":{"Hash":50329284},"Level":10,"MaxLevel":10,"SkillTriggerKey":"SkillP01","SkillIcon":"SpriteOutput/SkillIcons/Avatar/8007/SkillIcon_18007_ServantPassive.png","UltraSkillIcon":"","SkillDesc":{"Hash":-356121465},"SimpleSkillDesc":{"Hash":152436937},"RatedSkillTreeID":[],"RatedRankID":[],"ExtraEffectIDList":[],"SimpleExtraEffectIDList":[10000001,10000017],"ShowStanceList":[{"Value":0},{"Value":0},{"Value":0}],"SPMultipleRatio":{"Value":0.5},"BPNeed":{"Value":-1},"SkillNeed":{"Hash":371857150},"DelayRatio":{"Value":1},"ParamList":[{"Value":0.168},{"Value":0.336}],"SimpleParamList":[{"Value":0.168},{"Value":0.336}],"SkillEffect":"Support"}},"1800705":{"1":{"SkillID":1800705,"SkillName":{"Hash":1393867967},"SkillTag":{"Hash":1323314287},"SkillTypeDesc":{"Hash":50329284},"Level":1,"MaxLevel":10,"SkillTriggerKey":"SkillP03","SkillIcon":"SpriteOutput/SkillIcons/Avatar/8007/SkillIcon_18007_ServantPassive.png","UltraSkillIcon":"","SkillDesc":{"Hash":806677949},"SimpleSkillDesc":{"Hash":959005991},"RatedSkillTreeID":[],"RatedRankID":[],"ExtraEffectIDList":[],"SimpleExtraEffectIDList":[],"ShowStanceList":[{"Value":0},{"Value":0},{"Value":0}],"SPMultipleRatio":{"Value":0.5},"BPNeed":{"Value":-1},"SkillNeed":{"Hash":371857150},"DelayRatio":{"Value":1},"ParamList":[{"Value":0.5}],"SimpleParamList":[{"Value":0.5}],"SkillEffect":"Enhance"},"2":{"SkillID":1800705,"SkillName":{"Hash":1393867967},"SkillTag":{"Hash":1323314287},"SkillTypeDesc":{"Hash":50329284},"Level":2,"MaxLevel":10,"SkillTriggerKey":"SkillP03","SkillIcon":"SpriteOutput/SkillIcons/Avatar/8007/SkillIcon_18007_ServantPassive.png","UltraSkillIcon":"","SkillDesc":{"Hash":806677949},"SimpleSkillDesc":{"Hash":959005991},"RatedSkillTreeID":[],"RatedRankID":[],"ExtraEffectIDList":[],"SimpleExtraEffectIDList":[],"ShowStanceList":[{"Value":0},{"Value":0},{"Value":0}],"SPMultipleRatio":{"Value":0.5},"BPNeed":{"Value":-1},"SkillNeed":{"Hash":371857150},"DelayRatio":{"Value":1},"ParamList":[{"Value":0.5}],"SimpleParamList":[{"Value":0.5}],"SkillEffect":"Enhance"},"3":{"SkillID":1800705,"SkillName":{"Hash":1393867967},"SkillTag":{"Hash":1323314287},"SkillTypeDesc":{"Hash":50329284},"Level":3,"MaxLevel":10,"SkillTriggerKey":"SkillP03","SkillIcon":"SpriteOutput/SkillIcons/Avatar/8007/SkillIcon_18007_ServantPassive.png","UltraSkillIcon":"","SkillDesc":{"Hash":806677949},"SimpleSkillDesc":{"Hash":959005991},"RatedSkillTreeID":[],"RatedRankID":[],"ExtraEffectIDList":[],"SimpleExtraEffectIDList":[],"ShowStanceList":[{"Value":0},{"Value":0},{"Value":0}],"SPMultipleRatio":{"Value":0.5},"BPNeed":{"Value":-1},"SkillNeed":{"Hash":371857150},"DelayRatio":{"Value":1},"ParamList":[{"Value":0.5}],"SimpleParamList":[{"Value":0.5}],"SkillEffect":"Enhance"},"4":{"SkillID":1800705,"SkillName":{"Hash":1393867967},"SkillTag":{"Hash":1323314287},"SkillTypeDesc":{"Hash":50329284},"Level":4,"MaxLevel":10,"SkillTriggerKey":"SkillP03","SkillIcon":"SpriteOutput/SkillIcons/Avatar/8007/SkillIcon_18007_ServantPassive.png","UltraSkillIcon":"","SkillDesc":{"Hash":806677949},"SimpleSkillDesc":{"Hash":959005991},"RatedSkillTreeID":[],"RatedRankID":[],"ExtraEffectIDList":[],"SimpleExtraEffectIDList":[],"ShowStanceList":[{"Value":0},{"Value":0},{"Value":0}],"SPMultipleRatio":{"Value":0.5},"BPNeed":{"Value":-1},"SkillNeed":{"Hash":371857150},"DelayRatio":{"Value":1},"ParamList":[{"Value":0.5}],"SimpleParamList":[{"Value":0.5}],"SkillEffect":"Enhance"},"5":{"SkillID":1800705,"SkillName":{"Hash":1393867967},"SkillTag":{"Hash":1323314287},"SkillTypeDesc":{"Hash":50329284},"Level":5,"MaxLevel":10,"SkillTriggerKey":"SkillP03","SkillIcon":"SpriteOutput/SkillIcons/Avatar/8007/SkillIcon_18007_ServantPassive.png","UltraSkillIcon":"","SkillDesc":{"Hash":806677949},"SimpleSkillDesc":{"Hash":959005991},"RatedSkillTreeID":[],"RatedRankID":[],"ExtraEffectIDList":[],"SimpleExtraEffectIDList":[],"ShowStanceList":[{"Value":0},{"Value":0},{"Value":0}],"SPMultipleRatio":{"Value":0.5},"BPNeed":{"Value":-1},"SkillNeed":{"Hash":371857150},"DelayRatio":{"Value":1},"ParamList":[{"Value":0.5}],"SimpleParamList":[{"Value":0.5}],"SkillEffect":"Enhance"},"6":{"SkillID":1800705,"SkillName":{"Hash":1393867967},"SkillTag":{"Hash":1323314287},"SkillTypeDesc":{"Hash":50329284},"Level":6,"MaxLevel":10,"SkillTriggerKey":"SkillP03","SkillIcon":"SpriteOutput/SkillIcons/Avatar/8007/SkillIcon_18007_ServantPassive.png","UltraSkillIcon":"","SkillDesc":{"Hash":806677949},"SimpleSkillDesc":{"Hash":959005991},"RatedSkillTreeID":[],"RatedRankID":[],"ExtraEffectIDList":[],"SimpleExtraEffectIDList":[],"ShowStanceList":[{"Value":0},{"Value":0},{"Value":0}],"SPMultipleRatio":{"Value":0.5},"BPNeed":{"Value":-1},"SkillNeed":{"Hash":371857150},"DelayRatio":{"Value":1},"ParamList":[{"Value":0.5}],"SimpleParamList":[{"Value":0.5}],"SkillEffect":"Enhance"},"7":{"SkillID":1800705,"SkillName":{"Hash":1393867967},"SkillTag":{"Hash":1323314287},"SkillTypeDesc":{"Hash":50329284},"Level":7,"MaxLevel":10,"SkillTriggerKey":"SkillP03","SkillIcon":"SpriteOutput/SkillIcons/Avatar/8007/SkillIcon_18007_ServantPassive.png","UltraSkillIcon":"","SkillDesc":{"Hash":806677949},"SimpleSkillDesc":{"Hash":959005991},"RatedSkillTreeID":[],"RatedRankID":[],"ExtraEffectIDList":[],"SimpleExtraEffectIDList":[],"ShowStanceList":[{"Value":0},{"Value":0},{"Value":0}],"SPMultipleRatio":{"Value":0.5},"BPNeed":{"Value":-1},"SkillNeed":{"Hash":371857150},"DelayRatio":{"Value":1},"ParamList":[{"Value":0.5}],"SimpleParamList":[{"Value":0.5}],"SkillEffect":"Enhance"},"8":{"SkillID":1800705,"SkillName":{"Hash":1393867967},"SkillTag":{"Hash":1323314287},"SkillTypeDesc":{"Hash":50329284},"Level":8,"MaxLevel":10,"SkillTriggerKey":"SkillP03","SkillIcon":"SpriteOutput/SkillIcons/Avatar/8007/SkillIcon_18007_ServantPassive.png","UltraSkillIcon":"","SkillDesc":{"Hash":806677949},"SimpleSkillDesc":{"Hash":959005991},"RatedSkillTreeID":[],"RatedRankID":[],"ExtraEffectIDList":[],"SimpleExtraEffectIDList":[],"ShowStanceList":[{"Value":0},{"Value":0},{"Value":0}],"SPMultipleRatio":{"Value":0.5},"BPNeed":{"Value":-1},"SkillNeed":{"Hash":371857150},"DelayRatio":{"Value":1},"ParamList":[{"Value":0.5}],"SimpleParamList":[{"Value":0.5}],"SkillEffect":"Enhance"},"9":{"SkillID":1800705,"SkillName":{"Hash":1393867967},"SkillTag":{"Hash":1323314287},"SkillTypeDesc":{"Hash":50329284},"Level":9,"MaxLevel":10,"SkillTriggerKey":"SkillP03","SkillIcon":"SpriteOutput/SkillIcons/Avatar/8007/SkillIcon_18007_ServantPassive.png","UltraSkillIcon":"","SkillDesc":{"Hash":806677949},"SimpleSkillDesc":{"Hash":959005991},"RatedSkillTreeID":[],"RatedRankID":[],"ExtraEffectIDList":[],"SimpleExtraEffectIDList":[],"ShowStanceList":[{"Value":0},{"Value":0},{"Value":0}],"SPMultipleRatio":{"Value":0.5},"BPNeed":{"Value":-1},"SkillNeed":{"Hash":371857150},"DelayRatio":{"Value":1},"ParamList":[{"Value":0.5}],"SimpleParamList":[{"Value":0.5}],"SkillEffect":"Enhance"},"10":{"SkillID":1800705,"SkillName":{"Hash":1393867967},"SkillTag":{"Hash":1323314287},"SkillTypeDesc":{"Hash":50329284},"Level":10,"MaxLevel":10,"SkillTriggerKey":"SkillP03","SkillIcon":"SpriteOutput/SkillIcons/Avatar/8007/SkillIcon_18007_ServantPassive.png","UltraSkillIcon":"","SkillDesc":{"Hash":806677949},"SimpleSkillDesc":{"Hash":959005991},"RatedSkillTreeID":[],"RatedRankID":[],"ExtraEffectIDList":[],"SimpleExtraEffectIDList":[],"ShowStanceList":[{"Value":0},{"Value":0},{"Value":0}],"SPMultipleRatio":{"Value":0.5},"BPNeed":{"Value":-1},"SkillNeed":{"Hash":371857150},"DelayRatio":{"Value":1},"ParamList":[{"Value":0.5}],"SimpleParamList":[{"Value":0.5}],"SkillEffect":"Enhance"}},"1800706":{"1":{"SkillID":1800706,"SkillName":{"Hash":-1335015388},"SkillTag":{"Hash":1323314287},"SkillTypeDesc":{"Hash":50329284},"Level":1,"MaxLevel":10,"SkillTriggerKey":"SkillP04","SkillIcon":"SpriteOutput/SkillIcons/Avatar/8007/SkillIcon_18007_ServantPassive.png","UltraSkillIcon":"","SkillDesc":{"Hash":403393422},"SimpleSkillDesc":{"Hash":555721464},"RatedSkillTreeID":[],"RatedRankID":[],"ExtraEffectIDList":[10000001],"SimpleExtraEffectIDList":[10000001],"ShowStanceList":[{"Value":0},{"Value":0},{"Value":0}],"SPMultipleRatio":{"Value":0.5},"BPNeed":{"Value":-1},"SkillNeed":{"Hash":371857150},"DelayRatio":{"Value":1},"ParamList":[{"Value":0.25}],"SimpleParamList":[{"Value":0.25}],"SkillEffect":"Enhance"},"2":{"SkillID":1800706,"SkillName":{"Hash":-1335015388},"SkillTag":{"Hash":1323314287},"SkillTypeDesc":{"Hash":50329284},"Level":2,"MaxLevel":10,"SkillTriggerKey":"SkillP04","SkillIcon":"SpriteOutput/SkillIcons/Avatar/8007/SkillIcon_18007_ServantPassive.png","UltraSkillIcon":"","SkillDesc":{"Hash":403393422},"SimpleSkillDesc":{"Hash":555721464},"RatedSkillTreeID":[],"RatedRankID":[],"ExtraEffectIDList":[10000001],"SimpleExtraEffectIDList":[10000001],"ShowStanceList":[{"Value":0},{"Value":0},{"Value":0}],"SPMultipleRatio":{"Value":0.5},"BPNeed":{"Value":-1},"SkillNeed":{"Hash":371857150},"DelayRatio":{"Value":1},"ParamList":[{"Value":0.25}],"SimpleParamList":[{"Value":0.25}],"SkillEffect":"Enhance"},"3":{"SkillID":1800706,"SkillName":{"Hash":-1335015388},"SkillTag":{"Hash":1323314287},"SkillTypeDesc":{"Hash":50329284},"Level":3,"MaxLevel":10,"SkillTriggerKey":"SkillP04","SkillIcon":"SpriteOutput/SkillIcons/Avatar/8007/SkillIcon_18007_ServantPassive.png","UltraSkillIcon":"","SkillDesc":{"Hash":403393422},"SimpleSkillDesc":{"Hash":555721464},"RatedSkillTreeID":[],"RatedRankID":[],"ExtraEffectIDList":[10000001],"SimpleExtraEffectIDList":[10000001],"ShowStanceList":[{"Value":0},{"Value":0},{"Value":0}],"SPMultipleRatio":{"Value":0.5},"BPNeed":{"Value":-1},"SkillNeed":{"Hash":371857150},"DelayRatio":{"Value":1},"ParamList":[{"Value":0.25}],"SimpleParamList":[{"Value":0.25}],"SkillEffect":"Enhance"},"4":{"SkillID":1800706,"SkillName":{"Hash":-1335015388},"SkillTag":{"Hash":1323314287},"SkillTypeDesc":{"Hash":50329284},"Level":4,"MaxLevel":10,"SkillTriggerKey":"SkillP04","SkillIcon":"SpriteOutput/SkillIcons/Avatar/8007/SkillIcon_18007_ServantPassive.png","UltraSkillIcon":"","SkillDesc":{"Hash":403393422},"SimpleSkillDesc":{"Hash":555721464},"RatedSkillTreeID":[],"RatedRankID":[],"ExtraEffectIDList":[10000001],"SimpleExtraEffectIDList":[10000001],"ShowStanceList":[{"Value":0},{"Value":0},{"Value":0}],"SPMultipleRatio":{"Value":0.5},"BPNeed":{"Value":-1},"SkillNeed":{"Hash":371857150},"DelayRatio":{"Value":1},"ParamList":[{"Value":0.25}],"SimpleParamList":[{"Value":0.25}],"SkillEffect":"Enhance"},"5":{"SkillID":1800706,"SkillName":{"Hash":-1335015388},"SkillTag":{"Hash":1323314287},"SkillTypeDesc":{"Hash":50329284},"Level":5,"MaxLevel":10,"SkillTriggerKey":"SkillP04","SkillIcon":"SpriteOutput/SkillIcons/Avatar/8007/SkillIcon_18007_ServantPassive.png","UltraSkillIcon":"","SkillDesc":{"Hash":403393422},"SimpleSkillDesc":{"Hash":555721464},"RatedSkillTreeID":[],"RatedRankID":[],"ExtraEffectIDList":[10000001],"SimpleExtraEffectIDList":[10000001],"ShowStanceList":[{"Value":0},{"Value":0},{"Value":0}],"SPMultipleRatio":{"Value":0.5},"BPNeed":{"Value":-1},"SkillNeed":{"Hash":371857150},"DelayRatio":{"Value":1},"ParamList":[{"Value":0.25}],"SimpleParamList":[{"Value":0.25}],"SkillEffect":"Enhance"},"6":{"SkillID":1800706,"SkillName":{"Hash":-1335015388},"SkillTag":{"Hash":1323314287},"SkillTypeDesc":{"Hash":50329284},"Level":6,"MaxLevel":10,"SkillTriggerKey":"SkillP04","SkillIcon":"SpriteOutput/SkillIcons/Avatar/8007/SkillIcon_18007_ServantPassive.png","UltraSkillIcon":"","SkillDesc":{"Hash":403393422},"SimpleSkillDesc":{"Hash":555721464},"RatedSkillTreeID":[],"RatedRankID":[],"ExtraEffectIDList":[10000001],"SimpleExtraEffectIDList":[10000001],"ShowStanceList":[{"Value":0},{"Value":0},{"Value":0}],"SPMultipleRatio":{"Value":0.5},"BPNeed":{"Value":-1},"SkillNeed":{"Hash":371857150},"DelayRatio":{"Value":1},"ParamList":[{"Value":0.25}],"SimpleParamList":[{"Value":0.25}],"SkillEffect":"Enhance"},"7":{"SkillID":1800706,"SkillName":{"Hash":-1335015388},"SkillTag":{"Hash":1323314287},"SkillTypeDesc":{"Hash":50329284},"Level":7,"MaxLevel":10,"SkillTriggerKey":"SkillP04","SkillIcon":"SpriteOutput/SkillIcons/Avatar/8007/SkillIcon_18007_ServantPassive.png","UltraSkillIcon":"","SkillDesc":{"Hash":403393422},"SimpleSkillDesc":{"Hash":555721464},"RatedSkillTreeID":[],"RatedRankID":[],"ExtraEffectIDList":[10000001],"SimpleExtraEffectIDList":[10000001],"ShowStanceList":[{"Value":0},{"Value":0},{"Value":0}],"SPMultipleRatio":{"Value":0.5},"BPNeed":{"Value":-1},"SkillNeed":{"Hash":371857150},"DelayRatio":{"Value":1},"ParamList":[{"Value":0.25}],"SimpleParamList":[{"Value":0.25}],"SkillEffect":"Enhance"},"8":{"SkillID":1800706,"SkillName":{"Hash":-1335015388},"SkillTag":{"Hash":1323314287},"SkillTypeDesc":{"Hash":50329284},"Level":8,"MaxLevel":10,"SkillTriggerKey":"SkillP04","SkillIcon":"SpriteOutput/SkillIcons/Avatar/8007/SkillIcon_18007_ServantPassive.png","UltraSkillIcon":"","SkillDesc":{"Hash":403393422},"SimpleSkillDesc":{"Hash":555721464},"RatedSkillTreeID":[],"RatedRankID":[],"ExtraEffectIDList":[10000001],"SimpleExtraEffectIDList":[10000001],"ShowStanceList":[{"Value":0},{"Value":0},{"Value":0}],"SPMultipleRatio":{"Value":0.5},"BPNeed":{"Value":-1},"SkillNeed":{"Hash":371857150},"DelayRatio":{"Value":1},"ParamList":[{"Value":0.25}],"SimpleParamList":[{"Value":0.25}],"SkillEffect":"Enhance"},"9":{"SkillID":1800706,"SkillName":{"Hash":-1335015388},"SkillTag":{"Hash":1323314287},"SkillTypeDesc":{"Hash":50329284},"Level":9,"MaxLevel":10,"SkillTriggerKey":"SkillP04","SkillIcon":"SpriteOutput/SkillIcons/Avatar/8007/SkillIcon_18007_ServantPassive.png","UltraSkillIcon":"","SkillDesc":{"Hash":403393422},"SimpleSkillDesc":{"Hash":555721464},"RatedSkillTreeID":[],"RatedRankID":[],"ExtraEffectIDList":[10000001],"SimpleExtraEffectIDList":[10000001],"ShowStanceList":[{"Value":0},{"Value":0},{"Value":0}],"SPMultipleRatio":{"Value":0.5},"BPNeed":{"Value":-1},"SkillNeed":{"Hash":371857150},"DelayRatio":{"Value":1},"ParamList":[{"Value":0.25}],"SimpleParamList":[{"Value":0.25}],"SkillEffect":"Enhance"},"10":{"SkillID":1800706,"SkillName":{"Hash":-1335015388},"SkillTag":{"Hash":1323314287},"SkillTypeDesc":{"Hash":50329284},"Level":10,"MaxLevel":10,"SkillTriggerKey":"SkillP04","SkillIcon":"SpriteOutput/SkillIcons/Avatar/8007/SkillIcon_18007_ServantPassive.png","UltraSkillIcon":"","SkillDesc":{"Hash":403393422},"SimpleSkillDesc":{"Hash":555721464},"RatedSkillTreeID":[],"RatedRankID":[],"ExtraEffectIDList":[10000001],"SimpleExtraEffectIDList":[10000001],"ShowStanceList":[{"Value":0},{"Value":0},{"Value":0}],"SPMultipleRatio":{"Value":0.5},"BPNeed":{"Value":-1},"SkillNeed":{"Hash":371857150},"DelayRatio":{"Value":1},"ParamList":[{"Value":0.25}],"SimpleParamList":[{"Value":0.25}],"SkillEffect":"Enhance"}},"1800707":{"1":{"SkillID":1800707,"SkillName":{"Hash":231068553},"SkillTag":{"Hash":1560729279},"SkillTypeDesc":{"Hash":1616413225},"Level":1,"MaxLevel":10,"SkillTriggerKey":"Skill11","SkillIcon":"SpriteOutput/SkillIcons/Avatar/8007/SkillIcon_18007_Servant02.png","UltraSkillIcon":"","SkillDesc":{"Hash":1969477363},"SimpleSkillDesc":{"Hash":2121805405},"RatedSkillTreeID":[],"RatedRankID":[],"ExtraEffectIDList":[10000001,10000017],"SimpleExtraEffectIDList":[10000001,10000017],"ShowStanceList":[{"Value":0},{"Value":0},{"Value":0}],"SPBase":{"Value":10},"SPMultipleRatio":{"Value":0.5},"BPNeed":{"Value":-1},"SkillNeed":{"Hash":2011805632},"DelayRatio":{"Value":1},"ParamList":[{"Value":0.18},{"Value":3},{"Value":1}],"SimpleParamList":[{"Value":0.18},{"Value":3},{"Value":1}],"AttackType":"Servant","SkillEffect":"Support"},"2":{"SkillID":1800707,"SkillName":{"Hash":231068553},"SkillTag":{"Hash":1560729279},"SkillTypeDesc":{"Hash":1616413225},"Level":2,"MaxLevel":10,"SkillTriggerKey":"Skill11","SkillIcon":"SpriteOutput/SkillIcons/Avatar/8007/SkillIcon_18007_Servant02.png","UltraSkillIcon":"","SkillDesc":{"Hash":1969477363},"SimpleSkillDesc":{"Hash":2121805405},"RatedSkillTreeID":[],"RatedRankID":[],"ExtraEffectIDList":[10000001,10000017],"SimpleExtraEffectIDList":[10000001,10000017],"ShowStanceList":[{"Value":0},{"Value":0},{"Value":0}],"SPBase":{"Value":10},"SPMultipleRatio":{"Value":0.5},"BPNeed":{"Value":-1},"SkillNeed":{"Hash":2011805632},"DelayRatio":{"Value":1},"ParamList":[{"Value":0.2},{"Value":3},{"Value":1}],"SimpleParamList":[{"Value":0.2},{"Value":3},{"Value":1}],"AttackType":"Servant","SkillEffect":"Support"},"3":{"SkillID":1800707,"SkillName":{"Hash":231068553},"SkillTag":{"Hash":1560729279},"SkillTypeDesc":{"Hash":1616413225},"Level":3,"MaxLevel":10,"SkillTriggerKey":"Skill11","SkillIcon":"SpriteOutput/SkillIcons/Avatar/8007/SkillIcon_18007_Servant02.png","UltraSkillIcon":"","SkillDesc":{"Hash":1969477363},"SimpleSkillDesc":{"Hash":2121805405},"RatedSkillTreeID":[],"RatedRankID":[],"ExtraEffectIDList":[10000001,10000017],"SimpleExtraEffectIDList":[10000001,10000017],"ShowStanceList":[{"Value":0},{"Value":0},{"Value":0}],"SPBase":{"Value":10},"SPMultipleRatio":{"Value":0.5},"BPNeed":{"Value":-1},"SkillNeed":{"Hash":2011805632},"DelayRatio":{"Value":1},"ParamList":[{"Value":0.22},{"Value":3},{"Value":1}],"SimpleParamList":[{"Value":0.22},{"Value":3},{"Value":1}],"AttackType":"Servant","SkillEffect":"Support"},"4":{"SkillID":1800707,"SkillName":{"Hash":231068553},"SkillTag":{"Hash":1560729279},"SkillTypeDesc":{"Hash":1616413225},"Level":4,"MaxLevel":10,"SkillTriggerKey":"Skill11","SkillIcon":"SpriteOutput/SkillIcons/Avatar/8007/SkillIcon_18007_Servant02.png","UltraSkillIcon":"","SkillDesc":{"Hash":1969477363},"SimpleSkillDesc":{"Hash":2121805405},"RatedSkillTreeID":[],"RatedRankID":[],"ExtraEffectIDList":[10000001,10000017],"SimpleExtraEffectIDList":[10000001,10000017],"ShowStanceList":[{"Value":0},{"Value":0},{"Value":0}],"SPBase":{"Value":10},"SPMultipleRatio":{"Value":0.5},"BPNeed":{"Value":-1},"SkillNeed":{"Hash":2011805632},"DelayRatio":{"Value":1},"ParamList":[{"Value":0.24},{"Value":3},{"Value":1}],"SimpleParamList":[{"Value":0.24},{"Value":3},{"Value":1}],"AttackType":"Servant","SkillEffect":"Support"},"5":{"SkillID":1800707,"SkillName":{"Hash":231068553},"SkillTag":{"Hash":1560729279},"SkillTypeDesc":{"Hash":1616413225},"Level":5,"MaxLevel":10,"SkillTriggerKey":"Skill11","SkillIcon":"SpriteOutput/SkillIcons/Avatar/8007/SkillIcon_18007_Servant02.png","UltraSkillIcon":"","SkillDesc":{"Hash":1969477363},"SimpleSkillDesc":{"Hash":2121805405},"RatedSkillTreeID":[],"RatedRankID":[],"ExtraEffectIDList":[10000001,10000017],"SimpleExtraEffectIDList":[10000001,10000017],"ShowStanceList":[{"Value":0},{"Value":0},{"Value":0}],"SPBase":{"Value":10},"SPMultipleRatio":{"Value":0.5},"BPNeed":{"Value":-1},"SkillNeed":{"Hash":2011805632},"DelayRatio":{"Value":1},"ParamList":[{"Value":0.26},{"Value":3},{"Value":1}],"SimpleParamList":[{"Value":0.26},{"Value":3},{"Value":1}],"AttackType":"Servant","SkillEffect":"Support"},"6":{"SkillID":1800707,"SkillName":{"Hash":231068553},"SkillTag":{"Hash":1560729279},"SkillTypeDesc":{"Hash":1616413225},"Level":6,"MaxLevel":10,"SkillTriggerKey":"Skill11","SkillIcon":"SpriteOutput/SkillIcons/Avatar/8007/SkillIcon_18007_Servant02.png","UltraSkillIcon":"","SkillDesc":{"Hash":1969477363},"SimpleSkillDesc":{"Hash":2121805405},"RatedSkillTreeID":[],"RatedRankID":[],"ExtraEffectIDList":[10000001,10000017],"SimpleExtraEffectIDList":[10000001,10000017],"ShowStanceList":[{"Value":0},{"Value":0},{"Value":0}],"SPBase":{"Value":10},"SPMultipleRatio":{"Value":0.5},"BPNeed":{"Value":-1},"SkillNeed":{"Hash":2011805632},"DelayRatio":{"Value":1},"ParamList":[{"Value":0.28},{"Value":3},{"Value":1}],"SimpleParamList":[{"Value":0.28},{"Value":3},{"Value":1}],"AttackType":"Servant","SkillEffect":"Support"},"7":{"SkillID":1800707,"SkillName":{"Hash":231068553},"SkillTag":{"Hash":1560729279},"SkillTypeDesc":{"Hash":1616413225},"Level":7,"MaxLevel":10,"SkillTriggerKey":"Skill11","SkillIcon":"SpriteOutput/SkillIcons/Avatar/8007/SkillIcon_18007_Servant02.png","UltraSkillIcon":"","SkillDesc":{"Hash":1969477363},"SimpleSkillDesc":{"Hash":2121805405},"RatedSkillTreeID":[],"RatedRankID":[],"ExtraEffectIDList":[10000001,10000017],"SimpleExtraEffectIDList":[10000001,10000017],"ShowStanceList":[{"Value":0},{"Value":0},{"Value":0}],"SPBase":{"Value":10},"SPMultipleRatio":{"Value":0.5},"BPNeed":{"Value":-1},"SkillNeed":{"Hash":2011805632},"DelayRatio":{"Value":1},"ParamList":[{"Value":0.3},{"Value":3},{"Value":1}],"SimpleParamList":[{"Value":0.3},{"Value":3},{"Value":1}],"AttackType":"Servant","SkillEffect":"Support"},"8":{"SkillID":1800707,"SkillName":{"Hash":231068553},"SkillTag":{"Hash":1560729279},"SkillTypeDesc":{"Hash":1616413225},"Level":8,"MaxLevel":10,"SkillTriggerKey":"Skill11","SkillIcon":"SpriteOutput/SkillIcons/Avatar/8007/SkillIcon_18007_Servant02.png","UltraSkillIcon":"","SkillDesc":{"Hash":1969477363},"SimpleSkillDesc":{"Hash":2121805405},"RatedSkillTreeID":[],"RatedRankID":[],"ExtraEffectIDList":[10000001,10000017],"SimpleExtraEffectIDList":[10000001,10000017],"ShowStanceList":[{"Value":0},{"Value":0},{"Value":0}],"SPBase":{"Value":10},"SPMultipleRatio":{"Value":0.5},"BPNeed":{"Value":-1},"SkillNeed":{"Hash":2011805632},"DelayRatio":{"Value":1},"ParamList":[{"Value":0.32},{"Value":3},{"Value":1}],"SimpleParamList":[{"Value":0.32},{"Value":3},{"Value":1}],"AttackType":"Servant","SkillEffect":"Support"},"9":{"SkillID":1800707,"SkillName":{"Hash":231068553},"SkillTag":{"Hash":1560729279},"SkillTypeDesc":{"Hash":1616413225},"Level":9,"MaxLevel":10,"SkillTriggerKey":"Skill11","SkillIcon":"SpriteOutput/SkillIcons/Avatar/8007/SkillIcon_18007_Servant02.png","UltraSkillIcon":"","SkillDesc":{"Hash":1969477363},"SimpleSkillDesc":{"Hash":2121805405},"RatedSkillTreeID":[],"RatedRankID":[],"ExtraEffectIDList":[10000001,10000017],"SimpleExtraEffectIDList":[10000001,10000017],"ShowStanceList":[{"Value":0},{"Value":0},{"Value":0}],"SPBase":{"Value":10},"SPMultipleRatio":{"Value":0.5},"BPNeed":{"Value":-1},"SkillNeed":{"Hash":2011805632},"DelayRatio":{"Value":1},"ParamList":[{"Value":0.34},{"Value":3},{"Value":1}],"SimpleParamList":[{"Value":0.34},{"Value":3},{"Value":1}],"AttackType":"Servant","SkillEffect":"Support"},"10":{"SkillID":1800707,"SkillName":{"Hash":231068553},"SkillTag":{"Hash":1560729279},"SkillTypeDesc":{"Hash":1616413225},"Level":10,"MaxLevel":10,"SkillTriggerKey":"Skill11","SkillIcon":"SpriteOutput/SkillIcons/Avatar/8007/SkillIcon_18007_Servant02.png","UltraSkillIcon":"","SkillDesc":{"Hash":1969477363},"SimpleSkillDesc":{"Hash":2121805405},"RatedSkillTreeID":[],"RatedRankID":[],"ExtraEffectIDList":[10000001,10000017],"SimpleExtraEffectIDList":[10000001,10000017],"ShowStanceList":[{"Value":0},{"Value":0},{"Value":0}],"SPBase":{"Value":10},"SPMultipleRatio":{"Value":0.5},"BPNeed":{"Value":-1},"SkillNeed":{"Hash":2011805632},"DelayRatio":{"Value":1},"ParamList":[{"Value":0.36},{"Value":3},{"Value":1}],"SimpleParamList":[{"Value":0.36},{"Value":3},{"Value":1}],"AttackType":"Servant","SkillEffect":"Support"}}}