{"1100101":{"ID":1100101,"AvatarID":1001,"PlayerCardID":202029,"AvatarSkinName":{"Hash":7417070089411963951},"PlayerCardTitleText":{"Hash":15963809269567277446},"AvatarNameOnDropSkin":{"Hash":6460538268236175316},"AvatarSkinSynopsis":{"Hash":1478179930850312670},"FreeStyleCharacterID":"NPC_Avatar_Maid_Mar_7th_01","AvatarCutinFrontImgPath":"SpriteOutput/AvatarDrawCard/AvatarSkin/1100101.png","AssistOffset":[],"PlayerPrefabPath":"Characters/CharacterPrefabs/Player/Mar_7th_01/Player_Maid_Mar_7th_01.prefab","DefaultAvatarModelPath":"Characters/CharacterPrefabs/Avatar/Mar_7th_01/Avatar_Mar_7th_01.prefab","UIAvatarModelPath":"Characters/CharacterPrefabs/Manikin/Avatar/Mar_7th_01/Manikin_Avatar_Maid_Mar_7th_01.prefab","UltraSkillCutInPrefabPath":"UI/Battle/UltraSkillCutIn/Avatar/AvatarSkin/UltraSkillCutIn_1100101.prefab","DefaultAvatarHeadIconPath":"SpriteOutput/AvatarIcon/AvatarSkin/1100101.png","AdventureDefaultAvatarHeadIconPath":"SpriteOutput/AvatarIconTeam/AvatarSkin/1100101.png","WaitingAvatarHeadIconPath":"SpriteOutput/AvatarIconTeam/AvatarSkin/1100101.png","ActionAvatarHeadIconPath":"SpriteOutput/AvatarIconTeam/AvatarSkin/1100101B.png","SideAvatarHeadIconPath":"SpriteOutput/AvatarIconTeam/AvatarSkin/1100101.png","AvatarSideIconPath":"SpriteOutput/AvatarRoundIcon/AvatarSkin/1100101.png","AvatarCutinImgPath":"SpriteOutput/AvatarCutinFigures/AvatarSkin/1100101.png","AvatarCutinBgImgPath":"SpriteOutput/AvatarCutinBg/AvatarSkin/1100101.png","AvatarMiniIconPath":"SpriteOutput/AvatarMiniIcon/AvatarSkin/1100101.png","AvatarDropOffset":[-100,20,0.38],"AvatarSelfShowOffset":[],"ShowType":"Always","IntroDataID":126,"SkinPanelPath":"","SkinConfigPath":"UI/Shop/AvatarSkinPanel/AvatarSkinShop_1100101.prefab","AdventureCharacterConfigOverrideJsonPath":"Config/ConfigSkin/Avatar/AvatarSkin_Mar_7th_01_Config.json"}}