{"MaxHP":{"PropertyType":"MaxHP","PropertyName":{"Hash":6221757978868999847},"PropertyNameRelic":{"Hash":6221757978868999847},"PropertyNameFilter":{"Hash":6221757978868999847},"IsDisplay":true,"isBattleDisplay":true,"Order":1,"IconPath":"SpriteOutput/UI/Avatar/Icon/IconMaxHP.png"},"Attack":{"PropertyType":"Attack","PropertyName":{"Hash":5944307725021040882},"PropertyNameRelic":{"Hash":5944307725021040882},"PropertyNameFilter":{"Hash":5944307725021040882},"IsDisplay":true,"isBattleDisplay":true,"Order":2,"IconPath":"SpriteOutput/UI/Avatar/Icon/IconAttack.png"},"Defence":{"PropertyType":"Defence","PropertyName":{"Hash":8932885934187978117},"PropertyNameRelic":{"Hash":8932885934187978117},"PropertyNameFilter":{"Hash":8932885934187978117},"IsDisplay":true,"isBattleDisplay":true,"Order":3,"IconPath":"SpriteOutput/UI/Avatar/Icon/IconDefence.png"},"Speed":{"PropertyType":"Speed","PropertyName":{"Hash":1551664918081489046},"PropertyNameRelic":{"Hash":1551664918081489046},"PropertyNameFilter":{"Hash":1551664918081489046},"PropertyInstructionID":30000008,"IsDisplay":true,"isBattleDisplay":true,"Order":4,"IconPath":"SpriteOutput/UI/Avatar/Icon/IconSpeed.png"},"CriticalChance":{"PropertyType":"CriticalChance","PropertyName":{"Hash":8920628846043734901},"PropertyNameSkillTree":{"Hash":17794167530470912767},"PropertyNameRelic":{"Hash":8920628846043734901},"PropertyNameFilter":{"Hash":8920628846043734901},"PropertyClassify":1,"IsDisplay":true,"isBattleDisplay":true,"Order":5,"IconPath":"SpriteOutput/UI/Avatar/Icon/IconCriticalChance.png"},"CriticalDamage":{"PropertyType":"CriticalDamage","PropertyName":{"Hash":9616567210782620870},"PropertyNameSkillTree":{"Hash":6012647609991249300},"PropertyNameRelic":{"Hash":9616567210782620870},"PropertyNameFilter":{"Hash":9616567210782620870},"PropertyClassify":1,"IsDisplay":true,"isBattleDisplay":true,"Order":6,"IconPath":"SpriteOutput/UI/Avatar/Icon/IconCriticalDamage.png"},"BreakDamageAddedRatio":{"PropertyType":"BreakDamageAddedRatio","PropertyName":{"Hash":12291598457447136965},"PropertyNameSkillTree":{"Hash":16178051010953362046},"PropertyNameRelic":{"Hash":12291598457447136965},"PropertyNameFilter":{"Hash":12291598457447136965},"PropertyInstructionID":30000006,"PropertyClassify":1,"IsDisplay":true,"isBattleDisplay":true,"Order":7,"IconPath":"SpriteOutput/UI/Avatar/Icon/IconBreakUp.png"},"BreakDamageAddedRatioBase":{"PropertyType":"BreakDamageAddedRatioBase","PropertyName":{"Hash":12291598457447136965},"PropertyNameSkillTree":{"Hash":16178051010953362046},"PropertyNameRelic":{"Hash":12291598457447136965},"PropertyNameFilter":{"Hash":12291598457447136965},"MainRelicFilter":9,"SubRelicFilter":10,"PropertyClassify":1,"Order":8,"IconPath":"SpriteOutput/UI/Avatar/Icon/IconBreakUp.png"},"HealRatio":{"PropertyType":"HealRatio","PropertyName":{"Hash":6870358963948712726},"PropertyNameSkillTree":{"Hash":572475218078544186},"PropertyNameRelic":{"Hash":6870358963948712726},"PropertyNameFilter":{"Hash":6870358963948712726},"PropertyClassify":1,"IsDisplay":true,"isBattleDisplay":true,"Order":11,"IconPath":"SpriteOutput/UI/Avatar/Icon/IconHealRatio.png"},"MaxSP":{"PropertyType":"MaxSP","PropertyName":{"Hash":3862044039590256962},"PropertyNameSkillTree":{"Hash":3862044039590256962},"PropertyNameRelic":{"Hash":3862044039590256962},"PropertyNameFilter":{"Hash":3862044039590256962},"PropertyInstructionID":30000009,"PropertyClassify":1,"IsDisplay":true,"Order":12,"IconPath":"SpriteOutput/UI/Avatar/Icon/IconEnergyLimit.png"},"SpecialMaxSP":{"PropertyType":"SpecialMaxSP","PropertyName":{"Hash":18163861143185867276},"PropertyNameSkillTree":{"Hash":18163861143185867276},"PropertyNameRelic":{"Hash":18163861143185867276},"PropertyNameFilter":{"Hash":18163861143185867276},"PropertyClassify":1,"Order":13,"IconPath":"SpriteOutput/UI/Avatar/Icon/IconEnergy_1308.png"},"SPRatio":{"PropertyType":"SPRatio","PropertyName":{"Hash":9497329997440666192},"PropertyNameRelic":{"Hash":9497329997440666192},"PropertyNameFilter":{"Hash":9497329997440666192},"PropertyInstructionID":30000007,"PropertyClassify":1,"IsDisplay":true,"isBattleDisplay":true,"Order":14,"IconPath":"SpriteOutput/UI/Avatar/Icon/IconEnergyRecovery.png"},"StatusProbability":{"PropertyType":"StatusProbability","PropertyName":{"Hash":7408683803029765439},"PropertyNameSkillTree":{"Hash":18196368323965921865},"PropertyNameRelic":{"Hash":7408683803029765439},"PropertyNameFilter":{"Hash":7408683803029765439},"PropertyInstructionID":30000004,"PropertyClassify":1,"IsDisplay":true,"isBattleDisplay":true,"Order":15,"IconPath":"SpriteOutput/UI/Avatar/Icon/IconStatusProbability.png"},"StatusResistance":{"PropertyType":"StatusResistance","PropertyName":{"Hash":13853416831184668203},"PropertyNameSkillTree":{"Hash":17435324614527876363},"PropertyNameRelic":{"Hash":13853416831184668203},"PropertyNameFilter":{"Hash":13853416831184668203},"PropertyInstructionID":30000003,"PropertyClassify":1,"IsDisplay":true,"isBattleDisplay":true,"Order":16,"IconPath":"SpriteOutput/UI/Avatar/Icon/IconStatusResistance.png"},"CriticalChanceBase":{"PropertyType":"CriticalChanceBase","PropertyName":{"Hash":8920628846043734901},"PropertyNameSkillTree":{"Hash":17794167530470912767},"PropertyNameRelic":{"Hash":8920628846043734901},"PropertyNameFilter":{"Hash":8920628846043734901},"MainRelicFilter":7,"SubRelicFilter":8,"PropertyClassify":1,"Order":17,"IconPath":"SpriteOutput/UI/Avatar/Icon/IconCriticalChance.png"},"CriticalDamageBase":{"PropertyType":"CriticalDamageBase","PropertyName":{"Hash":9616567210782620870},"PropertyNameSkillTree":{"Hash":6012647609991249300},"PropertyNameRelic":{"Hash":9616567210782620870},"PropertyNameFilter":{"Hash":9616567210782620870},"MainRelicFilter":8,"SubRelicFilter":9,"PropertyClassify":1,"Order":18,"IconPath":"SpriteOutput/UI/Avatar/Icon/IconCriticalDamage.png"},"HealRatioBase":{"PropertyType":"HealRatioBase","PropertyName":{"Hash":6870358963948712726},"PropertyNameSkillTree":{"Hash":572475218078544186},"PropertyNameRelic":{"Hash":6870358963948712726},"PropertyNameFilter":{"Hash":6870358963948712726},"MainRelicFilter":10,"PropertyClassify":1,"Order":19,"IconPath":"SpriteOutput/UI/Avatar/Icon/IconHealRatio.png"},"StanceBreakAddedRatio":{"PropertyType":"StanceBreakAddedRatio","PropertyName":{"Hash":13069552564933933233},"PropertyNameRelic":{"Hash":13069552564933933233},"PropertyNameFilter":{"Hash":13069552564933933233},"PropertyClassify":1,"Order":20,"IconPath":"0"},"SPRatioBase":{"PropertyType":"SPRatioBase","PropertyName":{"Hash":9497329997440666192},"PropertyNameRelic":{"Hash":9497329997440666192},"PropertyNameFilter":{"Hash":9497329997440666192},"MainRelicFilter":11,"PropertyClassify":1,"Order":21,"IconPath":"SpriteOutput/UI/Avatar/Icon/IconEnergyRecovery.png"},"StatusProbabilityBase":{"PropertyType":"StatusProbabilityBase","PropertyName":{"Hash":7408683803029765439},"PropertyNameSkillTree":{"Hash":18196368323965921865},"PropertyNameRelic":{"Hash":7408683803029765439},"PropertyNameFilter":{"Hash":7408683803029765439},"MainRelicFilter":12,"SubRelicFilter":11,"PropertyClassify":1,"Order":22,"IconPath":"SpriteOutput/UI/Avatar/Icon/IconStatusProbability.png"},"StatusResistanceBase":{"PropertyType":"StatusResistanceBase","PropertyName":{"Hash":13853416831184668203},"PropertyNameSkillTree":{"Hash":17435324614527876363},"PropertyNameRelic":{"Hash":13853416831184668203},"PropertyNameFilter":{"Hash":13853416831184668203},"SubRelicFilter":12,"PropertyClassify":1,"Order":23,"IconPath":"SpriteOutput/UI/Avatar/Icon/IconStatusResistance.png"},"PhysicalAddedRatio":{"PropertyType":"PhysicalAddedRatio","PropertyName":{"Hash":12236102685634728712},"PropertyNameSkillTree":{"Hash":6952957512521741988},"PropertyNameRelic":{"Hash":12236102685634728712},"PropertyNameFilter":{"Hash":12236102685634728712},"MainRelicFilter":13,"PropertyClassify":2,"IsDisplay":true,"isBattleDisplay":true,"Order":24,"IconPath":"SpriteOutput/UI/Avatar/Icon/IconPhysicalAddedRatio.png"},"PhysicalResistance":{"PropertyType":"PhysicalResistance","PropertyName":{"Hash":15184821467443590311},"PropertyNameRelic":{"Hash":15184821467443590311},"PropertyNameFilter":{"Hash":15184821467443590311},"PropertyClassify":2,"Order":25,"IconPath":"SpriteOutput/UI/Avatar/Icon/IconPhysicalResistanceDelta.png"},"FireAddedRatio":{"PropertyType":"FireAddedRatio","PropertyName":{"Hash":6217159245313749913},"PropertyNameSkillTree":{"Hash":9198499153633229153},"PropertyNameRelic":{"Hash":6217159245313749913},"PropertyNameFilter":{"Hash":6217159245313749913},"MainRelicFilter":14,"PropertyClassify":2,"IsDisplay":true,"isBattleDisplay":true,"Order":26,"IconPath":"SpriteOutput/UI/Avatar/Icon/IconFireAddedRatio.png"},"FireResistance":{"PropertyType":"FireResistance","PropertyName":{"Hash":15525576940765463336},"PropertyNameRelic":{"Hash":15525576940765463336},"PropertyNameFilter":{"Hash":15525576940765463336},"PropertyClassify":2,"Order":27,"IconPath":"SpriteOutput/UI/Avatar/Icon/IconFireResistanceDelta.png"},"IceAddedRatio":{"PropertyType":"IceAddedRatio","PropertyName":{"Hash":14590633397294595254},"PropertyNameSkillTree":{"Hash":15414009472980493105},"PropertyNameRelic":{"Hash":14590633397294595254},"PropertyNameFilter":{"Hash":14590633397294595254},"MainRelicFilter":15,"PropertyClassify":2,"IsDisplay":true,"isBattleDisplay":true,"Order":28,"IconPath":"SpriteOutput/UI/Avatar/Icon/IconIceAddedRatio.png"},"IceResistance":{"PropertyType":"IceResistance","PropertyName":{"Hash":6240079799290377459},"PropertyNameRelic":{"Hash":6240079799290377459},"PropertyNameFilter":{"Hash":6240079799290377459},"PropertyClassify":2,"Order":29,"IconPath":"SpriteOutput/UI/Avatar/Icon/IconIceResistanceDelta.png"},"ThunderAddedRatio":{"PropertyType":"ThunderAddedRatio","PropertyName":{"Hash":562985858704247780},"PropertyNameSkillTree":{"Hash":1587991486787580169},"PropertyNameRelic":{"Hash":562985858704247780},"PropertyNameFilter":{"Hash":562985858704247780},"MainRelicFilter":16,"PropertyClassify":2,"IsDisplay":true,"isBattleDisplay":true,"Order":30,"IconPath":"SpriteOutput/UI/Avatar/Icon/IconThunderAddedRatio.png"},"ThunderResistance":{"PropertyType":"ThunderResistance","PropertyName":{"Hash":3973413388423608452},"PropertyNameRelic":{"Hash":3973413388423608452},"PropertyNameFilter":{"Hash":3973413388423608452},"PropertyClassify":2,"Order":31,"IconPath":"SpriteOutput/UI/Avatar/Icon/IconThunderResistanceDelta.png"},"WindAddedRatio":{"PropertyType":"WindAddedRatio","PropertyName":{"Hash":17570598288988869779},"PropertyNameSkillTree":{"Hash":8651671979342024940},"PropertyNameRelic":{"Hash":17570598288988869779},"PropertyNameFilter":{"Hash":17570598288988869779},"MainRelicFilter":17,"PropertyClassify":2,"IsDisplay":true,"isBattleDisplay":true,"Order":32,"IconPath":"SpriteOutput/UI/Avatar/Icon/IconWindAddedRatio.png"},"WindResistance":{"PropertyType":"WindResistance","PropertyName":{"Hash":17271025762518425809},"PropertyNameRelic":{"Hash":17271025762518425809},"PropertyNameFilter":{"Hash":17271025762518425809},"PropertyClassify":2,"Order":33,"IconPath":"SpriteOutput/UI/Avatar/Icon/IconWindResistanceDelta.png"},"QuantumAddedRatio":{"PropertyType":"QuantumAddedRatio","PropertyName":{"Hash":14382067715181772946},"PropertyNameSkillTree":{"Hash":8439518011582326960},"PropertyNameRelic":{"Hash":14382067715181772946},"PropertyNameFilter":{"Hash":14382067715181772946},"MainRelicFilter":18,"PropertyClassify":2,"IsDisplay":true,"isBattleDisplay":true,"Order":34,"IconPath":"SpriteOutput/UI/Avatar/Icon/IconQuantumAddedRatio.png"},"QuantumResistance":{"PropertyType":"QuantumResistance","PropertyName":{"Hash":1941244620031454087},"PropertyNameRelic":{"Hash":1941244620031454087},"PropertyNameFilter":{"Hash":1941244620031454087},"PropertyClassify":2,"Order":35,"IconPath":"SpriteOutput/UI/Avatar/Icon/IconQuantumResistanceDelta.png"},"ImaginaryAddedRatio":{"PropertyType":"ImaginaryAddedRatio","PropertyName":{"Hash":6680111538548758303},"PropertyNameSkillTree":{"Hash":16546719862267525770},"PropertyNameRelic":{"Hash":6680111538548758303},"PropertyNameFilter":{"Hash":6680111538548758303},"MainRelicFilter":19,"PropertyClassify":2,"IsDisplay":true,"isBattleDisplay":true,"Order":36,"IconPath":"SpriteOutput/UI/Avatar/Icon/IconImaginaryAddedRatio.png"},"ImaginaryResistance":{"PropertyType":"ImaginaryResistance","PropertyName":{"Hash":8565892688736403916},"PropertyNameRelic":{"Hash":8565892688736403916},"PropertyNameFilter":{"Hash":8565892688736403916},"PropertyClassify":2,"Order":37,"IconPath":"SpriteOutput/UI/Avatar/Icon/IconImaginaryResistanceDelta.png"},"BaseHP":{"PropertyType":"BaseHP","PropertyName":{"Hash":12551496436306438282},"PropertyNameSkillTree":{"Hash":12562497467320448740},"PropertyNameRelic":{"Hash":12562497467320448740},"PropertyNameFilter":{"Hash":12562497467320448740},"Order":38,"IconPath":"SpriteOutput/UI/Avatar/Icon/IconMaxHP.png"},"HPDelta":{"PropertyType":"HPDelta","PropertyName":{"Hash":10960321906654537491},"PropertyNameSkillTree":{"Hash":14564199839441921272},"PropertyNameRelic":{"Hash":429906855389925135},"PropertyNameFilter":{"Hash":429906855389925135},"MainRelicFilter":1,"SubRelicFilter":1,"Order":39,"IconPath":"SpriteOutput/UI/Avatar/Icon/IconMaxHP.png"},"HPAddedRatio":{"PropertyType":"HPAddedRatio","PropertyName":{"Hash":3869290830426462114},"PropertyNameSkillTree":{"Hash":11448973465422126722},"PropertyNameRelic":{"Hash":429906855389925135},"PropertyNameFilter":{"Hash":16800648735976022310},"MainRelicFilter":2,"SubRelicFilter":2,"Order":40,"IconPath":"SpriteOutput/UI/Avatar/Icon/IconMaxHP.png"},"BaseAttack":{"PropertyType":"BaseAttack","PropertyName":{"Hash":6957905336776837422},"PropertyNameSkillTree":{"Hash":9872176015899817476},"PropertyNameRelic":{"Hash":9872176015899817476},"PropertyNameFilter":{"Hash":9872176015899817476},"Order":41,"IconPath":"SpriteOutput/UI/Avatar/Icon/IconAttack.png"},"AttackDelta":{"PropertyType":"AttackDelta","PropertyName":{"Hash":8527220255330509254},"PropertyNameSkillTree":{"Hash":9715949138300965415},"PropertyNameRelic":{"Hash":14669713281277919926},"PropertyNameFilter":{"Hash":14669713281277919926},"MainRelicFilter":3,"SubRelicFilter":3,"Order":42,"IconPath":"SpriteOutput/UI/Avatar/Icon/IconAttack.png"},"AttackAddedRatio":{"PropertyType":"AttackAddedRatio","PropertyName":{"Hash":706806835880972680},"PropertyNameSkillTree":{"Hash":4114836937708119474},"PropertyNameRelic":{"Hash":14669713281277919926},"PropertyNameFilter":{"Hash":3065193343111472680},"MainRelicFilter":4,"SubRelicFilter":4,"Order":43,"IconPath":"SpriteOutput/UI/Avatar/Icon/IconAttack.png"},"BaseDefence":{"PropertyType":"BaseDefence","PropertyName":{"Hash":928384325288118047},"PropertyNameSkillTree":{"Hash":14835753828673881828},"PropertyNameRelic":{"Hash":14835753828673881828},"PropertyNameFilter":{"Hash":14835753828673881828},"Order":44,"IconPath":"SpriteOutput/UI/Avatar/Icon/IconDefence.png"},"DefenceDelta":{"PropertyType":"DefenceDelta","PropertyName":{"Hash":15038455392988361346},"PropertyNameSkillTree":{"Hash":2974245778429271873},"PropertyNameRelic":{"Hash":14983444696716845957},"PropertyNameFilter":{"Hash":14983444696716845957},"SubRelicFilter":5,"Order":45,"IconPath":"SpriteOutput/UI/Avatar/Icon/IconDefence.png"},"DefenceAddedRatio":{"PropertyType":"DefenceAddedRatio","PropertyName":{"Hash":3750067290707214626},"PropertyNameSkillTree":{"Hash":13736037357165958420},"PropertyNameRelic":{"Hash":14983444696716845957},"PropertyNameFilter":{"Hash":12182123284380739113},"MainRelicFilter":5,"SubRelicFilter":6,"Order":46,"IconPath":"SpriteOutput/UI/Avatar/Icon/IconDefence.png"},"BaseSpeed":{"PropertyType":"BaseSpeed","PropertyName":{"Hash":14764248053961829710},"PropertyNameSkillTree":{"Hash":9040725181861677483},"PropertyNameRelic":{"Hash":1551664918081489046},"PropertyNameFilter":{"Hash":1551664918081489046},"Order":47,"IconPath":"SpriteOutput/UI/Avatar/Icon/IconSpeed.png"},"HealTakenRatio":{"PropertyType":"HealTakenRatio","PropertyName":{"Hash":3818983737164055512},"PropertyNameRelic":{"Hash":6870358963948712726},"PropertyNameFilter":{"Hash":6870358963948712726},"PropertyClassify":1,"Order":48,"IconPath":"SpriteOutput/UI/Avatar/Icon/IconHealRatio.png"},"PhysicalResistanceDelta":{"PropertyType":"PhysicalResistanceDelta","PropertyName":{"Hash":15184821467443590311},"PropertyNameSkillTree":{"Hash":11912466680349326517},"PropertyNameRelic":{"Hash":15184821467443590311},"PropertyNameFilter":{"Hash":15184821467443590311},"PropertyClassify":2,"IsDisplay":true,"isBattleDisplay":true,"Order":49,"IconPath":"SpriteOutput/UI/Avatar/Icon/IconPhysicalResistanceDelta.png"},"FireResistanceDelta":{"PropertyType":"FireResistanceDelta","PropertyName":{"Hash":15525576940765463336},"PropertyNameSkillTree":{"Hash":11659520787073236911},"PropertyNameRelic":{"Hash":15525576940765463336},"PropertyNameFilter":{"Hash":15525576940765463336},"PropertyClassify":2,"IsDisplay":true,"isBattleDisplay":true,"Order":50,"IconPath":"SpriteOutput/UI/Avatar/Icon/IconFireResistanceDelta.png"},"IceResistanceDelta":{"PropertyType":"IceResistanceDelta","PropertyName":{"Hash":6240079799290377459},"PropertyNameSkillTree":{"Hash":13300690534111421448},"PropertyNameRelic":{"Hash":6240079799290377459},"PropertyNameFilter":{"Hash":6240079799290377459},"PropertyClassify":2,"IsDisplay":true,"isBattleDisplay":true,"Order":51,"IconPath":"SpriteOutput/UI/Avatar/Icon/IconIceResistanceDelta.png"},"ThunderResistanceDelta":{"PropertyType":"ThunderResistanceDelta","PropertyName":{"Hash":3973413388423608452},"PropertyNameSkillTree":{"Hash":11228827990297217264},"PropertyNameRelic":{"Hash":3973413388423608452},"PropertyNameFilter":{"Hash":3973413388423608452},"PropertyClassify":2,"IsDisplay":true,"isBattleDisplay":true,"Order":52,"IconPath":"SpriteOutput/UI/Avatar/Icon/IconThunderResistanceDelta.png"},"WindResistanceDelta":{"PropertyType":"WindResistanceDelta","PropertyName":{"Hash":17271025762518425809},"PropertyNameSkillTree":{"Hash":11259073959703174379},"PropertyNameRelic":{"Hash":17271025762518425809},"PropertyNameFilter":{"Hash":17271025762518425809},"PropertyClassify":2,"IsDisplay":true,"isBattleDisplay":true,"Order":53,"IconPath":"SpriteOutput/UI/Avatar/Icon/IconWindResistanceDelta.png"},"QuantumResistanceDelta":{"PropertyType":"QuantumResistanceDelta","PropertyName":{"Hash":1941244620031454087},"PropertyNameSkillTree":{"Hash":16591123752411328079},"PropertyNameRelic":{"Hash":1941244620031454087},"PropertyNameFilter":{"Hash":1941244620031454087},"PropertyClassify":2,"IsDisplay":true,"isBattleDisplay":true,"Order":54,"IconPath":"SpriteOutput/UI/Avatar/Icon/IconQuantumResistanceDelta.png"},"ImaginaryResistanceDelta":{"PropertyType":"ImaginaryResistanceDelta","PropertyName":{"Hash":8565892688736403916},"PropertyNameSkillTree":{"Hash":2015361109188721947},"PropertyNameRelic":{"Hash":8565892688736403916},"PropertyNameFilter":{"Hash":8565892688736403916},"PropertyClassify":2,"IsDisplay":true,"isBattleDisplay":true,"Order":55,"IconPath":"SpriteOutput/UI/Avatar/Icon/IconImaginaryResistanceDelta.png"},"SpeedDelta":{"PropertyType":"SpeedDelta","PropertyName":{"Hash":6046473057757335895},"PropertyNameSkillTree":{"Hash":9596499899558482962},"PropertyNameRelic":{"Hash":1551664918081489046},"PropertyNameFilter":{"Hash":1551664918081489046},"MainRelicFilter":6,"SubRelicFilter":7,"Order":57,"IconPath":"SpriteOutput/UI/Avatar/Icon/IconSpeed.png"}}