{"MaxHP":{"PropertyType":"MaxHP","PropertyName":{"Hash":-1544419067},"PropertyNameSkillTree":{"Hash":371857150},"PropertyNameRelic":{"Hash":-1544419067},"PropertyNameFilter":{"Hash":-1544419067},"IsDisplay":true,"isBattleDisplay":true,"Order":1,"IconPath":"SpriteOutput/UI/Avatar/Icon/IconMaxHP.png"},"Attack":{"PropertyType":"Attack","PropertyName":{"Hash":-1194485631},"PropertyNameSkillTree":{"Hash":371857150},"PropertyNameRelic":{"Hash":-1194485631},"PropertyNameFilter":{"Hash":-1194485631},"IsDisplay":true,"isBattleDisplay":true,"Order":2,"IconPath":"SpriteOutput/UI/Avatar/Icon/IconAttack.png"},"Defence":{"PropertyType":"Defence","PropertyName":{"Hash":-615378225},"PropertyNameSkillTree":{"Hash":371857150},"PropertyNameRelic":{"Hash":-615378225},"PropertyNameFilter":{"Hash":-615378225},"IsDisplay":true,"isBattleDisplay":true,"Order":3,"IconPath":"SpriteOutput/UI/Avatar/Icon/IconDefence.png"},"Speed":{"PropertyType":"Speed","PropertyName":{"Hash":461357812},"PropertyNameSkillTree":{"Hash":371857150},"PropertyNameRelic":{"Hash":461357812},"PropertyNameFilter":{"Hash":461357812},"PropertyInstructionID":30000008,"IsDisplay":true,"isBattleDisplay":true,"Order":4,"IconPath":"SpriteOutput/UI/Avatar/Icon/IconSpeed.png"},"CriticalChance":{"PropertyType":"CriticalChance","PropertyName":{"Hash":528301800},"PropertyNameSkillTree":{"Hash":-242785393},"PropertyNameRelic":{"Hash":528301800},"PropertyNameFilter":{"Hash":528301800},"PropertyClassify":1,"IsDisplay":true,"isBattleDisplay":true,"Order":5,"IconPath":"SpriteOutput/UI/Avatar/Icon/IconCriticalChance.png"},"CriticalDamage":{"PropertyType":"CriticalDamage","PropertyName":{"Hash":-220753499},"PropertyNameSkillTree":{"Hash":475799362},"PropertyNameRelic":{"Hash":-220753499},"PropertyNameFilter":{"Hash":-220753499},"PropertyClassify":1,"IsDisplay":true,"isBattleDisplay":true,"Order":6,"IconPath":"SpriteOutput/UI/Avatar/Icon/IconCriticalDamage.png"},"BreakDamageAddedRatio":{"PropertyType":"BreakDamageAddedRatio","PropertyName":{"Hash":-1886906656},"PropertyNameSkillTree":{"Hash":1953548979},"PropertyNameRelic":{"Hash":-1886906656},"PropertyNameFilter":{"Hash":-1886906656},"PropertyInstructionID":30000006,"PropertyClassify":1,"IsDisplay":true,"isBattleDisplay":true,"Order":7,"IconPath":"SpriteOutput/UI/Avatar/Icon/IconBreakUp.png"},"BreakDamageAddedRatioBase":{"PropertyType":"BreakDamageAddedRatioBase","PropertyName":{"Hash":-1886906656},"PropertyNameSkillTree":{"Hash":1953548979},"PropertyNameRelic":{"Hash":-1886906656},"PropertyNameFilter":{"Hash":-1886906656},"MainRelicFilter":9,"SubRelicFilter":10,"PropertyClassify":1,"Order":8,"IconPath":"SpriteOutput/UI/Avatar/Icon/IconBreakUp.png"},"HealRatio":{"PropertyType":"HealRatio","PropertyName":{"Hash":799727458},"PropertyNameSkillTree":{"Hash":1688162395},"PropertyNameRelic":{"Hash":799727458},"PropertyNameFilter":{"Hash":799727458},"PropertyClassify":1,"IsDisplay":true,"isBattleDisplay":true,"Order":9,"IconPath":"SpriteOutput/UI/Avatar/Icon/IconHealRatio.png"},"MaxSP":{"PropertyType":"MaxSP","PropertyName":{"Hash":1059776006},"PropertyNameSkillTree":{"Hash":1059776006},"PropertyNameRelic":{"Hash":1059776006},"PropertyNameFilter":{"Hash":1059776006},"PropertyInstructionID":30000009,"PropertyClassify":1,"IsDisplay":true,"Order":10,"IconPath":"SpriteOutput/UI/Avatar/Icon/IconEnergyLimit.png"},"SPRatio":{"PropertyType":"SPRatio","PropertyName":{"Hash":-1155541365},"PropertyNameSkillTree":{"Hash":371857150},"PropertyNameRelic":{"Hash":-1155541365},"PropertyNameFilter":{"Hash":-1155541365},"PropertyInstructionID":30000007,"PropertyClassify":1,"IsDisplay":true,"isBattleDisplay":true,"Order":11,"IconPath":"SpriteOutput/UI/Avatar/Icon/IconEnergyRecovery.png"},"StatusProbability":{"PropertyType":"StatusProbability","PropertyName":{"Hash":284076746},"PropertyNameSkillTree":{"Hash":747727875},"PropertyNameRelic":{"Hash":284076746},"PropertyNameFilter":{"Hash":284076746},"PropertyInstructionID":30000004,"PropertyClassify":1,"IsDisplay":true,"isBattleDisplay":true,"Order":12,"IconPath":"SpriteOutput/UI/Avatar/Icon/IconStatusProbability.png"},"StatusResistance":{"PropertyType":"StatusResistance","PropertyName":{"Hash":-952827954},"PropertyNameSkillTree":{"Hash":-613602727},"PropertyNameRelic":{"Hash":-952827954},"PropertyNameFilter":{"Hash":-952827954},"PropertyInstructionID":30000003,"PropertyClassify":1,"IsDisplay":true,"isBattleDisplay":true,"Order":13,"IconPath":"SpriteOutput/UI/Avatar/Icon/IconStatusResistance.png"},"CriticalChanceBase":{"PropertyType":"CriticalChanceBase","PropertyName":{"Hash":528301800},"PropertyNameSkillTree":{"Hash":-242785393},"PropertyNameRelic":{"Hash":528301800},"PropertyNameFilter":{"Hash":528301800},"MainRelicFilter":7,"SubRelicFilter":8,"PropertyClassify":1,"Order":14,"IconPath":"SpriteOutput/UI/Avatar/Icon/IconCriticalChance.png"},"CriticalDamageBase":{"PropertyType":"CriticalDamageBase","PropertyName":{"Hash":-220753499},"PropertyNameSkillTree":{"Hash":475799362},"PropertyNameRelic":{"Hash":-220753499},"PropertyNameFilter":{"Hash":-220753499},"MainRelicFilter":8,"SubRelicFilter":9,"PropertyClassify":1,"Order":15,"IconPath":"SpriteOutput/UI/Avatar/Icon/IconCriticalDamage.png"},"HealRatioBase":{"PropertyType":"HealRatioBase","PropertyName":{"Hash":799727458},"PropertyNameSkillTree":{"Hash":1688162395},"PropertyNameRelic":{"Hash":799727458},"PropertyNameFilter":{"Hash":799727458},"MainRelicFilter":10,"PropertyClassify":1,"Order":16,"IconPath":"SpriteOutput/UI/Avatar/Icon/IconHealRatio.png"},"StanceBreakAddedRatio":{"PropertyType":"StanceBreakAddedRatio","PropertyName":{"Hash":1965107273},"PropertyNameSkillTree":{"Hash":371857150},"PropertyNameRelic":{"Hash":1965107273},"PropertyNameFilter":{"Hash":1965107273},"PropertyClassify":1,"Order":17,"IconPath":"0"},"SPRatioBase":{"PropertyType":"SPRatioBase","PropertyName":{"Hash":-1155541365},"PropertyNameSkillTree":{"Hash":371857150},"PropertyNameRelic":{"Hash":-1155541365},"PropertyNameFilter":{"Hash":-1155541365},"MainRelicFilter":11,"PropertyClassify":1,"Order":18,"IconPath":"SpriteOutput/UI/Avatar/Icon/IconEnergyRecovery.png"},"StatusProbabilityBase":{"PropertyType":"StatusProbabilityBase","PropertyName":{"Hash":284076746},"PropertyNameSkillTree":{"Hash":747727875},"PropertyNameRelic":{"Hash":284076746},"PropertyNameFilter":{"Hash":284076746},"MainRelicFilter":12,"SubRelicFilter":11,"PropertyClassify":1,"Order":19,"IconPath":"SpriteOutput/UI/Avatar/Icon/IconStatusProbability.png"},"StatusResistanceBase":{"PropertyType":"StatusResistanceBase","PropertyName":{"Hash":-952827954},"PropertyNameSkillTree":{"Hash":-613602727},"PropertyNameRelic":{"Hash":-952827954},"PropertyNameFilter":{"Hash":-952827954},"SubRelicFilter":12,"PropertyClassify":1,"Order":20,"IconPath":"SpriteOutput/UI/Avatar/Icon/IconStatusResistance.png"},"PhysicalAddedRatio":{"PropertyType":"PhysicalAddedRatio","PropertyName":{"Hash":-950888303},"PropertyNameSkillTree":{"Hash":1673644670},"PropertyNameRelic":{"Hash":-950888303},"PropertyNameFilter":{"Hash":-950888303},"MainRelicFilter":13,"PropertyClassify":2,"IsDisplay":true,"isBattleDisplay":true,"Order":21,"IconPath":"SpriteOutput/UI/Avatar/Icon/IconPhysicalAddedRatio.png"},"PhysicalResistance":{"PropertyType":"PhysicalResistance","PropertyName":{"Hash":214654939},"PropertyNameSkillTree":{"Hash":371857150},"PropertyNameRelic":{"Hash":214654939},"PropertyNameFilter":{"Hash":214654939},"PropertyClassify":2,"Order":22,"IconPath":"SpriteOutput/UI/Avatar/Icon/IconPhysicalResistanceDelta.png"},"FireAddedRatio":{"PropertyType":"FireAddedRatio","PropertyName":{"Hash":1202183228},"PropertyNameSkillTree":{"Hash":1846223231},"PropertyNameRelic":{"Hash":1202183228},"PropertyNameFilter":{"Hash":1202183228},"MainRelicFilter":14,"PropertyClassify":2,"IsDisplay":true,"isBattleDisplay":true,"Order":23,"IconPath":"SpriteOutput/UI/Avatar/Icon/IconFireAddedRatio.png"},"FireResistance":{"PropertyType":"FireResistance","PropertyName":{"Hash":-757342856},"PropertyNameSkillTree":{"Hash":371857150},"PropertyNameRelic":{"Hash":-757342856},"PropertyNameFilter":{"Hash":-757342856},"PropertyClassify":2,"Order":24,"IconPath":"SpriteOutput/UI/Avatar/Icon/IconFireResistanceDelta.png"},"IceAddedRatio":{"PropertyType":"IceAddedRatio","PropertyName":{"Hash":1448585423},"PropertyNameSkillTree":{"Hash":299673192},"PropertyNameRelic":{"Hash":1448585423},"PropertyNameFilter":{"Hash":1448585423},"MainRelicFilter":15,"PropertyClassify":2,"IsDisplay":true,"isBattleDisplay":true,"Order":25,"IconPath":"SpriteOutput/UI/Avatar/Icon/IconIceAddedRatio.png"},"IceResistance":{"PropertyType":"IceResistance","PropertyName":{"Hash":-1877242639},"PropertyNameSkillTree":{"Hash":371857150},"PropertyNameRelic":{"Hash":-1877242639},"PropertyNameFilter":{"Hash":-1877242639},"PropertyClassify":2,"Order":26,"IconPath":"SpriteOutput/UI/Avatar/Icon/IconIceResistanceDelta.png"},"ThunderAddedRatio":{"PropertyType":"ThunderAddedRatio","PropertyName":{"Hash":235195444},"PropertyNameSkillTree":{"Hash":907095083},"PropertyNameRelic":{"Hash":235195444},"PropertyNameFilter":{"Hash":235195444},"MainRelicFilter":16,"PropertyClassify":2,"IsDisplay":true,"isBattleDisplay":true,"Order":27,"IconPath":"SpriteOutput/UI/Avatar/Icon/IconThunderAddedRatio.png"},"ThunderResistance":{"PropertyType":"ThunderResistance","PropertyName":{"Hash":-567551348},"PropertyNameSkillTree":{"Hash":371857150},"PropertyNameRelic":{"Hash":-567551348},"PropertyNameFilter":{"Hash":-567551348},"PropertyClassify":2,"Order":28,"IconPath":"SpriteOutput/UI/Avatar/Icon/IconThunderResistanceDelta.png"},"WindAddedRatio":{"PropertyType":"WindAddedRatio","PropertyName":{"Hash":2017136070},"PropertyNameSkillTree":{"Hash":-1997411121},"PropertyNameRelic":{"Hash":2017136070},"PropertyNameFilter":{"Hash":2017136070},"MainRelicFilter":17,"PropertyClassify":2,"IsDisplay":true,"isBattleDisplay":true,"Order":29,"IconPath":"SpriteOutput/UI/Avatar/Icon/IconWindAddedRatio.png"},"WindResistance":{"PropertyType":"WindResistance","PropertyName":{"Hash":-1179693530},"PropertyNameSkillTree":{"Hash":371857150},"PropertyNameRelic":{"Hash":-1179693530},"PropertyNameFilter":{"Hash":-1179693530},"PropertyClassify":2,"Order":30,"IconPath":"SpriteOutput/UI/Avatar/Icon/IconWindResistanceDelta.png"},"QuantumAddedRatio":{"PropertyType":"QuantumAddedRatio","PropertyName":{"Hash":1819458027},"PropertyNameSkillTree":{"Hash":-1441211386},"PropertyNameRelic":{"Hash":1819458027},"PropertyNameFilter":{"Hash":1819458027},"MainRelicFilter":18,"PropertyClassify":2,"IsDisplay":true,"isBattleDisplay":true,"Order":31,"IconPath":"SpriteOutput/UI/Avatar/Icon/IconQuantumAddedRatio.png"},"QuantumResistance":{"PropertyType":"QuantumResistance","PropertyName":{"Hash":-1565797131},"PropertyNameSkillTree":{"Hash":371857150},"PropertyNameRelic":{"Hash":-1565797131},"PropertyNameFilter":{"Hash":-1565797131},"PropertyClassify":2,"Order":32,"IconPath":"SpriteOutput/UI/Avatar/Icon/IconQuantumResistanceDelta.png"},"ImaginaryAddedRatio":{"PropertyType":"ImaginaryAddedRatio","PropertyName":{"Hash":1031064451},"PropertyNameSkillTree":{"Hash":-1248895778},"PropertyNameRelic":{"Hash":1031064451},"PropertyNameFilter":{"Hash":1031064451},"MainRelicFilter":19,"PropertyClassify":2,"IsDisplay":true,"isBattleDisplay":true,"Order":33,"IconPath":"SpriteOutput/UI/Avatar/Icon/IconImaginaryAddedRatio.png"},"ImaginaryResistance":{"PropertyType":"ImaginaryResistance","PropertyName":{"Hash":512338013},"PropertyNameSkillTree":{"Hash":371857150},"PropertyNameRelic":{"Hash":512338013},"PropertyNameFilter":{"Hash":512338013},"PropertyClassify":2,"Order":34,"IconPath":"SpriteOutput/UI/Avatar/Icon/IconImaginaryResistanceDelta.png"},"BaseHP":{"PropertyType":"BaseHP","PropertyName":{"Hash":-1633266744},"PropertyNameSkillTree":{"Hash":-2049337893},"PropertyNameRelic":{"Hash":-2049337893},"PropertyNameFilter":{"Hash":-2049337893},"Order":35,"IconPath":"SpriteOutput/UI/Avatar/Icon/IconMaxHP.png"},"HPDelta":{"PropertyType":"HPDelta","PropertyName":{"Hash":-2062625823},"PropertyNameSkillTree":{"Hash":-1207493856},"PropertyNameRelic":{"Hash":1661327008},"PropertyNameFilter":{"Hash":1661327008},"MainRelicFilter":1,"SubRelicFilter":1,"Order":36,"IconPath":"SpriteOutput/UI/Avatar/Icon/IconMaxHP.png"},"HPAddedRatio":{"PropertyType":"HPAddedRatio","PropertyName":{"Hash":-1346382812},"PropertyNameSkillTree":{"Hash":831717191},"PropertyNameRelic":{"Hash":1661327008},"PropertyNameFilter":{"Hash":572535973},"MainRelicFilter":2,"SubRelicFilter":2,"Order":37,"IconPath":"SpriteOutput/UI/Avatar/Icon/IconMaxHP.png"},"BaseAttack":{"PropertyType":"BaseAttack","PropertyName":{"Hash":481327068},"PropertyNameSkillTree":{"Hash":179569395},"PropertyNameRelic":{"Hash":179569395},"PropertyNameFilter":{"Hash":179569395},"Order":38,"IconPath":"SpriteOutput/UI/Avatar/Icon/IconAttack.png"},"AttackDelta":{"PropertyType":"AttackDelta","PropertyName":{"Hash":-1283504019},"PropertyNameSkillTree":{"Hash":-1243590640},"PropertyNameRelic":{"Hash":2001888886},"PropertyNameFilter":{"Hash":2001888886},"MainRelicFilter":3,"SubRelicFilter":3,"Order":39,"IconPath":"SpriteOutput/UI/Avatar/Icon/IconAttack.png"},"AttackAddedRatio":{"PropertyType":"AttackAddedRatio","PropertyName":{"Hash":1352443712},"PropertyNameSkillTree":{"Hash":92176903},"PropertyNameRelic":{"Hash":2001888886},"PropertyNameFilter":{"Hash":-1049418559},"MainRelicFilter":4,"SubRelicFilter":4,"Order":40,"IconPath":"SpriteOutput/UI/Avatar/Icon/IconAttack.png"},"BaseDefence":{"PropertyType":"BaseDefence","PropertyName":{"Hash":488486100},"PropertyNameSkillTree":{"Hash":821549929},"PropertyNameRelic":{"Hash":821549929},"PropertyNameFilter":{"Hash":821549929},"Order":41,"IconPath":"SpriteOutput/UI/Avatar/Icon/IconDefence.png"},"DefenceDelta":{"PropertyType":"DefenceDelta","PropertyName":{"Hash":-554844301},"PropertyNameSkillTree":{"Hash":740343068},"PropertyNameRelic":{"Hash":-412481970},"PropertyNameFilter":{"Hash":-412481970},"SubRelicFilter":5,"Order":42,"IconPath":"SpriteOutput/UI/Avatar/Icon/IconDefence.png"},"DefenceAddedRatio":{"PropertyType":"DefenceAddedRatio","PropertyName":{"Hash":949399850},"PropertyNameSkillTree":{"Hash":1015286041},"PropertyNameRelic":{"Hash":-412481970},"PropertyNameFilter":{"Hash":2072073407},"MainRelicFilter":5,"SubRelicFilter":6,"Order":43,"IconPath":"SpriteOutput/UI/Avatar/Icon/IconDefence.png"},"BaseSpeed":{"PropertyType":"BaseSpeed","PropertyName":{"Hash":807271375},"PropertyNameSkillTree":{"Hash":-1515739258},"PropertyNameRelic":{"Hash":461357812},"PropertyNameFilter":{"Hash":461357812},"Order":44,"IconPath":"SpriteOutput/UI/Avatar/Icon/IconSpeed.png"},"HealTakenRatio":{"PropertyType":"HealTakenRatio","PropertyName":{"Hash":-56670514},"PropertyNameSkillTree":{"Hash":371857150},"PropertyNameRelic":{"Hash":799727458},"PropertyNameFilter":{"Hash":799727458},"PropertyClassify":1,"Order":45,"IconPath":"SpriteOutput/UI/Avatar/Icon/IconHealRatio.png"},"PhysicalResistanceDelta":{"PropertyType":"PhysicalResistanceDelta","PropertyName":{"Hash":214654939},"PropertyNameSkillTree":{"Hash":657619096},"PropertyNameRelic":{"Hash":214654939},"PropertyNameFilter":{"Hash":214654939},"PropertyClassify":2,"IsDisplay":true,"isBattleDisplay":true,"Order":46,"IconPath":"SpriteOutput/UI/Avatar/Icon/IconPhysicalResistanceDelta.png"},"FireResistanceDelta":{"PropertyType":"FireResistanceDelta","PropertyName":{"Hash":-757342856},"PropertyNameSkillTree":{"Hash":670685577},"PropertyNameRelic":{"Hash":-757342856},"PropertyNameFilter":{"Hash":-757342856},"PropertyClassify":2,"IsDisplay":true,"isBattleDisplay":true,"Order":47,"IconPath":"SpriteOutput/UI/Avatar/Icon/IconFireResistanceDelta.png"},"IceResistanceDelta":{"PropertyType":"IceResistanceDelta","PropertyName":{"Hash":-1877242639},"PropertyNameSkillTree":{"Hash":1284989126},"PropertyNameRelic":{"Hash":-1877242639},"PropertyNameFilter":{"Hash":-1877242639},"PropertyClassify":2,"IsDisplay":true,"isBattleDisplay":true,"Order":48,"IconPath":"SpriteOutput/UI/Avatar/Icon/IconIceResistanceDelta.png"},"ThunderResistanceDelta":{"PropertyType":"ThunderResistanceDelta","PropertyName":{"Hash":-567551348},"PropertyNameSkillTree":{"Hash":322345645},"PropertyNameRelic":{"Hash":-567551348},"PropertyNameFilter":{"Hash":-567551348},"PropertyClassify":2,"IsDisplay":true,"isBattleDisplay":true,"Order":49,"IconPath":"SpriteOutput/UI/Avatar/Icon/IconThunderResistanceDelta.png"},"WindResistanceDelta":{"PropertyType":"WindResistanceDelta","PropertyName":{"Hash":-1179693530},"PropertyNameSkillTree":{"Hash":1319137209},"PropertyNameRelic":{"Hash":-1179693530},"PropertyNameFilter":{"Hash":-1179693530},"PropertyClassify":2,"IsDisplay":true,"isBattleDisplay":true,"Order":50,"IconPath":"SpriteOutput/UI/Avatar/Icon/IconWindResistanceDelta.png"},"QuantumResistanceDelta":{"PropertyType":"QuantumResistanceDelta","PropertyName":{"Hash":-1565797131},"PropertyNameSkillTree":{"Hash":1691079300},"PropertyNameRelic":{"Hash":-1565797131},"PropertyNameFilter":{"Hash":-1565797131},"PropertyClassify":2,"IsDisplay":true,"isBattleDisplay":true,"Order":51,"IconPath":"SpriteOutput/UI/Avatar/Icon/IconQuantumResistanceDelta.png"},"ImaginaryResistanceDelta":{"PropertyType":"ImaginaryResistanceDelta","PropertyName":{"Hash":512338013},"PropertyNameSkillTree":{"Hash":-1527106884},"PropertyNameRelic":{"Hash":512338013},"PropertyNameFilter":{"Hash":512338013},"PropertyClassify":2,"IsDisplay":true,"isBattleDisplay":true,"Order":52,"IconPath":"SpriteOutput/UI/Avatar/Icon/IconImaginaryResistanceDelta.png"},"SpeedDelta":{"PropertyType":"SpeedDelta","PropertyName":{"Hash":-647246282},"PropertyNameSkillTree":{"Hash":-739566431},"PropertyNameRelic":{"Hash":461357812},"PropertyNameFilter":{"Hash":461357812},"MainRelicFilter":6,"SubRelicFilter":7,"Order":54,"IconPath":"SpriteOutput/UI/Avatar/Icon/IconSpeed.png"}}