{"201001":{"ID":201001,"ImagePath":"SpriteOutput/AvatarRoundIcon/1001.png","IsVisible":true,"AvatarID":1001},"201002":{"ID":201002,"ImagePath":"SpriteOutput/AvatarRoundIcon/1002.png","IsVisible":true,"AvatarID":1002},"201003":{"ID":201003,"ImagePath":"SpriteOutput/AvatarRoundIcon/1003.png","IsVisible":true,"AvatarID":1003},"201004":{"ID":201004,"ImagePath":"SpriteOutput/AvatarRoundIcon/1004.png","IsVisible":true,"AvatarID":1004},"201005":{"ID":201005,"ImagePath":"SpriteOutput/AvatarRoundIcon/1005.png","IsVisible":true,"AvatarID":1005},"201006":{"ID":201006,"ImagePath":"SpriteOutput/AvatarRoundIcon/1006.png","IsVisible":true,"AvatarID":1006},"201008":{"ID":201008,"ImagePath":"SpriteOutput/AvatarRoundIcon/1008.png","IsVisible":true,"AvatarID":1008},"201009":{"ID":201009,"ImagePath":"SpriteOutput/AvatarRoundIcon/1009.png","IsVisible":true,"AvatarID":1009},"201013":{"ID":201013,"ImagePath":"SpriteOutput/AvatarRoundIcon/1013.png","IsVisible":true,"AvatarID":1013},"201101":{"ID":201101,"ImagePath":"SpriteOutput/AvatarRoundIcon/1101.png","IsVisible":true,"AvatarID":1101},"201102":{"ID":201102,"ImagePath":"SpriteOutput/AvatarRoundIcon/1102.png","IsVisible":true,"AvatarID":1102},"201103":{"ID":201103,"ImagePath":"SpriteOutput/AvatarRoundIcon/1103.png","IsVisible":true,"AvatarID":1103},"201104":{"ID":201104,"ImagePath":"SpriteOutput/AvatarRoundIcon/1104.png","IsVisible":true,"AvatarID":1104},"201105":{"ID":201105,"ImagePath":"SpriteOutput/AvatarRoundIcon/1105.png","IsVisible":true,"AvatarID":1105},"201106":{"ID":201106,"ImagePath":"SpriteOutput/AvatarRoundIcon/1106.png","IsVisible":true,"AvatarID":1106},"201107":{"ID":201107,"ImagePath":"SpriteOutput/AvatarRoundIcon/1107.png","IsVisible":true,"AvatarID":1107},"201108":{"ID":201108,"ImagePath":"SpriteOutput/AvatarRoundIcon/1108.png","IsVisible":true,"AvatarID":1108},"201109":{"ID":201109,"ImagePath":"SpriteOutput/AvatarRoundIcon/1109.png","IsVisible":true,"AvatarID":1109},"201201":{"ID":201201,"ImagePath":"SpriteOutput/AvatarRoundIcon/1201.png","AvatarID":1201},"201202":{"ID":201202,"ImagePath":"SpriteOutput/AvatarRoundIcon/1202.png","AvatarID":1202},"201203":{"ID":201203,"ImagePath":"SpriteOutput/AvatarRoundIcon/1203.png","IsVisible":true,"AvatarID":1203},"201204":{"ID":201204,"ImagePath":"SpriteOutput/AvatarRoundIcon/1204.png","IsVisible":true,"AvatarID":1204},"201206":{"ID":201206,"ImagePath":"SpriteOutput/AvatarRoundIcon/1206.png","AvatarID":1206},"201207":{"ID":201207,"ImagePath":"SpriteOutput/AvatarRoundIcon/1207.png","AvatarID":1207},"201209":{"ID":201209,"ImagePath":"SpriteOutput/AvatarRoundIcon/1209.png","AvatarID":1209},"201211":{"ID":201211,"ImagePath":"SpriteOutput/AvatarRoundIcon/1211.png","AvatarID":1211},"208001":{"ID":208001,"ImagePath":"SpriteOutput/AvatarRoundIcon/8001.png","IsVisible":true,"AvatarID":8001},"208002":{"ID":208002,"ImagePath":"SpriteOutput/AvatarRoundIcon/8002.png","IsVisible":true,"AvatarID":8002},"208003":{"ID":208003,"ImagePath":"SpriteOutput/AvatarRoundIcon/8003.png","IsVisible":true,"AvatarID":8003},"208004":{"ID":208004,"ImagePath":"SpriteOutput/AvatarRoundIcon/8004.png","IsVisible":true,"AvatarID":8004}}