{"100101":{"RankID":100101,"Rank":1,"Trigger":{"Hash":2089636447},"Name":"AvatarRankName_100101","Desc":"AvatarRankDesc_100101","IconPath":"SpriteOutput/SkillIcons/1001/SkillIcon_1001_Rank1.png","SkillAddLevelList":{},"RankAbility":[],"UnlockCost":[{"ItemID":11001,"ItemNum":1}],"Param":[{"Value":6}]},"100102":{"RankID":100102,"Rank":2,"Trigger":{"Hash":523552506},"Name":"AvatarRankName_100102","Desc":"AvatarRankDesc_100102","IconPath":"SpriteOutput/SkillIcons/1001/SkillIcon_1001_Rank2.png","SkillAddLevelList":{},"RankAbility":["Avatar_March7th_Rank02"],"UnlockCost":[{"ItemID":11001,"ItemNum":1}],"Param":[{"Value":0.24000000022351742},{"Value":3},{"Value":320}]},"100103":{"RankID":100103,"Rank":3,"Trigger":{"Hash":-1042531435},"Name":"AvatarRankName_100103","Desc":"AvatarRankDesc_100103","IconPath":"SpriteOutput/SkillIcons/1001/SkillIcon_1001_Ultra.png","SkillAddLevelList":{"100101":1,"100103":2},"RankAbility":[],"UnlockCost":[{"ItemID":11001,"ItemNum":1}],"Param":[]},"100104":{"RankID":100104,"Rank":4,"Trigger":{"Hash":1686351920},"Name":"AvatarRankName_100104","Desc":"AvatarRankDesc_100104","IconPath":"SpriteOutput/SkillIcons/1001/SkillIcon_1001_Rank4.png","SkillAddLevelList":{},"RankAbility":[],"UnlockCost":[{"ItemID":11001,"ItemNum":1}],"Param":[{"Value":0.3000000002793968}]},"100105":{"RankID":100105,"Rank":5,"Trigger":{"Hash":120267979},"Name":"AvatarRankName_100105","Desc":"AvatarRankDesc_100105","IconPath":"SpriteOutput/SkillIcons/1001/SkillIcon_1001_BP.png","SkillAddLevelList":{"100102":2,"100104":2},"RankAbility":[],"UnlockCost":[{"ItemID":11001,"ItemNum":1}],"Param":[]},"100106":{"RankID":100106,"Rank":6,"Trigger":{"Hash":-1445815962},"Name":"AvatarRankName_100106","Desc":"AvatarRankDesc_100106","IconPath":"SpriteOutput/SkillIcons/1001/SkillIcon_1001_Rank6.png","SkillAddLevelList":{},"RankAbility":[],"UnlockCost":[{"ItemID":11001,"ItemNum":1}],"Param":[{"Value":0.0400000000372529},{"Value":106}]},"100201":{"RankID":100201,"Rank":1,"Trigger":{"Hash":2089636447},"Name":"AvatarRankName_100201","Desc":"AvatarRankDesc_100201","IconPath":"SpriteOutput/SkillIcons/1002/SkillIcon_1002_Rank1.png","SkillAddLevelList":{},"RankAbility":["Avatar_DanHeng_Rank01"],"UnlockCost":[{"ItemID":11002,"ItemNum":1}],"Param":[{"Value":0.5000000004656613},{"Value":0.12000000011175871}]},"100202":{"RankID":100202,"Rank":2,"Trigger":{"Hash":523552506},"Name":"AvatarRankName_100202","Desc":"AvatarRankDesc_100202","IconPath":"SpriteOutput/SkillIcons/1002/SkillIcon_1002_Rank2.png","SkillAddLevelList":{},"RankAbility":[],"UnlockCost":[{"ItemID":11002,"ItemNum":1}],"Param":[]},"100203":{"RankID":100203,"Rank":3,"Trigger":{"Hash":-1042531435},"Name":"AvatarRankName_100203","Desc":"AvatarRankDesc_100203","IconPath":"SpriteOutput/SkillIcons/1002/SkillIcon_1002_BP.png","SkillAddLevelList":{"100201":1,"100202":2},"RankAbility":[],"UnlockCost":[{"ItemID":11002,"ItemNum":1}],"Param":[]},"100204":{"RankID":100204,"Rank":4,"Trigger":{"Hash":1686351920},"Name":"AvatarRankName_100204","Desc":"AvatarRankDesc_100204","IconPath":"SpriteOutput/SkillIcons/1002/SkillIcon_1002_Rank4.png","SkillAddLevelList":{},"RankAbility":[],"UnlockCost":[{"ItemID":11002,"ItemNum":1}],"Param":[]},"100205":{"RankID":100205,"Rank":5,"Trigger":{"Hash":120267979},"Name":"AvatarRankName_100205","Desc":"AvatarRankDesc_100205","IconPath":"SpriteOutput/SkillIcons/1002/SkillIcon_1002_Ultra.png","SkillAddLevelList":{"100203":2,"100204":2},"RankAbility":[],"UnlockCost":[{"ItemID":11002,"ItemNum":1}],"Param":[]},"100206":{"RankID":100206,"Rank":6,"Trigger":{"Hash":-1445815962},"Name":"AvatarRankName_100206","Desc":"AvatarRankDesc_100206","IconPath":"SpriteOutput/SkillIcons/1002/SkillIcon_1002_Rank6.png","SkillAddLevelList":{},"RankAbility":[],"UnlockCost":[{"ItemID":11002,"ItemNum":1}],"Param":[{"Value":0.0800000000745058}]},"100301":{"RankID":100301,"Rank":1,"Trigger":{"Hash":2089636447},"Name":"AvatarRankName_100301","Desc":"AvatarRankDesc_100301","IconPath":"SpriteOutput/SkillIcons/1003/SkillIcon_1003_Rank1.png","SkillAddLevelList":{},"RankAbility":[],"UnlockCost":[{"ItemID":11003,"ItemNum":1}],"Param":[{"Value":0.20000000018626451},{"Value":2}]},"100302":{"RankID":100302,"Rank":2,"Trigger":{"Hash":523552506},"Name":"AvatarRankName_100302","Desc":"AvatarRankDesc_100302","IconPath":"SpriteOutput/SkillIcons/1003/SkillIcon_1003_Rank2.png","SkillAddLevelList":{},"RankAbility":["Avatar_Himeko_Rank02"],"UnlockCost":[{"ItemID":11003,"ItemNum":1}],"Param":[{"Value":0.5000000004656613},{"Value":0.1500000001396984}]},"100303":{"RankID":100303,"Rank":3,"Trigger":{"Hash":-1042531435},"Name":"AvatarRankName_100303","Desc":"AvatarRankDesc_100303","IconPath":"SpriteOutput/SkillIcons/1003/SkillIcon_1003_BP.png","SkillAddLevelList":{"100301":1,"100302":2},"RankAbility":[],"UnlockCost":[{"ItemID":11003,"ItemNum":1}],"Param":[]},"100304":{"RankID":100304,"Rank":4,"Trigger":{"Hash":1686351920},"Name":"AvatarRankName_100304","Desc":"AvatarRankDesc_100304","IconPath":"SpriteOutput/SkillIcons/1003/SkillIcon_1003_Rank4.png","SkillAddLevelList":{},"RankAbility":[],"UnlockCost":[{"ItemID":11003,"ItemNum":1}],"Param":[{"Value":1}]},"100305":{"RankID":100305,"Rank":5,"Trigger":{"Hash":120267979},"Name":"AvatarRankName_100305","Desc":"AvatarRankDesc_100305","IconPath":"SpriteOutput/SkillIcons/1003/SkillIcon_1003_Ultra.png","SkillAddLevelList":{"100303":2,"100304":2},"RankAbility":[],"UnlockCost":[{"ItemID":11003,"ItemNum":1}],"Param":[]},"100306":{"RankID":100306,"Rank":6,"Trigger":{"Hash":-1445815962},"Name":"AvatarRankName_100306","Desc":"AvatarRankDesc_100306","IconPath":"SpriteOutput/SkillIcons/1003/SkillIcon_1003_Rank6.png","SkillAddLevelList":{},"RankAbility":[],"UnlockCost":[{"ItemID":11003,"ItemNum":1}],"Param":[{"Value":0.40000000037252903}]},"100401":{"RankID":100401,"Rank":1,"Trigger":{"Hash":2089636447},"Name":"AvatarRankName_100401","Desc":"AvatarRankDesc_100401","IconPath":"SpriteOutput/SkillIcons/1004/SkillIcon_1004_Rank1.png","SkillAddLevelList":{},"RankAbility":[],"UnlockCost":[{"ItemID":11004,"ItemNum":1}],"Param":[{"Value":0.5000000004656613},{"Value":0.8000000007450581},{"Value":2}]},"100402":{"RankID":100402,"Rank":2,"Trigger":{"Hash":523552506},"Name":"AvatarRankName_100402","Desc":"AvatarRankDesc_100402","IconPath":"SpriteOutput/SkillIcons/1004/SkillIcon_1004_Rank2.png","SkillAddLevelList":{},"RankAbility":[],"UnlockCost":[{"ItemID":11004,"ItemNum":1}],"Param":[{"Value":3}]},"100403":{"RankID":100403,"Rank":3,"Trigger":{"Hash":-1042531435},"Name":"AvatarRankName_100403","Desc":"AvatarRankDesc_100403","IconPath":"SpriteOutput/SkillIcons/1004/SkillIcon_1004_BP.png","SkillAddLevelList":{"100401":1,"100402":2},"RankAbility":[],"UnlockCost":[{"ItemID":11004,"ItemNum":1}],"Param":[]},"100404":{"RankID":100404,"Rank":4,"Trigger":{"Hash":1686351920},"Name":"AvatarRankName_100404","Desc":"AvatarRankDesc_100404","IconPath":"SpriteOutput/SkillIcons/1004/SkillIcon_1004_Rank4.png","SkillAddLevelList":{},"RankAbility":[],"UnlockCost":[{"ItemID":11004,"ItemNum":1}],"Param":[{"Value":0.3500000003259629}]},"100405":{"RankID":100405,"Rank":5,"Trigger":{"Hash":120267979},"Name":"AvatarRankName_100405","Desc":"AvatarRankDesc_100405","IconPath":"SpriteOutput/SkillIcons/1004/SkillIcon_1004_Ultra.png","SkillAddLevelList":{"100403":2,"100404":2},"RankAbility":[],"UnlockCost":[{"ItemID":11004,"ItemNum":1}],"Param":[]},"100406":{"RankID":100406,"Rank":6,"Trigger":{"Hash":-1445815962},"Name":"AvatarRankName_100406","Desc":"AvatarRankDesc_100406","IconPath":"SpriteOutput/SkillIcons/1004/SkillIcon_1004_Rank6.png","SkillAddLevelList":{},"RankAbility":[],"UnlockCost":[{"ItemID":11004,"ItemNum":1}],"Param":[]},"100501":{"RankID":100501,"Rank":1,"Trigger":{"Hash":2089636447},"Name":"AvatarRankName_100501","Desc":"AvatarRankDesc_100501","IconPath":"SpriteOutput/SkillIcons/1005/SkillIcon_1005_Rank1.png","SkillAddLevelList":{},"RankAbility":[],"UnlockCost":[{"ItemID":11005,"ItemNum":1}],"Param":[]},"100502":{"RankID":100502,"Rank":2,"Trigger":{"Hash":523552506},"Name":"AvatarRankName_100502","Desc":"AvatarRankDesc_100502","IconPath":"SpriteOutput/SkillIcons/1005/SkillIcon_1005_Rank2.png","SkillAddLevelList":{},"RankAbility":["Avatar_Kafka_Rank02"],"UnlockCost":[{"ItemID":11005,"ItemNum":1}],"Param":[{"Value":0.5000000004656613}]},"100503":{"RankID":100503,"Rank":3,"Trigger":{"Hash":-1042531435},"Name":"AvatarRankName_100503","Desc":"AvatarRankDesc_100503","IconPath":"SpriteOutput/SkillIcons/1005/SkillIcon_1005_BP.png","SkillAddLevelList":{"100501":1,"100502":2},"RankAbility":[],"UnlockCost":[{"ItemID":11005,"ItemNum":1}],"Param":[]},"100504":{"RankID":100504,"Rank":4,"Trigger":{"Hash":1686351920},"Name":"AvatarRankName_100504","Desc":"AvatarRankDesc_100504","IconPath":"SpriteOutput/SkillIcons/1005/SkillIcon_1005_Rank4.png","SkillAddLevelList":{},"RankAbility":[],"UnlockCost":[{"ItemID":11005,"ItemNum":1}],"Param":[{"Value":1},{"Value":2}]},"100505":{"RankID":100505,"Rank":5,"Trigger":{"Hash":120267979},"Name":"AvatarRankName_100505","Desc":"AvatarRankDesc_100505","IconPath":"SpriteOutput/SkillIcons/1005/SkillIcon_1005_Ultra.png","SkillAddLevelList":{"100503":2,"100504":2},"RankAbility":[],"UnlockCost":[{"ItemID":11005,"ItemNum":1}],"Param":[]},"100506":{"RankID":100506,"Rank":6,"Trigger":{"Hash":-1445815962},"Name":"AvatarRankName_100506","Desc":"AvatarRankDesc_100506","IconPath":"SpriteOutput/SkillIcons/1005/SkillIcon_1005_Rank6.png","SkillAddLevelList":{},"RankAbility":[],"UnlockCost":[{"ItemID":11005,"ItemNum":1}],"Param":[{"Value":1},{"Value":1}]},"100601":{"RankID":100601,"Rank":1,"Trigger":{"Hash":2089636447},"Name":"AvatarRankName_100601","Desc":"AvatarRankDesc_100601","IconPath":"SpriteOutput/SkillIcons/1006/SkillIcon_1006_Rank1.png","SkillAddLevelList":{},"RankAbility":["Avatar_Silwolf_Rank01"],"UnlockCost":[{"ItemID":11006,"ItemNum":1}],"Param":[{"Value":0.3000000002793968},{"Value":2}]},"100602":{"RankID":100602,"Rank":2,"Trigger":{"Hash":523552506},"Name":"AvatarRankName_100602","Desc":"AvatarRankDesc_100602","IconPath":"SpriteOutput/SkillIcons/1006/SkillIcon_1006_Rank2.png","SkillAddLevelList":{},"RankAbility":[],"UnlockCost":[{"ItemID":11006,"ItemNum":1}],"Param":[{"Value":8},{"Value":5}]},"100603":{"RankID":100603,"Rank":3,"Trigger":{"Hash":-1042531435},"Name":"AvatarRankName_100603","Desc":"AvatarRankDesc_100603","IconPath":"SpriteOutput/SkillIcons/1006/SkillIcon_1006_BP.png","SkillAddLevelList":{"100602":2,"100604":2},"RankAbility":[],"UnlockCost":[{"ItemID":11006,"ItemNum":1}],"Param":[]},"100604":{"RankID":100604,"Rank":4,"Trigger":{"Hash":1686351920},"Name":"AvatarRankName_100604","Desc":"AvatarRankDesc_100604","IconPath":"SpriteOutput/SkillIcons/1006/SkillIcon_1006_Rank4.png","SkillAddLevelList":{},"RankAbility":[],"UnlockCost":[{"ItemID":11006,"ItemNum":1}],"Param":[{"Value":0.20000000018626451},{"Value":5}]},"100605":{"RankID":100605,"Rank":5,"Trigger":{"Hash":120267979},"Name":"AvatarRankName_100605","Desc":"AvatarRankDesc_100605","IconPath":"SpriteOutput/SkillIcons/1006/SkillIcon_1006_Ultra.png","SkillAddLevelList":{"100601":1,"100603":2},"RankAbility":[],"UnlockCost":[{"ItemID":11006,"ItemNum":1}],"Param":[]},"100606":{"RankID":100606,"Rank":6,"Trigger":{"Hash":-1445815962},"Name":"AvatarRankName_100606","Desc":"AvatarRankDesc_100606","IconPath":"SpriteOutput/SkillIcons/1006/SkillIcon_1006_Rank6.png","SkillAddLevelList":{},"RankAbility":["Avatar_Silwolf_Rank06"],"UnlockCost":[{"ItemID":11006,"ItemNum":1}],"Param":[{"Value":0.20000000018626451},{"Value":5}]},"100801":{"RankID":100801,"Rank":1,"Trigger":{"Hash":2089636447},"Name":"AvatarRankName_100801","Desc":"AvatarRankDesc_100801","IconPath":"SpriteOutput/SkillIcons/1008/SkillIcon_1008_Rank1.png","SkillAddLevelList":{},"RankAbility":[],"UnlockCost":[{"ItemID":11008,"ItemNum":1}],"Param":[{"Value":0.10000000009313226}]},"100802":{"RankID":100802,"Rank":2,"Trigger":{"Hash":523552506},"Name":"AvatarRankName_100802","Desc":"AvatarRankDesc_100802","IconPath":"SpriteOutput/SkillIcons/1008/SkillIcon_1008_Rank2.png","SkillAddLevelList":{},"RankAbility":[],"UnlockCost":[{"ItemID":11008,"ItemNum":1}],"Param":[]},"100803":{"RankID":100803,"Rank":3,"Trigger":{"Hash":-1042531435},"Name":"AvatarRankName_100803","Desc":"AvatarRankDesc_100803","IconPath":"SpriteOutput/SkillIcons/1008/SkillIcon_1008_BP.png","SkillAddLevelList":{"100801":1,"100802":2},"RankAbility":[],"UnlockCost":[{"ItemID":11008,"ItemNum":1}],"Param":[]},"100804":{"RankID":100804,"Rank":4,"Trigger":{"Hash":1686351920},"Name":"AvatarRankName_100804","Desc":"AvatarRankDesc_100804","IconPath":"SpriteOutput/SkillIcons/1008/SkillIcon_1008_Rank4.png","SkillAddLevelList":{},"RankAbility":[],"UnlockCost":[{"ItemID":11008,"ItemNum":1}],"Param":[{"Value":0.25000000023283064},{"Value":2}]},"100805":{"RankID":100805,"Rank":5,"Trigger":{"Hash":120267979},"Name":"AvatarRankName_100805","Desc":"AvatarRankDesc_100805","IconPath":"SpriteOutput/SkillIcons/1008/SkillIcon_1008_Ultra.png","SkillAddLevelList":{"100803":2,"100804":2},"RankAbility":[],"UnlockCost":[{"ItemID":11008,"ItemNum":1}],"Param":[]},"100806":{"RankID":100806,"Rank":6,"Trigger":{"Hash":-1445815962},"Name":"AvatarRankName_100806","Desc":"AvatarRankDesc_100806","IconPath":"SpriteOutput/SkillIcons/1008/SkillIcon_1008_Rank6.png","SkillAddLevelList":{},"RankAbility":[],"UnlockCost":[{"ItemID":11008,"ItemNum":1}],"Param":[{"Value":0.20000000018626451}]},"100901":{"RankID":100901,"Rank":1,"Trigger":{"Hash":2089636447},"Name":"AvatarRankName_100901","Desc":"AvatarRankDesc_100901","IconPath":"SpriteOutput/SkillIcons/1009/SkillIcon_1009_Rank1.png","SkillAddLevelList":{},"RankAbility":[],"UnlockCost":[{"ItemID":11009,"ItemNum":1}],"Param":[]},"100902":{"RankID":100902,"Rank":2,"Trigger":{"Hash":523552506},"Name":"AvatarRankName_100902","Desc":"AvatarRankDesc_100902","IconPath":"SpriteOutput/SkillIcons/1009/SkillIcon_1009_Rank2.png","SkillAddLevelList":{},"RankAbility":[],"UnlockCost":[{"ItemID":11009,"ItemNum":1}],"Param":[{"Value":1}]},"100903":{"RankID":100903,"Rank":3,"Trigger":{"Hash":-1042531435},"Name":"AvatarRankName_100903","Desc":"AvatarRankDesc_100903","IconPath":"SpriteOutput/SkillIcons/1009/SkillIcon_1009_BP.png","SkillAddLevelList":{"100902":2,"100904":2},"RankAbility":[],"UnlockCost":[{"ItemID":11009,"ItemNum":1}],"Param":[]},"100904":{"RankID":100904,"Rank":4,"Trigger":{"Hash":1686351920},"Name":"AvatarRankName_100904","Desc":"AvatarRankDesc_100904","IconPath":"SpriteOutput/SkillIcons/1009/SkillIcon_1009_Rank4.png","SkillAddLevelList":{},"RankAbility":[],"UnlockCost":[{"ItemID":11009,"ItemNum":1}],"Param":[{"Value":2},{"Value":0.1500000001396984}]},"100905":{"RankID":100905,"Rank":5,"Trigger":{"Hash":120267979},"Name":"AvatarRankName_100905","Desc":"AvatarRankDesc_100905","IconPath":"SpriteOutput/SkillIcons/1009/SkillIcon_1009_Ultra.png","SkillAddLevelList":{"100901":1,"100903":2},"RankAbility":[],"UnlockCost":[{"ItemID":11009,"ItemNum":1}],"Param":[]},"100906":{"RankID":100906,"Rank":6,"Trigger":{"Hash":-1445815962},"Name":"AvatarRankName_100906","Desc":"AvatarRankDesc_100906","IconPath":"SpriteOutput/SkillIcons/1009/SkillIcon_1009_Rank6.png","SkillAddLevelList":{},"RankAbility":[],"UnlockCost":[{"ItemID":11009,"ItemNum":1}],"Param":[{"Value":1}]},"101301":{"RankID":101301,"Rank":1,"Trigger":{"Hash":2089636447},"Name":"AvatarRankName_101301","Desc":"AvatarRankDesc_101301","IconPath":"SpriteOutput/SkillIcons/1013/SkillIcon_1013_Rank1.png","SkillAddLevelList":{},"RankAbility":[],"UnlockCost":[{"ItemID":11013,"ItemNum":1}],"Param":[{"Value":0.5000000004656613},{"Value":0.40000000037252903}]},"101302":{"RankID":101302,"Rank":2,"Trigger":{"Hash":523552506},"Name":"AvatarRankName_101302","Desc":"AvatarRankDesc_101302","IconPath":"SpriteOutput/SkillIcons/1013/SkillIcon_1013_Rank2.png","SkillAddLevelList":{},"RankAbility":[],"UnlockCost":[{"ItemID":11013,"ItemNum":1}],"Param":[{"Value":0.030000000027939677},{"Value":5}]},"101303":{"RankID":101303,"Rank":3,"Trigger":{"Hash":-1042531435},"Name":"AvatarRankName_101303","Desc":"AvatarRankDesc_101303","IconPath":"SpriteOutput/SkillIcons/1013/SkillIcon_1013_BP.png","SkillAddLevelList":{"101301":1,"101302":2},"RankAbility":[],"UnlockCost":[{"ItemID":11013,"ItemNum":1}],"Param":[]},"101304":{"RankID":101304,"Rank":4,"Trigger":{"Hash":1686351920},"Name":"AvatarRankName_101304","Desc":"AvatarRankDesc_101304","IconPath":"SpriteOutput/SkillIcons/1013/SkillIcon_1013_Rank4.png","SkillAddLevelList":{},"RankAbility":[],"UnlockCost":[{"ItemID":11013,"ItemNum":1}],"Param":[{"Value":0.10000000009313226}]},"101305":{"RankID":101305,"Rank":5,"Trigger":{"Hash":120267979},"Name":"AvatarRankName_101305","Desc":"AvatarRankDesc_101305","IconPath":"SpriteOutput/SkillIcons/1013/SkillIcon_1013_Ultra.png","SkillAddLevelList":{"101303":2,"101304":2},"RankAbility":[],"UnlockCost":[{"ItemID":11013,"ItemNum":1}],"Param":[]},"101306":{"RankID":101306,"Rank":6,"Trigger":{"Hash":-1445815962},"Name":"AvatarRankName_101306","Desc":"AvatarRankDesc_101306","IconPath":"SpriteOutput/SkillIcons/1013/SkillIcon_1013_Rank6.png","SkillAddLevelList":{},"RankAbility":[],"UnlockCost":[{"ItemID":11013,"ItemNum":1}],"Param":[{"Value":0.25000000023283064},{"Value":1}]},"110101":{"RankID":110101,"Rank":1,"Trigger":{"Hash":2089636447},"Name":"AvatarRankName_110101","Desc":"AvatarRankDesc_110101","IconPath":"SpriteOutput/SkillIcons/1101/SkillIcon_1101_Rank1.png","SkillAddLevelList":{},"RankAbility":["Avatar_Bronya_00_Rank01"],"UnlockCost":[{"ItemID":11101,"ItemNum":1}],"Param":[{"Value":0.5000000004656613}]},"110102":{"RankID":110102,"Rank":2,"Trigger":{"Hash":523552506},"Name":"AvatarRankName_110102","Desc":"AvatarRankDesc_110102","IconPath":"SpriteOutput/SkillIcons/1101/SkillIcon_1101_Rank2.png","SkillAddLevelList":{},"RankAbility":[],"UnlockCost":[{"ItemID":11101,"ItemNum":1}],"Param":[{"Value":0.3000000002793968}]},"110103":{"RankID":110103,"Rank":3,"Trigger":{"Hash":-1042531435},"Name":"AvatarRankName_110103","Desc":"AvatarRankDesc_110103","IconPath":"SpriteOutput/SkillIcons/1101/SkillIcon_1101_Ultra.png","SkillAddLevelList":{"110103":2,"110104":2},"RankAbility":[],"UnlockCost":[{"ItemID":11101,"ItemNum":1}],"Param":[]},"110104":{"RankID":110104,"Rank":4,"Trigger":{"Hash":1686351920},"Name":"AvatarRankName_110104","Desc":"AvatarRankDesc_110104","IconPath":"SpriteOutput/SkillIcons/1101/SkillIcon_1101_Rank4.png","SkillAddLevelList":{},"RankAbility":["Avatar_Bronya_00_Rank04"],"UnlockCost":[{"ItemID":11101,"ItemNum":1}],"Param":[{"Value":0.8000000007450581}]},"110105":{"RankID":110105,"Rank":5,"Trigger":{"Hash":120267979},"Name":"AvatarRankName_110105","Desc":"AvatarRankDesc_110105","IconPath":"SpriteOutput/SkillIcons/1101/SkillIcon_1101_BP.png","SkillAddLevelList":{"110101":1,"110102":2},"RankAbility":[],"UnlockCost":[{"ItemID":11101,"ItemNum":1}],"Param":[]},"110106":{"RankID":110106,"Rank":6,"Trigger":{"Hash":-1445815962},"Name":"AvatarRankName_110106","Desc":"AvatarRankDesc_110106","IconPath":"SpriteOutput/SkillIcons/1101/SkillIcon_1101_Rank6.png","SkillAddLevelList":{},"RankAbility":[],"UnlockCost":[{"ItemID":11101,"ItemNum":1}],"Param":[{"Value":1}]},"110201":{"RankID":110201,"Rank":1,"Trigger":{"Hash":2089636447},"Name":"AvatarRankName_110201","Desc":"AvatarRankDesc_110201","IconPath":"SpriteOutput/SkillIcons/1102/SkillIcon_1102_Rank1.png","SkillAddLevelList":{},"RankAbility":["Avatar_Seele_Rank01"],"UnlockCost":[{"ItemID":11102,"ItemNum":1}],"Param":[{"Value":0.8000000007450581},{"Value":0.1500000001396984}]},"110202":{"RankID":110202,"Rank":2,"Trigger":{"Hash":523552506},"Name":"AvatarRankName_110202","Desc":"AvatarRankDesc_110202","IconPath":"SpriteOutput/SkillIcons/1102/SkillIcon_1102_Rank2.png","SkillAddLevelList":{},"RankAbility":[],"UnlockCost":[{"ItemID":11102,"ItemNum":1}],"Param":[{"Value":2}]},"110203":{"RankID":110203,"Rank":3,"Trigger":{"Hash":-1042531435},"Name":"AvatarRankName_110203","Desc":"AvatarRankDesc_110203","IconPath":"SpriteOutput/SkillIcons/1102/SkillIcon_1102_BP.png","SkillAddLevelList":{"110202":2,"110204":2},"RankAbility":[],"UnlockCost":[{"ItemID":11102,"ItemNum":1}],"Param":[]},"110204":{"RankID":110204,"Rank":4,"Trigger":{"Hash":1686351920},"Name":"AvatarRankName_110204","Desc":"AvatarRankDesc_110204","IconPath":"SpriteOutput/SkillIcons/1102/SkillIcon_1102_Rank4.png","SkillAddLevelList":{},"RankAbility":["Avatar_Seele_Rank04"],"UnlockCost":[{"ItemID":11102,"ItemNum":1}],"Param":[{"Value":15}]},"110205":{"RankID":110205,"Rank":5,"Trigger":{"Hash":120267979},"Name":"AvatarRankName_110205","Desc":"AvatarRankDesc_110205","IconPath":"SpriteOutput/SkillIcons/1102/SkillIcon_1102_Ultra.png","SkillAddLevelList":{"110201":1,"110203":2},"RankAbility":[],"UnlockCost":[{"ItemID":11102,"ItemNum":1}],"Param":[]},"110206":{"RankID":110206,"Rank":6,"Trigger":{"Hash":-1445815962},"Name":"AvatarRankName_110206","Desc":"AvatarRankDesc_110206","IconPath":"SpriteOutput/SkillIcons/1102/SkillIcon_1102_Rank6.png","SkillAddLevelList":{},"RankAbility":["Avatar_Seele_Rank06"],"UnlockCost":[{"ItemID":11102,"ItemNum":1}],"Param":[{"Value":0.1500000001396984},{"Value":1}]},"110301":{"RankID":110301,"Rank":1,"Trigger":{"Hash":2089636447},"Name":"AvatarRankName_110301","Desc":"AvatarRankDesc_110301","IconPath":"SpriteOutput/SkillIcons/1103/SkillIcon_1103_Rank1.png","SkillAddLevelList":{},"RankAbility":[],"UnlockCost":[{"ItemID":11103,"ItemNum":1}],"Param":[{"Value":0.6000000005587935}]},"110302":{"RankID":110302,"Rank":2,"Trigger":{"Hash":523552506},"Name":"AvatarRankName_110302","Desc":"AvatarRankDesc_110302","IconPath":"SpriteOutput/SkillIcons/1103/SkillIcon_1103_Rank2.png","SkillAddLevelList":{},"RankAbility":[],"UnlockCost":[{"ItemID":11103,"ItemNum":1}],"Param":[{"Value":4}]},"110303":{"RankID":110303,"Rank":3,"Trigger":{"Hash":-1042531435},"Name":"AvatarRankName_110303","Desc":"AvatarRankDesc_110303","IconPath":"SpriteOutput/SkillIcons/1103/SkillIcon_1103_BP.png","SkillAddLevelList":{"110301":1,"110302":2},"RankAbility":[],"UnlockCost":[{"ItemID":11103,"ItemNum":1}],"Param":[]},"110304":{"RankID":110304,"Rank":4,"Trigger":{"Hash":1686351920},"Name":"AvatarRankName_110304","Desc":"AvatarRankDesc_110304","IconPath":"SpriteOutput/SkillIcons/1103/SkillIcon_1103_Rank4.png","SkillAddLevelList":{},"RankAbility":[],"UnlockCost":[{"ItemID":11103,"ItemNum":1}],"Param":[{"Value":1}]},"110305":{"RankID":110305,"Rank":5,"Trigger":{"Hash":120267979},"Name":"AvatarRankName_110305","Desc":"AvatarRankDesc_110305","IconPath":"SpriteOutput/SkillIcons/1103/SkillIcon_1103_Ultra.png","SkillAddLevelList":{"110303":2,"110304":2},"RankAbility":[],"UnlockCost":[{"ItemID":11103,"ItemNum":1}],"Param":[]},"110306":{"RankID":110306,"Rank":6,"Trigger":{"Hash":-1445815962},"Name":"AvatarRankName_110306","Desc":"AvatarRankDesc_110306","IconPath":"SpriteOutput/SkillIcons/1103/SkillIcon_1103_Rank6.png","SkillAddLevelList":{},"RankAbility":["Avatar_Serval_00_Rank06"],"UnlockCost":[{"ItemID":11103,"ItemNum":1}],"Param":[{"Value":0.3000000002793968}]},"110401":{"RankID":110401,"Rank":1,"Trigger":{"Hash":2089636447},"Name":"AvatarRankName_110401","Desc":"AvatarRankDesc_110401","IconPath":"SpriteOutput/SkillIcons/1104/SkillIcon_1104_Rank1.png","SkillAddLevelList":{},"RankAbility":[],"UnlockCost":[{"ItemID":11104,"ItemNum":1}],"Param":[{"Value":0.3500000003259629}]},"110402":{"RankID":110402,"Rank":2,"Trigger":{"Hash":523552506},"Name":"AvatarRankName_110402","Desc":"AvatarRankDesc_110402","IconPath":"SpriteOutput/SkillIcons/1104/SkillIcon_1104_Rank2.png","SkillAddLevelList":{},"RankAbility":[],"UnlockCost":[{"ItemID":11104,"ItemNum":1}],"Param":[{"Value":0.20000000018626451},{"Value":1}]},"110403":{"RankID":110403,"Rank":3,"Trigger":{"Hash":-1042531435},"Name":"AvatarRankName_110403","Desc":"AvatarRankDesc_110403","IconPath":"SpriteOutput/SkillIcons/1104/SkillIcon_1104_Ultra.png","SkillAddLevelList":{"110403":2,"110404":2},"RankAbility":[],"UnlockCost":[{"ItemID":11104,"ItemNum":1}],"Param":[]},"110404":{"RankID":110404,"Rank":4,"Trigger":{"Hash":1686351920},"Name":"AvatarRankName_110404","Desc":"AvatarRankDesc_110404","IconPath":"SpriteOutput/SkillIcons/1104/SkillIcon_1104_Rank4.png","SkillAddLevelList":{},"RankAbility":[],"UnlockCost":[{"ItemID":11104,"ItemNum":1}],"Param":[{"Value":0.20000000018626451}]},"110405":{"RankID":110405,"Rank":5,"Trigger":{"Hash":120267979},"Name":"AvatarRankName_110405","Desc":"AvatarRankDesc_110405","IconPath":"SpriteOutput/SkillIcons/1104/SkillIcon_1104_BP.png","SkillAddLevelList":{"110401":1,"110402":2},"RankAbility":[],"UnlockCost":[{"ItemID":11104,"ItemNum":1}],"Param":[]},"110406":{"RankID":110406,"Rank":6,"Trigger":{"Hash":-1445815962},"Name":"AvatarRankName_110406","Desc":"AvatarRankDesc_110406","IconPath":"SpriteOutput/SkillIcons/1104/SkillIcon_1104_Rank6.png","SkillAddLevelList":{},"RankAbility":[],"UnlockCost":[{"ItemID":11104,"ItemNum":1}],"Param":[{"Value":0.5000000004656613}]},"110501":{"RankID":110501,"Rank":1,"Trigger":{"Hash":2089636447},"Name":"AvatarRankName_110501","Desc":"AvatarRankDesc_110501","IconPath":"SpriteOutput/SkillIcons/1105/SkillIcon_1105_Rank1.png","SkillAddLevelList":{},"RankAbility":["Avatar_Natasha_00_Rank01"],"UnlockCost":[{"ItemID":11105,"ItemNum":1}],"Param":[{"Value":0.3000000002793968},{"Value":0.1500000001396984},{"Value":400}]},"110502":{"RankID":110502,"Rank":2,"Trigger":{"Hash":523552506},"Name":"AvatarRankName_110502","Desc":"AvatarRankDesc_110502","IconPath":"SpriteOutput/SkillIcons/1105/SkillIcon_1105_Rank2.png","SkillAddLevelList":{},"RankAbility":[],"UnlockCost":[{"ItemID":11105,"ItemNum":1}],"Param":[{"Value":0.3000000002793968},{"Value":1},{"Value":0.060000000055879354},{"Value":160}]},"110503":{"RankID":110503,"Rank":3,"Trigger":{"Hash":-1042531435},"Name":"AvatarRankName_110503","Desc":"AvatarRankDesc_110503","IconPath":"SpriteOutput/SkillIcons/1105/SkillIcon_1105_BP.png","SkillAddLevelList":{"110501":1,"110502":2},"RankAbility":[],"UnlockCost":[{"ItemID":11105,"ItemNum":1}],"Param":[]},"110504":{"RankID":110504,"Rank":4,"Trigger":{"Hash":1686351920},"Name":"AvatarRankName_110504","Desc":"AvatarRankDesc_110504","IconPath":"SpriteOutput/SkillIcons/1105/SkillIcon_1105_Rank4.png","SkillAddLevelList":{},"RankAbility":["Avatar_Natasha_00_Rank04"],"UnlockCost":[{"ItemID":11105,"ItemNum":1}],"Param":[{"Value":5}]},"110505":{"RankID":110505,"Rank":5,"Trigger":{"Hash":120267979},"Name":"AvatarRankName_110505","Desc":"AvatarRankDesc_110505","IconPath":"SpriteOutput/SkillIcons/1105/SkillIcon_1105_Ultra.png","SkillAddLevelList":{"110503":2,"110504":2},"RankAbility":[],"UnlockCost":[{"ItemID":11105,"ItemNum":1}],"Param":[]},"110506":{"RankID":110506,"Rank":6,"Trigger":{"Hash":-1445815962},"Name":"AvatarRankName_110506","Desc":"AvatarRankDesc_110506","IconPath":"SpriteOutput/SkillIcons/1105/SkillIcon_1105_Rank6.png","SkillAddLevelList":{},"RankAbility":[],"UnlockCost":[{"ItemID":11105,"ItemNum":1}],"Param":[{"Value":0.40000000037252903}]},"110601":{"RankID":110601,"Rank":1,"Trigger":{"Hash":2089636447},"Name":"AvatarRankName_110601","Desc":"AvatarRankDesc_110601","IconPath":"SpriteOutput/SkillIcons/1106/SkillIcon_1106_Rank1.png","SkillAddLevelList":{},"RankAbility":[],"UnlockCost":[{"ItemID":11106,"ItemNum":1}],"Param":[{"Value":5}]},"110602":{"RankID":110602,"Rank":2,"Trigger":{"Hash":523552506},"Name":"AvatarRankName_110602","Desc":"AvatarRankDesc_110602","IconPath":"SpriteOutput/SkillIcons/1106/SkillIcon_1106_Rank2.png","SkillAddLevelList":{},"RankAbility":[],"UnlockCost":[{"ItemID":11106,"ItemNum":1}],"Param":[{"Value":0.10000000009313226},{"Value":2},{"Value":1}]},"110603":{"RankID":110603,"Rank":3,"Trigger":{"Hash":-1042531435},"Name":"AvatarRankName_110603","Desc":"AvatarRankDesc_110603","IconPath":"SpriteOutput/SkillIcons/1106/SkillIcon_1106_BP.png","SkillAddLevelList":{"110601":1,"110602":2},"RankAbility":[],"UnlockCost":[{"ItemID":11106,"ItemNum":1}],"Param":[]},"110604":{"RankID":110604,"Rank":4,"Trigger":{"Hash":1686351920},"Name":"AvatarRankName_110604","Desc":"AvatarRankDesc_110604","IconPath":"SpriteOutput/SkillIcons/1106/SkillIcon_1106_Rank4.png","SkillAddLevelList":{},"RankAbility":[],"UnlockCost":[{"ItemID":11106,"ItemNum":1}],"Param":[{"Value":1},{"Value":0.12000000011175871},{"Value":2}]},"110605":{"RankID":110605,"Rank":5,"Trigger":{"Hash":120267979},"Name":"AvatarRankName_110605","Desc":"AvatarRankDesc_110605","IconPath":"SpriteOutput/SkillIcons/1106/SkillIcon_1106_Ultra.png","SkillAddLevelList":{"110603":2,"110604":2},"RankAbility":[],"UnlockCost":[{"ItemID":11106,"ItemNum":1}],"Param":[]},"110606":{"RankID":110606,"Rank":6,"Trigger":{"Hash":-1445815962},"Name":"AvatarRankName_110606","Desc":"AvatarRankDesc_110606","IconPath":"SpriteOutput/SkillIcons/1106/SkillIcon_1106_Rank6.png","SkillAddLevelList":{},"RankAbility":[],"UnlockCost":[{"ItemID":11106,"ItemNum":1}],"Param":[{"Value":0.40000000037252903}]},"110701":{"RankID":110701,"Rank":1,"Trigger":{"Hash":2089636447},"Name":"AvatarRankName_110701","Desc":"AvatarRankDesc_110701","IconPath":"SpriteOutput/SkillIcons/1107/SkillIcon_1107_Rank1.png","SkillAddLevelList":{},"RankAbility":[],"UnlockCost":[{"ItemID":11107,"ItemNum":1}],"Param":[]},"110702":{"RankID":110702,"Rank":2,"Trigger":{"Hash":523552506},"Name":"AvatarRankName_110702","Desc":"AvatarRankDesc_110702","IconPath":"SpriteOutput/SkillIcons/1107/SkillIcon_1107_Rank2.png","SkillAddLevelList":{},"RankAbility":[],"UnlockCost":[{"ItemID":11107,"ItemNum":1}],"Param":[{"Value":0.3000000002793968},{"Value":2}]},"110703":{"RankID":110703,"Rank":3,"Trigger":{"Hash":-1042531435},"Name":"AvatarRankName_110703","Desc":"AvatarRankDesc_110703","IconPath":"SpriteOutput/SkillIcons/1107/SkillIcon_1107_BP.png","SkillAddLevelList":{"110701":1,"110702":2},"RankAbility":[],"UnlockCost":[{"ItemID":11107,"ItemNum":1}],"Param":[]},"110704":{"RankID":110704,"Rank":4,"Trigger":{"Hash":1686351920},"Name":"AvatarRankName_110704","Desc":"AvatarRankDesc_110704","IconPath":"SpriteOutput/SkillIcons/1107/SkillIcon_1107_Rank4.png","SkillAddLevelList":{},"RankAbility":["Avatar_Klara_Rank04"],"UnlockCost":[{"ItemID":11107,"ItemNum":1}],"Param":[{"Value":0.3000000002793968}]},"110705":{"RankID":110705,"Rank":5,"Trigger":{"Hash":120267979},"Name":"AvatarRankName_110705","Desc":"AvatarRankDesc_110705","IconPath":"SpriteOutput/SkillIcons/1107/SkillIcon_1107_Ultra.png","SkillAddLevelList":{"110703":2,"110704":2},"RankAbility":[],"UnlockCost":[{"ItemID":11107,"ItemNum":1}],"Param":[]},"110706":{"RankID":110706,"Rank":6,"Trigger":{"Hash":-1445815962},"Name":"AvatarRankName_110706","Desc":"AvatarRankDesc_110706","IconPath":"SpriteOutput/SkillIcons/1107/SkillIcon_1107_Rank6.png","SkillAddLevelList":{},"RankAbility":["Avatar_Klara_Rank06"],"UnlockCost":[{"ItemID":11107,"ItemNum":1}],"Param":[{"Value":0.5000000004656613},{"Value":1}]},"110801":{"RankID":110801,"Rank":1,"Trigger":{"Hash":2089636447},"Name":"AvatarRankName_110801","Desc":"AvatarRankDesc_110801","IconPath":"SpriteOutput/SkillIcons/1108/SkillIcon_1108_Rank1.png","SkillAddLevelList":{},"RankAbility":[],"UnlockCost":[{"ItemID":11108,"ItemNum":1}],"Param":[{"Value":1}]},"110802":{"RankID":110802,"Rank":2,"Trigger":{"Hash":523552506},"Name":"AvatarRankName_110802","Desc":"AvatarRankDesc_110802","IconPath":"SpriteOutput/SkillIcons/1108/SkillIcon_1108_Rank2.png","SkillAddLevelList":{},"RankAbility":["Avatar_Sampo_Rank02"],"UnlockCost":[{"ItemID":11108,"ItemNum":1}],"Param":[{"Value":1},{"Value":1}]},"110803":{"RankID":110803,"Rank":3,"Trigger":{"Hash":-1042531435},"Name":"AvatarRankName_110803","Desc":"AvatarRankDesc_110803","IconPath":"SpriteOutput/SkillIcons/1108/SkillIcon_1108_BP.png","SkillAddLevelList":{"110801":1,"110802":2},"RankAbility":[],"UnlockCost":[{"ItemID":11108,"ItemNum":1}],"Param":[]},"110804":{"RankID":110804,"Rank":4,"Trigger":{"Hash":1686351920},"Name":"AvatarRankName_110804","Desc":"AvatarRankDesc_110804","IconPath":"SpriteOutput/SkillIcons/1108/SkillIcon_1108_Rank4.png","SkillAddLevelList":{},"RankAbility":[],"UnlockCost":[{"ItemID":11108,"ItemNum":1}],"Param":[{"Value":5},{"Value":0.0800000000745058}]},"110805":{"RankID":110805,"Rank":5,"Trigger":{"Hash":120267979},"Name":"AvatarRankName_110805","Desc":"AvatarRankDesc_110805","IconPath":"SpriteOutput/SkillIcons/1108/SkillIcon_1108_Ultra.png","SkillAddLevelList":{"110803":2,"110804":2},"RankAbility":[],"UnlockCost":[{"ItemID":11108,"ItemNum":1}],"Param":[]},"110806":{"RankID":110806,"Rank":6,"Trigger":{"Hash":-1445815962},"Name":"AvatarRankName_110806","Desc":"AvatarRankDesc_110806","IconPath":"SpriteOutput/SkillIcons/1108/SkillIcon_1108_Rank6.png","SkillAddLevelList":{},"RankAbility":[],"UnlockCost":[{"ItemID":11108,"ItemNum":1}],"Param":[{"Value":0.1500000001396984}]},"110901":{"RankID":110901,"Rank":1,"Trigger":{"Hash":2089636447},"Name":"AvatarRankName_110901","Desc":"AvatarRankDesc_110901","IconPath":"SpriteOutput/SkillIcons/1109/SkillIcon_1109_Rank1.png","SkillAddLevelList":{},"RankAbility":[],"UnlockCost":[{"ItemID":11109,"ItemNum":1}],"Param":[{"Value":0.20000000018626451}]},"110902":{"RankID":110902,"Rank":2,"Trigger":{"Hash":523552506},"Name":"AvatarRankName_110902","Desc":"AvatarRankDesc_110902","IconPath":"SpriteOutput/SkillIcons/1109/SkillIcon_1109_Rank2.png","SkillAddLevelList":{},"RankAbility":[],"UnlockCost":[{"ItemID":11109,"ItemNum":1}],"Param":[{"Value":1}]},"110903":{"RankID":110903,"Rank":3,"Trigger":{"Hash":-1042531435},"Name":"AvatarRankName_110903","Desc":"AvatarRankDesc_110903","IconPath":"SpriteOutput/SkillIcons/1109/SkillIcon_1109_BP.png","SkillAddLevelList":{"110901":1,"110902":2,"110909":2},"RankAbility":[],"UnlockCost":[{"ItemID":11109,"ItemNum":1}],"Param":[]},"110904":{"RankID":110904,"Rank":4,"Trigger":{"Hash":1686351920},"Name":"AvatarRankName_110904","Desc":"AvatarRankDesc_110904","IconPath":"SpriteOutput/SkillIcons/1109/SkillIcon_1109_Rank4.png","SkillAddLevelList":{},"RankAbility":[],"UnlockCost":[{"ItemID":11109,"ItemNum":1}],"Param":[{"Value":1}]},"110905":{"RankID":110905,"Rank":5,"Trigger":{"Hash":120267979},"Name":"AvatarRankName_110905","Desc":"AvatarRankDesc_110905","IconPath":"SpriteOutput/SkillIcons/1109/SkillIcon_1109_Ultra.png","SkillAddLevelList":{"110903":2,"110904":2},"RankAbility":[],"UnlockCost":[{"ItemID":11109,"ItemNum":1}],"Param":[]},"110906":{"RankID":110906,"Rank":6,"Trigger":{"Hash":-1445815962},"Name":"AvatarRankName_110906","Desc":"AvatarRankDesc_110906","IconPath":"SpriteOutput/SkillIcons/1109/SkillIcon_1109_Rank6.png","SkillAddLevelList":{},"RankAbility":["Avatar_Hook_Rank06"],"UnlockCost":[{"ItemID":11109,"ItemNum":1}],"Param":[{"Value":0.20000000018626451}]},"120101":{"RankID":120101,"Rank":1,"Trigger":{"Hash":2089636447},"Name":"AvatarRankName_120101","Desc":"AvatarRankDesc_120101","IconPath":"SpriteOutput/SkillIcons/1201/SkillIcon_1201_Rank1.png","SkillAddLevelList":{},"RankAbility":[],"UnlockCost":[{"ItemID":11201,"ItemNum":1}],"Param":[{"Value":0.10000000009313226}]},"120102":{"RankID":120102,"Rank":2,"Trigger":{"Hash":523552506},"Name":"AvatarRankName_120102","Desc":"AvatarRankDesc_120102","IconPath":"SpriteOutput/SkillIcons/1201/SkillIcon_1201_Rank2.png","SkillAddLevelList":{},"RankAbility":[],"UnlockCost":[{"ItemID":11201,"ItemNum":1}],"Param":[{"Value":1}]},"120103":{"RankID":120103,"Rank":3,"Trigger":{"Hash":-1042531435},"Name":"AvatarRankName_120103","Desc":"AvatarRankDesc_120103","IconPath":"SpriteOutput/SkillIcons/1201/SkillIcon_1201_Ultra.png","SkillAddLevelList":{"120103":2,"120104":2},"RankAbility":[],"UnlockCost":[{"ItemID":11201,"ItemNum":1}],"Param":[]},"120104":{"RankID":120104,"Rank":4,"Trigger":{"Hash":1686351920},"Name":"AvatarRankName_120104","Desc":"AvatarRankDesc_120104","IconPath":"SpriteOutput/SkillIcons/1201/SkillIcon_1201_Rank4.png","SkillAddLevelList":{},"RankAbility":[],"UnlockCost":[{"ItemID":11201,"ItemNum":1}],"Param":[{"Value":0.24000000022351742}]},"120105":{"RankID":120105,"Rank":5,"Trigger":{"Hash":120267979},"Name":"AvatarRankName_120105","Desc":"AvatarRankDesc_120105","IconPath":"SpriteOutput/SkillIcons/1201/SkillIcon_1201_BP.png","SkillAddLevelList":{"120101":1,"120102":2,"120108":1},"RankAbility":[],"UnlockCost":[{"ItemID":11201,"ItemNum":1}],"Param":[]},"120106":{"RankID":120106,"Rank":6,"Trigger":{"Hash":-1445815962},"Name":"AvatarRankName_120106","Desc":"AvatarRankDesc_120106","IconPath":"SpriteOutput/SkillIcons/1201/SkillIcon_1201_Rank6.png","SkillAddLevelList":{},"RankAbility":[],"UnlockCost":[{"ItemID":11201,"ItemNum":1}],"Param":[]},"120201":{"RankID":120201,"Rank":1,"Trigger":{"Hash":2089636447},"Name":"AvatarRankName_120201","Desc":"AvatarRankDesc_120201","IconPath":"SpriteOutput/SkillIcons/1202/SkillIcon_1202_Rank1.png","SkillAddLevelList":{},"RankAbility":[],"UnlockCost":[{"ItemID":11202,"ItemNum":1}],"Param":[{"Value":0.20000000018626451}]},"120202":{"RankID":120202,"Rank":2,"Trigger":{"Hash":523552506},"Name":"AvatarRankName_120202","Desc":"AvatarRankDesc_120202","IconPath":"SpriteOutput/SkillIcons/1202/SkillIcon_1202_Rank2.png","SkillAddLevelList":{},"RankAbility":[],"UnlockCost":[{"ItemID":11202,"ItemNum":1}],"Param":[{"Value":5}]},"120203":{"RankID":120203,"Rank":3,"Trigger":{"Hash":-1042531435},"Name":"AvatarRankName_120203","Desc":"AvatarRankDesc_120203","IconPath":"SpriteOutput/SkillIcons/1202/SkillIcon_1202_Ultra.png","SkillAddLevelList":{"120201":1,"120203":2},"RankAbility":[],"UnlockCost":[{"ItemID":11202,"ItemNum":1}],"Param":[]},"120204":{"RankID":120204,"Rank":4,"Trigger":{"Hash":1686351920},"Name":"AvatarRankName_120204","Desc":"AvatarRankDesc_120204","IconPath":"SpriteOutput/SkillIcons/1202/SkillIcon_1202_Rank4.png","SkillAddLevelList":{},"RankAbility":[],"UnlockCost":[{"ItemID":11202,"ItemNum":1}],"Param":[{"Value":0.20000000018626451}]},"120205":{"RankID":120205,"Rank":5,"Trigger":{"Hash":120267979},"Name":"AvatarRankName_120205","Desc":"AvatarRankDesc_120205","IconPath":"SpriteOutput/SkillIcons/1202/SkillIcon_1202_BP.png","SkillAddLevelList":{"120202":2,"120204":2},"RankAbility":[],"UnlockCost":[{"ItemID":11202,"ItemNum":1}],"Param":[]},"120206":{"RankID":120206,"Rank":6,"Trigger":{"Hash":-1445815962},"Name":"AvatarRankName_120206","Desc":"AvatarRankDesc_120206","IconPath":"SpriteOutput/SkillIcons/1202/SkillIcon_1202_Rank6.png","SkillAddLevelList":{},"RankAbility":[],"UnlockCost":[{"ItemID":11202,"ItemNum":1}],"Param":[{"Value":10}]},"120301":{"RankID":120301,"Rank":1,"Trigger":{"Hash":2089636447},"Name":"AvatarRankName_120301","Desc":"AvatarRankDesc_120301","IconPath":"SpriteOutput/SkillIcons/1203/SkillIcon_1203_Rank2.png","SkillAddLevelList":{},"RankAbility":[],"UnlockCost":[{"ItemID":11203,"ItemNum":1}],"Param":[{"Value":10}]},"120302":{"RankID":120302,"Rank":2,"Trigger":{"Hash":523552506},"Name":"AvatarRankName_120302","Desc":"AvatarRankDesc_120302","IconPath":"SpriteOutput/SkillIcons/1203/SkillIcon_1203_Rank1.png","SkillAddLevelList":{},"RankAbility":[],"UnlockCost":[{"ItemID":11203,"ItemNum":1}],"Param":[{"Value":0.3000000002793968},{"Value":0.1500000001396984},{"Value":1}]},"120303":{"RankID":120303,"Rank":3,"Trigger":{"Hash":-1042531435},"Name":"AvatarRankName_120303","Desc":"AvatarRankDesc_120303","IconPath":"SpriteOutput/SkillIcons/1203/SkillIcon_1203_BP.png","SkillAddLevelList":{"120301":1,"120302":2},"RankAbility":[],"UnlockCost":[{"ItemID":11203,"ItemNum":1}],"Param":[]},"120304":{"RankID":120304,"Rank":4,"Trigger":{"Hash":1686351920},"Name":"AvatarRankName_120304","Desc":"AvatarRankDesc_120304","IconPath":"SpriteOutput/SkillIcons/1203/SkillIcon_1203_Rank4.png","SkillAddLevelList":{},"RankAbility":[],"UnlockCost":[{"ItemID":11203,"ItemNum":1}],"Param":[{"Value":0.12000000011175871}]},"120305":{"RankID":120305,"Rank":5,"Trigger":{"Hash":120267979},"Name":"AvatarRankName_120305","Desc":"AvatarRankDesc_120305","IconPath":"SpriteOutput/SkillIcons/1203/SkillIcon_1203_Ultra.png","SkillAddLevelList":{"120303":2,"120304":2},"RankAbility":[],"UnlockCost":[{"ItemID":11203,"ItemNum":1}],"Param":[]},"120306":{"RankID":120306,"Rank":6,"Trigger":{"Hash":-1445815962},"Name":"AvatarRankName_120306","Desc":"AvatarRankDesc_120306","IconPath":"SpriteOutput/SkillIcons/1203/SkillIcon_1203_Rank6.png","SkillAddLevelList":{},"RankAbility":["Avatar_Luocha_Rank06"],"UnlockCost":[{"ItemID":11203,"ItemNum":1}],"Param":[{"Value":1}]},"120401":{"RankID":120401,"Rank":1,"Trigger":{"Hash":2089636447},"Name":"AvatarRankName_120401","Desc":"AvatarRankDesc_120401","IconPath":"SpriteOutput/SkillIcons/1204/SkillIcon_1204_Rank1.png","SkillAddLevelList":{},"RankAbility":[],"UnlockCost":[{"ItemID":11204,"ItemNum":1}],"Param":[{"Value":0.25000000023283064}]},"120402":{"RankID":120402,"Rank":2,"Trigger":{"Hash":523552506},"Name":"AvatarRankName_120402","Desc":"AvatarRankDesc_120402","IconPath":"SpriteOutput/SkillIcons/1204/SkillIcon_1204_Rank2.png","SkillAddLevelList":{},"RankAbility":[],"UnlockCost":[{"ItemID":11204,"ItemNum":1}],"Param":[{"Value":0.20000000018626451},{"Value":2}]},"120403":{"RankID":120403,"Rank":3,"Trigger":{"Hash":-1042531435},"Name":"AvatarRankName_120403","Desc":"AvatarRankDesc_120403","IconPath":"SpriteOutput/SkillIcons/1204/SkillIcon_1204_Ultra.png","SkillAddLevelList":{"120401":1,"120403":2},"RankAbility":[],"UnlockCost":[{"ItemID":11204,"ItemNum":1}],"Param":[]},"120404":{"RankID":120404,"Rank":4,"Trigger":{"Hash":1686351920},"Name":"AvatarRankName_120404","Desc":"AvatarRankDesc_120404","IconPath":"SpriteOutput/SkillIcons/1204/SkillIcon_1204_Rank4.png","SkillAddLevelList":{},"RankAbility":[],"UnlockCost":[{"ItemID":11204,"ItemNum":1}],"Param":[{"Value":2}]},"120405":{"RankID":120405,"Rank":5,"Trigger":{"Hash":120267979},"Name":"AvatarRankName_120405","Desc":"AvatarRankDesc_120405","IconPath":"SpriteOutput/SkillIcons/1204/SkillIcon_1204_BP.png","SkillAddLevelList":{"120402":2,"120404":2},"RankAbility":[],"UnlockCost":[{"ItemID":11204,"ItemNum":1}],"Param":[]},"120406":{"RankID":120406,"Rank":6,"Trigger":{"Hash":-1445815962},"Name":"AvatarRankName_120406","Desc":"AvatarRankDesc_120406","IconPath":"SpriteOutput/SkillIcons/1204/SkillIcon_1204_Rank6.png","SkillAddLevelList":{},"RankAbility":[],"UnlockCost":[{"ItemID":11204,"ItemNum":1}],"Param":[{"Value":0.12000000011175871},{"Value":3}]},"120601":{"RankID":120601,"Rank":1,"Trigger":{"Hash":2089636447},"Name":"AvatarRankName_120601","Desc":"AvatarRankDesc_120601","IconPath":"SpriteOutput/SkillIcons/1206/SkillIcon_1206_Rank1.png","SkillAddLevelList":{},"RankAbility":[],"UnlockCost":[{"ItemID":11206,"ItemNum":1}],"Param":[]},"120602":{"RankID":120602,"Rank":2,"Trigger":{"Hash":523552506},"Name":"AvatarRankName_120602","Desc":"AvatarRankDesc_120602","IconPath":"SpriteOutput/SkillIcons/1206/SkillIcon_1206_Rank2.png","SkillAddLevelList":{},"RankAbility":[],"UnlockCost":[{"ItemID":11206,"ItemNum":1}],"Param":[{"Value":0.20000000018626451}]},"120603":{"RankID":120603,"Rank":3,"Trigger":{"Hash":-1042531435},"Name":"AvatarRankName_120603","Desc":"AvatarRankDesc_120603","IconPath":"SpriteOutput/SkillIcons/1206/SkillIcon_1206_Ultra.png","SkillAddLevelList":{"120603":2,"120604":2},"RankAbility":[],"UnlockCost":[{"ItemID":11206,"ItemNum":1}],"Param":[]},"120604":{"RankID":120604,"Rank":4,"Trigger":{"Hash":1686351920},"Name":"AvatarRankName_120604","Desc":"AvatarRankDesc_120604","IconPath":"SpriteOutput/SkillIcons/1206/SkillIcon_1206_Rank4.png","SkillAddLevelList":{},"RankAbility":[],"UnlockCost":[{"ItemID":11206,"ItemNum":1}],"Param":[{"Value":0.40000000037252903}]},"120605":{"RankID":120605,"Rank":5,"Trigger":{"Hash":120267979},"Name":"AvatarRankName_120605","Desc":"AvatarRankDesc_120605","IconPath":"SpriteOutput/SkillIcons/1206/SkillIcon_1206_BP.png","SkillAddLevelList":{"120601":1,"120602":2},"RankAbility":[],"UnlockCost":[{"ItemID":11206,"ItemNum":1}],"Param":[]},"120606":{"RankID":120606,"Rank":6,"Trigger":{"Hash":-1445815962},"Name":"AvatarRankName_120606","Desc":"AvatarRankDesc_120606","IconPath":"SpriteOutput/SkillIcons/1206/SkillIcon_1206_Rank6.png","SkillAddLevelList":{},"RankAbility":[],"UnlockCost":[{"ItemID":11206,"ItemNum":1}],"Param":[]},"120901":{"RankID":120901,"Rank":1,"Trigger":{"Hash":2089636447},"Name":"AvatarRankName_120901","Desc":"AvatarRankDesc_120901","IconPath":"SpriteOutput/SkillIcons/1209/SkillIcon_1209_Rank1.png","SkillAddLevelList":{},"RankAbility":["Avatar_Yanqing_Rank01"],"UnlockCost":[{"ItemID":11209,"ItemNum":1}],"Param":[{"Value":0.6000000005587935}]},"120902":{"RankID":120902,"Rank":2,"Trigger":{"Hash":523552506},"Name":"AvatarRankName_120902","Desc":"AvatarRankDesc_120902","IconPath":"SpriteOutput/SkillIcons/1209/SkillIcon_1209_Rank2.png","SkillAddLevelList":{},"RankAbility":[],"UnlockCost":[{"ItemID":11209,"ItemNum":1}],"Param":[{"Value":0.10000000009313226}]},"120903":{"RankID":120903,"Rank":3,"Trigger":{"Hash":-1042531435},"Name":"AvatarRankName_120903","Desc":"AvatarRankDesc_120903","IconPath":"SpriteOutput/SkillIcons/1209/SkillIcon_1209_BP.png","SkillAddLevelList":{"120901":1,"120902":2},"RankAbility":[],"UnlockCost":[{"ItemID":11209,"ItemNum":1}],"Param":[]},"120904":{"RankID":120904,"Rank":4,"Trigger":{"Hash":1686351920},"Name":"AvatarRankName_120904","Desc":"AvatarRankDesc_120904","IconPath":"SpriteOutput/SkillIcons/1209/SkillIcon_1209_Rank4.png","SkillAddLevelList":{},"RankAbility":["Avatar_Yanqing_Rank04"],"UnlockCost":[{"ItemID":11209,"ItemNum":1}],"Param":[{"Value":0.8000000007450581},{"Value":0.12000000011175871}]},"120905":{"RankID":120905,"Rank":5,"Trigger":{"Hash":120267979},"Name":"AvatarRankName_120905","Desc":"AvatarRankDesc_120905","IconPath":"SpriteOutput/SkillIcons/1209/SkillIcon_1209_Ultra.png","SkillAddLevelList":{"120903":2,"120904":2},"RankAbility":[],"UnlockCost":[{"ItemID":11209,"ItemNum":1}],"Param":[]},"120906":{"RankID":120906,"Rank":6,"Trigger":{"Hash":-1445815962},"Name":"AvatarRankName_120906","Desc":"AvatarRankDesc_120906","IconPath":"SpriteOutput/SkillIcons/1209/SkillIcon_1209_Rank6.png","SkillAddLevelList":{},"RankAbility":[],"UnlockCost":[{"ItemID":11209,"ItemNum":1}],"Param":[]},"121101":{"RankID":121101,"Rank":1,"Trigger":{"Hash":2089636447},"Name":"AvatarRankName_121101","Desc":"AvatarRankDesc_121101","IconPath":"SpriteOutput/SkillIcons/1211/SkillIcon_1211_Rank1.png","SkillAddLevelList":{},"RankAbility":[],"UnlockCost":[{"ItemID":11211,"ItemNum":1}],"Param":[{"Value":8}]},"121102":{"RankID":121102,"Rank":2,"Trigger":{"Hash":523552506},"Name":"AvatarRankName_121102","Desc":"AvatarRankDesc_121102","IconPath":"SpriteOutput/SkillIcons/1211/SkillIcon_1211_Rank2.png","SkillAddLevelList":{},"RankAbility":[],"UnlockCost":[{"ItemID":11211,"ItemNum":1}],"Param":[{"Value":0.1500000001396984},{"Value":2}]},"121103":{"RankID":121103,"Rank":3,"Trigger":{"Hash":-1042531435},"Name":"AvatarRankName_121103","Desc":"AvatarRankDesc_121103","IconPath":"SpriteOutput/SkillIcons/1211/SkillIcon_1211_BP.png","SkillAddLevelList":{"121102":2,"121104":2},"RankAbility":[],"UnlockCost":[{"ItemID":11211,"ItemNum":1}],"Param":[]},"121104":{"RankID":121104,"Rank":4,"Trigger":{"Hash":1686351920},"Name":"AvatarRankName_121104","Desc":"AvatarRankDesc_121104","IconPath":"SpriteOutput/SkillIcons/1211/SkillIcon_1211_Rank4.png","SkillAddLevelList":{},"RankAbility":[],"UnlockCost":[{"ItemID":11211,"ItemNum":1}],"Param":[{"Value":0.10000000009313226},{"Value":3},{"Value":2}]},"121105":{"RankID":121105,"Rank":5,"Trigger":{"Hash":120267979},"Name":"AvatarRankName_121105","Desc":"AvatarRankDesc_121105","IconPath":"SpriteOutput/SkillIcons/1211/SkillIcon_1211_Ultra.png","SkillAddLevelList":{"121101":1,"121103":2},"RankAbility":[],"UnlockCost":[{"ItemID":11211,"ItemNum":1}],"Param":[]},"121106":{"RankID":121106,"Rank":6,"Trigger":{"Hash":-1445815962},"Name":"AvatarRankName_121106","Desc":"AvatarRankDesc_121106","IconPath":"SpriteOutput/SkillIcons/1211/SkillIcon_1211_Rank6.png","SkillAddLevelList":{},"RankAbility":[],"UnlockCost":[{"ItemID":11211,"ItemNum":1}],"Param":[{"Value":1}]},"800101":{"RankID":800101,"Rank":1,"Trigger":{"Hash":2089636447},"Name":"AvatarRankName_800101","Desc":"AvatarRankDesc_800101","IconPath":"SpriteOutput/SkillIcons/8001/SkillIcon_8001_Rank1.png","SkillAddLevelList":{},"RankAbility":[],"UnlockCost":[{"ItemID":18001,"ItemNum":1}],"Param":[{"Value":10}]},"800102":{"RankID":800102,"Rank":2,"Trigger":{"Hash":523552506},"Name":"AvatarRankName_800102","Desc":"AvatarRankDesc_800102","IconPath":"SpriteOutput/SkillIcons/8001/SkillIcon_8001_Rank2.png","SkillAddLevelList":{},"RankAbility":[],"UnlockCost":[{"ItemID":18001,"ItemNum":1}],"Param":[{"Value":0.05000000004656613}]},"800103":{"RankID":800103,"Rank":3,"Trigger":{"Hash":-1042531435},"Name":"AvatarRankName_800103","Desc":"AvatarRankDesc_800103","IconPath":"SpriteOutput/SkillIcons/8001/SkillIcon_8001_BP.png","SkillAddLevelList":{"800102":2,"800104":2},"RankAbility":[],"UnlockCost":[{"ItemID":18001,"ItemNum":1}],"Param":[]},"800104":{"RankID":800104,"Rank":4,"Trigger":{"Hash":1686351920},"Name":"AvatarRankName_800104","Desc":"AvatarRankDesc_800104","IconPath":"SpriteOutput/SkillIcons/8001/SkillIcon_8001_Rank4.png","SkillAddLevelList":{},"RankAbility":[],"UnlockCost":[{"ItemID":18001,"ItemNum":1}],"Param":[{"Value":0.25000000023283064}]},"800105":{"RankID":800105,"Rank":5,"Trigger":{"Hash":120267979},"Name":"AvatarRankName_800105","Desc":"AvatarRankDesc_800105","IconPath":"SpriteOutput/SkillIcons/8001/SkillIcon_8001_Ultra.png","SkillAddLevelList":{"800101":1,"800103":2,"800108":2,"800109":2},"RankAbility":[],"UnlockCost":[{"ItemID":18001,"ItemNum":1}],"Param":[]},"800106":{"RankID":800106,"Rank":6,"Trigger":{"Hash":-1445815962},"Name":"AvatarRankName_800106","Desc":"AvatarRankDesc_800106","IconPath":"SpriteOutput/SkillIcons/8001/SkillIcon_8001_Rank6.png","SkillAddLevelList":{},"RankAbility":["Avatar_PlayerBoy_00_Rank06"],"UnlockCost":[{"ItemID":18001,"ItemNum":1}],"Param":[{"Value":1}]},"800201":{"RankID":800201,"Rank":1,"Trigger":{"Hash":2089636447},"Name":"AvatarRankName_800201","Desc":"AvatarRankDesc_800201","IconPath":"SpriteOutput/SkillIcons/8001/SkillIcon_8001_Rank1.png","SkillAddLevelList":{},"RankAbility":[],"UnlockCost":[{"ItemID":18001,"ItemNum":1}],"Param":[{"Value":10}]},"800202":{"RankID":800202,"Rank":2,"Trigger":{"Hash":523552506},"Name":"AvatarRankName_800202","Desc":"AvatarRankDesc_800202","IconPath":"SpriteOutput/SkillIcons/8001/SkillIcon_8001_Rank2.png","SkillAddLevelList":{},"RankAbility":[],"UnlockCost":[{"ItemID":18001,"ItemNum":1}],"Param":[{"Value":0.05000000004656613}]},"800203":{"RankID":800203,"Rank":3,"Trigger":{"Hash":-1042531435},"Name":"AvatarRankName_800203","Desc":"AvatarRankDesc_800203","IconPath":"SpriteOutput/SkillIcons/8001/SkillIcon_8001_BP.png","SkillAddLevelList":{"800202":2,"800204":2},"RankAbility":[],"UnlockCost":[{"ItemID":18001,"ItemNum":1}],"Param":[]},"800204":{"RankID":800204,"Rank":4,"Trigger":{"Hash":1686351920},"Name":"AvatarRankName_800204","Desc":"AvatarRankDesc_800204","IconPath":"SpriteOutput/SkillIcons/8001/SkillIcon_8001_Rank4.png","SkillAddLevelList":{},"RankAbility":[],"UnlockCost":[{"ItemID":18001,"ItemNum":1}],"Param":[{"Value":0.25000000023283064}]},"800205":{"RankID":800205,"Rank":5,"Trigger":{"Hash":120267979},"Name":"AvatarRankName_800205","Desc":"AvatarRankDesc_800205","IconPath":"SpriteOutput/SkillIcons/8001/SkillIcon_8001_Ultra.png","SkillAddLevelList":{"800201":1,"800203":2,"800208":2,"800209":2},"RankAbility":[],"UnlockCost":[{"ItemID":18001,"ItemNum":1}],"Param":[]},"800206":{"RankID":800206,"Rank":6,"Trigger":{"Hash":-1445815962},"Name":"AvatarRankName_800206","Desc":"AvatarRankDesc_800206","IconPath":"SpriteOutput/SkillIcons/8001/SkillIcon_8001_Rank6.png","SkillAddLevelList":{},"RankAbility":["Avatar_PlayerGirl_00_Rank06"],"UnlockCost":[{"ItemID":18001,"ItemNum":1}],"Param":[{"Value":1}]},"800301":{"RankID":800301,"Rank":1,"Trigger":{"Hash":2089636447},"Name":"AvatarRankName_800301","Desc":"AvatarRankDesc_800301","IconPath":"SpriteOutput/SkillIcons/8003/SkillIcon_8003_Rank1.png","SkillAddLevelList":{},"RankAbility":[],"UnlockCost":[{"ItemID":18003,"ItemNum":1}],"Param":[{"Value":0.25000000023283064},{"Value":0.5000000004656613}]},"800302":{"RankID":800302,"Rank":2,"Trigger":{"Hash":523552506},"Name":"AvatarRankName_800302","Desc":"AvatarRankDesc_800302","IconPath":"SpriteOutput/SkillIcons/8003/SkillIcon_8003_Rank2.png","SkillAddLevelList":{},"RankAbility":[],"UnlockCost":[{"ItemID":18003,"ItemNum":1}],"Param":[{"Value":0.02000000001862645},{"Value":27}]},"800303":{"RankID":800303,"Rank":3,"Trigger":{"Hash":-1042531435},"Name":"AvatarRankName_800303","Desc":"AvatarRankDesc_800303","IconPath":"SpriteOutput/SkillIcons/8003/SkillIcon_8003_BP.png","SkillAddLevelList":{"800302":2,"800304":2},"RankAbility":[],"UnlockCost":[{"ItemID":18003,"ItemNum":1}],"Param":[]},"800304":{"RankID":800304,"Rank":4,"Trigger":{"Hash":1686351920},"Name":"AvatarRankName_800304","Desc":"AvatarRankDesc_800304","IconPath":"SpriteOutput/SkillIcons/8003/SkillIcon_8003_Rank4.png","SkillAddLevelList":{},"RankAbility":[],"UnlockCost":[{"ItemID":18003,"ItemNum":1}],"Param":[{"Value":4}]},"800305":{"RankID":800305,"Rank":5,"Trigger":{"Hash":120267979},"Name":"AvatarRankName_800305","Desc":"AvatarRankDesc_800305","IconPath":"SpriteOutput/SkillIcons/8003/SkillIcon_8003_Ultra.png","SkillAddLevelList":{"800301":1,"800303":2,"800308":1},"RankAbility":[],"UnlockCost":[{"ItemID":18003,"ItemNum":1}],"Param":[]},"800306":{"RankID":800306,"Rank":6,"Trigger":{"Hash":-1445815962},"Name":"AvatarRankName_800306","Desc":"AvatarRankDesc_800306","IconPath":"SpriteOutput/SkillIcons/8003/SkillIcon_8003_Rank6.png","SkillAddLevelList":{},"RankAbility":[],"UnlockCost":[{"ItemID":18003,"ItemNum":1}],"Param":[{"Value":0.10000000009313226},{"Value":3}]},"800401":{"RankID":800401,"Rank":1,"Trigger":{"Hash":2089636447},"Name":"AvatarRankName_800401","Desc":"AvatarRankDesc_800401","IconPath":"SpriteOutput/SkillIcons/8003/SkillIcon_8003_Rank1.png","SkillAddLevelList":{},"RankAbility":[],"UnlockCost":[{"ItemID":18003,"ItemNum":1}],"Param":[{"Value":0.25000000023283064},{"Value":0.5000000004656613}]},"800402":{"RankID":800402,"Rank":2,"Trigger":{"Hash":523552506},"Name":"AvatarRankName_800402","Desc":"AvatarRankDesc_800402","IconPath":"SpriteOutput/SkillIcons/8003/SkillIcon_8003_Rank2.png","SkillAddLevelList":{},"RankAbility":[],"UnlockCost":[{"ItemID":18003,"ItemNum":1}],"Param":[{"Value":0.02000000001862645},{"Value":27}]},"800403":{"RankID":800403,"Rank":3,"Trigger":{"Hash":-1042531435},"Name":"AvatarRankName_800403","Desc":"AvatarRankDesc_800403","IconPath":"SpriteOutput/SkillIcons/8003/SkillIcon_8003_BP.png","SkillAddLevelList":{"800402":2,"800404":2},"RankAbility":[],"UnlockCost":[{"ItemID":18003,"ItemNum":1}],"Param":[]},"800404":{"RankID":800404,"Rank":4,"Trigger":{"Hash":1686351920},"Name":"AvatarRankName_800404","Desc":"AvatarRankDesc_800404","IconPath":"SpriteOutput/SkillIcons/8003/SkillIcon_8003_Rank4.png","SkillAddLevelList":{},"RankAbility":[],"UnlockCost":[{"ItemID":18003,"ItemNum":1}],"Param":[{"Value":4}]},"800405":{"RankID":800405,"Rank":5,"Trigger":{"Hash":120267979},"Name":"AvatarRankName_800405","Desc":"AvatarRankDesc_800405","IconPath":"SpriteOutput/SkillIcons/8003/SkillIcon_8003_Ultra.png","SkillAddLevelList":{"800401":1,"800403":2,"800408":1},"RankAbility":[],"UnlockCost":[{"ItemID":18003,"ItemNum":1}],"Param":[]},"800406":{"RankID":800406,"Rank":6,"Trigger":{"Hash":-1445815962},"Name":"AvatarRankName_800406","Desc":"AvatarRankDesc_800406","IconPath":"SpriteOutput/SkillIcons/8003/SkillIcon_8003_Rank6.png","SkillAddLevelList":{},"RankAbility":[],"UnlockCost":[{"ItemID":18003,"ItemNum":1}],"Param":[{"Value":0.10000000009313226},{"Value":3}]}}