{"201001":{"ID":201001,"ImagePath":"SpriteOutput/AvatarRoundIcon/Avatar/1001.png","IsVisible":true,"AvatarID":1001,"SortType":3},"201002":{"ID":201002,"ImagePath":"SpriteOutput/AvatarRoundIcon/Avatar/1002.png","IsVisible":true,"AvatarID":1002,"SortType":3},"201003":{"ID":201003,"ImagePath":"SpriteOutput/AvatarRoundIcon/Avatar/1003.png","IsVisible":true,"AvatarID":1003,"SortType":3},"201004":{"ID":201004,"ImagePath":"SpriteOutput/AvatarRoundIcon/Avatar/1004.png","IsVisible":true,"AvatarID":1004,"SortType":3},"201005":{"ID":201005,"ImagePath":"SpriteOutput/AvatarRoundIcon/Avatar/1005.png","IsVisible":true,"AvatarID":1005,"SortType":3},"201006":{"ID":201006,"ImagePath":"SpriteOutput/AvatarRoundIcon/Avatar/1006.png","IsVisible":true,"AvatarID":1006,"SortType":3},"201008":{"ID":201008,"ImagePath":"SpriteOutput/AvatarRoundIcon/Avatar/1008.png","IsVisible":true,"AvatarID":1008,"SortType":3},"201009":{"ID":201009,"ImagePath":"SpriteOutput/AvatarRoundIcon/Avatar/1009.png","IsVisible":true,"AvatarID":1009,"SortType":3},"201013":{"ID":201013,"ImagePath":"SpriteOutput/AvatarRoundIcon/Avatar/1013.png","IsVisible":true,"AvatarID":1013,"SortType":3},"201101":{"ID":201101,"ImagePath":"SpriteOutput/AvatarRoundIcon/Avatar/1101.png","IsVisible":true,"AvatarID":1101,"SortType":3},"201102":{"ID":201102,"ImagePath":"SpriteOutput/AvatarRoundIcon/Avatar/1102.png","IsVisible":true,"AvatarID":1102,"SortType":3},"201103":{"ID":201103,"ImagePath":"SpriteOutput/AvatarRoundIcon/Avatar/1103.png","IsVisible":true,"AvatarID":1103,"SortType":3},"201104":{"ID":201104,"ImagePath":"SpriteOutput/AvatarRoundIcon/Avatar/1104.png","IsVisible":true,"AvatarID":1104,"SortType":3},"201105":{"ID":201105,"ImagePath":"SpriteOutput/AvatarRoundIcon/Avatar/1105.png","IsVisible":true,"AvatarID":1105,"SortType":3},"201106":{"ID":201106,"ImagePath":"SpriteOutput/AvatarRoundIcon/Avatar/1106.png","IsVisible":true,"AvatarID":1106,"SortType":3},"201107":{"ID":201107,"ImagePath":"SpriteOutput/AvatarRoundIcon/Avatar/1107.png","IsVisible":true,"AvatarID":1107,"SortType":3},"201108":{"ID":201108,"ImagePath":"SpriteOutput/AvatarRoundIcon/Avatar/1108.png","IsVisible":true,"AvatarID":1108,"SortType":3},"201109":{"ID":201109,"ImagePath":"SpriteOutput/AvatarRoundIcon/Avatar/1109.png","IsVisible":true,"AvatarID":1109,"SortType":3},"201110":{"ID":201110,"ImagePath":"SpriteOutput/AvatarRoundIcon/Avatar/1110.png","IsVisible":true,"AvatarID":1110,"SortType":3},"201111":{"ID":201111,"ImagePath":"SpriteOutput/AvatarRoundIcon/Avatar/1111.png","IsVisible":true,"AvatarID":1111,"SortType":3},"201112":{"ID":201112,"ImagePath":"SpriteOutput/AvatarRoundIcon/Avatar/1112.png","AvatarID":1112,"SortType":3},"201201":{"ID":201201,"ImagePath":"SpriteOutput/AvatarRoundIcon/Avatar/1201.png","AvatarID":1201,"SortType":3},"201202":{"ID":201202,"ImagePath":"SpriteOutput/AvatarRoundIcon/Avatar/1202.png","AvatarID":1202,"SortType":3},"201203":{"ID":201203,"ImagePath":"SpriteOutput/AvatarRoundIcon/Avatar/1203.png","IsVisible":true,"AvatarID":1203,"SortType":3},"201204":{"ID":201204,"ImagePath":"SpriteOutput/AvatarRoundIcon/Avatar/1204.png","IsVisible":true,"AvatarID":1204,"SortType":3},"201205":{"ID":201205,"ImagePath":"SpriteOutput/AvatarRoundIcon/Avatar/1205.png","IsVisible":true,"AvatarID":1205,"SortType":3},"201206":{"ID":201206,"ImagePath":"SpriteOutput/AvatarRoundIcon/Avatar/1206.png","AvatarID":1206,"SortType":3},"201207":{"ID":201207,"ImagePath":"SpriteOutput/AvatarRoundIcon/Avatar/1207.png","AvatarID":1207,"SortType":3},"201208":{"ID":201208,"ImagePath":"SpriteOutput/AvatarRoundIcon/Avatar/1208.png","AvatarID":1208,"SortType":3},"201209":{"ID":201209,"ImagePath":"SpriteOutput/AvatarRoundIcon/Avatar/1209.png","AvatarID":1209,"SortType":3},"201210":{"ID":201210,"ImagePath":"SpriteOutput/AvatarRoundIcon/Avatar/1210.png","AvatarID":1210,"SortType":3},"201211":{"ID":201211,"ImagePath":"SpriteOutput/AvatarRoundIcon/Avatar/1211.png","AvatarID":1211,"SortType":3},"201212":{"ID":201212,"ImagePath":"SpriteOutput/AvatarRoundIcon/Avatar/1212.png","AvatarID":1212,"SortType":3},"201213":{"ID":201213,"ImagePath":"SpriteOutput/AvatarRoundIcon/Avatar/1213.png","AvatarID":1213,"SortType":3},"201214":{"ID":201214,"ImagePath":"SpriteOutput/AvatarRoundIcon/Avatar/1214.png","AvatarID":1214,"SortType":3},"201215":{"ID":201215,"ImagePath":"SpriteOutput/AvatarRoundIcon/Avatar/1215.png","AvatarID":1215,"SortType":3},"201217":{"ID":201217,"ImagePath":"SpriteOutput/AvatarRoundIcon/Avatar/1217.png","AvatarID":1217,"SortType":3},"201218":{"ID":201218,"ImagePath":"SpriteOutput/AvatarRoundIcon/Avatar/1218.png","AvatarID":1218,"SortType":3},"201220":{"ID":201220,"ImagePath":"SpriteOutput/AvatarRoundIcon/Avatar/1220.png","AvatarID":1220,"SortType":3},"201221":{"ID":201221,"ImagePath":"SpriteOutput/AvatarRoundIcon/Avatar/1221.png","AvatarID":1221,"SortType":3},"201222":{"ID":201222,"ImagePath":"SpriteOutput/AvatarRoundIcon/Avatar/1222.png","AvatarID":1222,"SortType":3},"201223":{"ID":201223,"ImagePath":"SpriteOutput/AvatarRoundIcon/Avatar/1223.png","AvatarID":1223,"SortType":3},"201224":{"ID":201224,"ImagePath":"SpriteOutput/AvatarRoundIcon/Avatar/1224.png","AvatarID":1224,"SortType":3},"201225":{"ID":201225,"ImagePath":"SpriteOutput/AvatarRoundIcon/Avatar/1225.png","AvatarID":1225,"SortType":3},"201301":{"ID":201301,"ImagePath":"SpriteOutput/AvatarRoundIcon/Avatar/1301.png","AvatarID":1301,"SortType":3},"201302":{"ID":201302,"ImagePath":"SpriteOutput/AvatarRoundIcon/Avatar/1302.png","AvatarID":1302,"SortType":3},"201303":{"ID":201303,"ImagePath":"SpriteOutput/AvatarRoundIcon/Avatar/1303.png","AvatarID":1303,"SortType":3},"201304":{"ID":201304,"ImagePath":"SpriteOutput/AvatarRoundIcon/Avatar/1304.png","AvatarID":1304,"SortType":3},"201305":{"ID":201305,"ImagePath":"SpriteOutput/AvatarRoundIcon/Avatar/1305.png","AvatarID":1305,"SortType":3},"201306":{"ID":201306,"ImagePath":"SpriteOutput/AvatarRoundIcon/Avatar/1306.png","AvatarID":1306,"SortType":3},"201307":{"ID":201307,"ImagePath":"SpriteOutput/AvatarRoundIcon/Avatar/1307.png","AvatarID":1307,"SortType":3},"201308":{"ID":201308,"ImagePath":"SpriteOutput/AvatarRoundIcon/Avatar/1308.png","AvatarID":1308,"SortType":3},"201309":{"ID":201309,"ImagePath":"SpriteOutput/AvatarRoundIcon/Avatar/1309.png","AvatarID":1309,"SortType":3},"201310":{"ID":201310,"ImagePath":"SpriteOutput/AvatarRoundIcon/Avatar/1310.png","AvatarID":1310,"SortType":3},"201312":{"ID":201312,"ImagePath":"SpriteOutput/AvatarRoundIcon/Avatar/1312.png","AvatarID":1312,"SortType":3},"201313":{"ID":201313,"ImagePath":"SpriteOutput/AvatarRoundIcon/Avatar/1313.png","AvatarID":1313,"SortType":3},"201314":{"ID":201314,"ImagePath":"SpriteOutput/AvatarRoundIcon/Avatar/1314.png","AvatarID":1314,"SortType":3},"201315":{"ID":201315,"ImagePath":"SpriteOutput/AvatarRoundIcon/Avatar/1315.png","AvatarID":1315,"SortType":3},"201317":{"ID":201317,"ImagePath":"SpriteOutput/AvatarRoundIcon/Avatar/1317.png","AvatarID":1317,"SortType":3},"201401":{"ID":201401,"ImagePath":"SpriteOutput/AvatarRoundIcon/Avatar/1401.png","AvatarID":1401,"SortType":3},"201402":{"ID":201402,"ImagePath":"SpriteOutput/AvatarRoundIcon/Avatar/1402.png","AvatarID":1402,"SortType":3},"201403":{"ID":201403,"ImagePath":"SpriteOutput/AvatarRoundIcon/Avatar/1403.png","AvatarID":1403,"SortType":3},"201404":{"ID":201404,"ImagePath":"SpriteOutput/AvatarRoundIcon/Avatar/1404.png","AvatarID":1404,"SortType":3},"201405":{"ID":201405,"ImagePath":"SpriteOutput/AvatarRoundIcon/Avatar/1405.png","AvatarID":1405,"SortType":3},"201406":{"ID":201406,"ImagePath":"SpriteOutput/AvatarRoundIcon/Avatar/1406.png","AvatarID":1406,"SortType":3},"201407":{"ID":201407,"ImagePath":"SpriteOutput/AvatarRoundIcon/Avatar/1407.png","AvatarID":1407,"SortType":3},"201408":{"ID":201408,"ImagePath":"SpriteOutput/AvatarRoundIcon/Avatar/1408.png","AvatarID":1408,"SortType":3},"201409":{"ID":201409,"ImagePath":"SpriteOutput/AvatarRoundIcon/Avatar/1409.png","AvatarID":1409,"SortType":3},"201410":{"ID":201410,"ImagePath":"SpriteOutput/AvatarRoundIcon/Avatar/1410.png","AvatarID":1410,"SortType":3},"201412":{"ID":201412,"ImagePath":"SpriteOutput/AvatarRoundIcon/Avatar/1412.png","AvatarID":1412,"SortType":3},"201413":{"ID":201413,"ImagePath":"SpriteOutput/AvatarRoundIcon/Avatar/1413.png","AvatarID":1413,"SortType":3},"201414":{"ID":201414,"ImagePath":"SpriteOutput/AvatarRoundIcon/Avatar/1414.png","AvatarID":1414,"SortType":3},"208001":{"ID":208001,"ImagePath":"SpriteOutput/AvatarRoundIcon/Avatar/8001.png","IsVisible":true,"AvatarID":8001,"SortType":3},"208002":{"ID":208002,"ImagePath":"SpriteOutput/AvatarRoundIcon/Avatar/8002.png","IsVisible":true,"AvatarID":8002,"SortType":3},"208003":{"ID":208003,"ImagePath":"SpriteOutput/AvatarRoundIcon/Avatar/8003.png","IsVisible":true,"AvatarID":8003,"SortType":3},"208004":{"ID":208004,"ImagePath":"SpriteOutput/AvatarRoundIcon/Avatar/8004.png","IsVisible":true,"AvatarID":8004,"SortType":3},"208005":{"ID":208005,"ImagePath":"SpriteOutput/AvatarRoundIcon/Avatar/8005.png","IsVisible":true,"AvatarID":8005,"SortType":3},"208006":{"ID":208006,"ImagePath":"SpriteOutput/AvatarRoundIcon/Avatar/8006.png","IsVisible":true,"AvatarID":8006,"SortType":3},"208007":{"ID":208007,"ImagePath":"SpriteOutput/AvatarRoundIcon/Avatar/8007.png","AvatarID":8007,"SortType":3},"208008":{"ID":208008,"ImagePath":"SpriteOutput/AvatarRoundIcon/Avatar/8008.png","AvatarID":8008,"SortType":3}}