{"20000":{"1":{"SkillID":20000,"SkillName":{"Hash":-1480616705},"SkillDesc":{"Hash":1777866215},"Level":1,"AbilityName":"Ability20000","ParamList":[{"Value":0.12000000011175871},{"Value":3}],"AbilityProperty":[]},"2":{"SkillID":20000,"SkillName":{"Hash":-1883901232},"SkillDesc":{"Hash":1777866215},"Level":2,"AbilityName":"Ability20000","ParamList":[{"Value":0.1500000001396984},{"Value":3}],"AbilityProperty":[]},"3":{"SkillID":20000,"SkillName":{"Hash":-317817291},"SkillDesc":{"Hash":1777866215},"Level":3,"AbilityName":"Ability20000","ParamList":[{"Value":0.18000000016763806},{"Value":3}],"AbilityProperty":[]},"4":{"SkillID":20000,"SkillName":{"Hash":-721101818},"SkillDesc":{"Hash":1777866215},"Level":4,"AbilityName":"Ability20000","ParamList":[{"Value":0.21000000019557774},{"Value":3}],"AbilityProperty":[]},"5":{"SkillID":20000,"SkillName":{"Hash":844982123},"SkillDesc":{"Hash":1777866215},"Level":5,"AbilityName":"Ability20000","ParamList":[{"Value":0.24000000022351742},{"Value":3}],"AbilityProperty":[]}},"20001":{"1":{"SkillID":20001,"SkillName":{"Hash":1268469626},"SkillDesc":{"Hash":-951017140},"Level":1,"AbilityName":"Ability20001","ParamList":[{"Value":0.12000000011175871}],"AbilityProperty":[]},"2":{"SkillID":20001,"SkillName":{"Hash":-297614315},"SkillDesc":{"Hash":-951017140},"Level":2,"AbilityName":"Ability20001","ParamList":[{"Value":0.1500000001396984}],"AbilityProperty":[]},"3":{"SkillID":20001,"SkillName":{"Hash":-1863698256},"SkillDesc":{"Hash":-951017140},"Level":3,"AbilityName":"Ability20001","ParamList":[{"Value":0.18000000016763806}],"AbilityProperty":[]},"4":{"SkillID":20001,"SkillName":{"Hash":865185099},"SkillDesc":{"Hash":-951017140},"Level":4,"AbilityName":"Ability20001","ParamList":[{"Value":0.21000000019557774}],"AbilityProperty":[]},"5":{"SkillID":20001,"SkillName":{"Hash":-700898842},"SkillDesc":{"Hash":-951017140},"Level":5,"AbilityName":"Ability20001","ParamList":[{"Value":0.24000000022351742}],"AbilityProperty":[]}},"20002":{"1":{"SkillID":20002,"SkillName":{"Hash":-1762941707},"SkillDesc":{"Hash":615066801},"Level":1,"AbilityName":"Ability20002","ParamList":[{"Value":0.20000000018626451}],"AbilityProperty":[]},"2":{"SkillID":20002,"SkillName":{"Hash":-196857766},"SkillDesc":{"Hash":615066801},"Level":2,"AbilityName":"Ability20002","ParamList":[{"Value":0.25000000023283064}],"AbilityProperty":[]},"3":{"SkillID":20002,"SkillName":{"Hash":1369226175},"SkillDesc":{"Hash":615066801},"Level":3,"AbilityName":"Ability20002","ParamList":[{"Value":0.3000000002793968}],"AbilityProperty":[]},"4":{"SkillID":20002,"SkillName":{"Hash":-1003426820},"SkillDesc":{"Hash":615066801},"Level":4,"AbilityName":"Ability20002","ParamList":[{"Value":0.3500000003259629}],"AbilityProperty":[]},"5":{"SkillID":20002,"SkillName":{"Hash":562657121},"SkillDesc":{"Hash":615066801},"Level":5,"AbilityName":"Ability20002","ParamList":[{"Value":0.40000000037252903}],"AbilityProperty":[]}},"20003":{"1":{"SkillID":20003,"SkillName":{"Hash":986144624},"SkillDesc":{"Hash":-2113816554},"Level":1,"AbilityName":"Ability20003","ParamList":[{"Value":0.1600000001490116},{"Value":0.5000000004656613},{"Value":0.1600000001490116}],"AbilityProperty":[{"PropertyType":"DefenceAddedRatio","Value":{"Value":0.1600000001490116}}]},"2":{"SkillID":20003,"SkillName":{"Hash":1389429151},"SkillDesc":{"Hash":-2113816554},"Level":2,"AbilityName":"Ability20003","ParamList":[{"Value":0.20000000018626451},{"Value":0.5000000004656613},{"Value":0.20000000018626451}],"AbilityProperty":[{"PropertyType":"DefenceAddedRatio","Value":{"Value":0.20000000018626451}}]},"3":{"SkillID":20003,"SkillName":{"Hash":-176654790},"SkillDesc":{"Hash":-2113816554},"Level":3,"AbilityName":"Ability20003","ParamList":[{"Value":0.24000000022351742},{"Value":0.5000000004656613},{"Value":0.24000000022351742}],"AbilityProperty":[{"PropertyType":"DefenceAddedRatio","Value":{"Value":0.24000000022351742}}]},"4":{"SkillID":20003,"SkillName":{"Hash":582860097},"SkillDesc":{"Hash":-2113816554},"Level":4,"AbilityName":"Ability20003","ParamList":[{"Value":0.2800000002607703},{"Value":0.5000000004656613},{"Value":0.2800000002607703}],"AbilityProperty":[{"PropertyType":"DefenceAddedRatio","Value":{"Value":0.2800000002607703}}]},"5":{"SkillID":20003,"SkillName":{"Hash":-983223844},"SkillDesc":{"Hash":-2113816554},"Level":5,"AbilityName":"Ability20003","ParamList":[{"Value":0.3200000002980232},{"Value":0.5000000004656613},{"Value":0.3200000002980232}],"AbilityProperty":[{"PropertyType":"DefenceAddedRatio","Value":{"Value":0.3200000002980232}}]}},"20004":{"1":{"SkillID":20004,"SkillName":{"Hash":-2045266709},"SkillDesc":{"Hash":-191502253},"Level":1,"AbilityName":"Ability20004","ParamList":[{"Value":0.20000000018626451},{"Value":3}],"AbilityProperty":[]},"2":{"SkillID":20004,"SkillName":{"Hash":1846416060},"SkillDesc":{"Hash":-191502253},"Level":2,"AbilityName":"Ability20004","ParamList":[{"Value":0.25000000023283064},{"Value":3}],"AbilityProperty":[]},"3":{"SkillID":20004,"SkillName":{"Hash":-882467295},"SkillDesc":{"Hash":-191502253},"Level":3,"AbilityName":"Ability20004","ParamList":[{"Value":0.3000000002793968},{"Value":3}],"AbilityProperty":[]},"4":{"SkillID":20004,"SkillName":{"Hash":-1641982182},"SkillDesc":{"Hash":-191502253},"Level":4,"AbilityName":"Ability20004","ParamList":[{"Value":0.3500000003259629},{"Value":3}],"AbilityProperty":[]},"5":{"SkillID":20004,"SkillName":{"Hash":-75898241},"SkillDesc":{"Hash":-191502253},"Level":5,"AbilityName":"Ability20004","ParamList":[{"Value":0.40000000037252903},{"Value":3}],"AbilityProperty":[]}},"20005":{"1":{"SkillID":20005,"SkillName":{"Hash":703819622},"SkillDesc":{"Hash":1374581688},"Level":1,"AbilityName":"Ability20005","ParamList":[{"Value":0.0800000000745058}],"AbilityProperty":[]},"2":{"SkillID":20005,"SkillName":{"Hash":-862264319},"SkillDesc":{"Hash":1374581688},"Level":2,"AbilityName":"Ability20005","ParamList":[{"Value":0.09000000008381903}],"AbilityProperty":[]},"3":{"SkillID":20005,"SkillName":{"Hash":1866619036},"SkillDesc":{"Hash":1374581688},"Level":3,"AbilityName":"Ability20005","ParamList":[{"Value":0.10000000009313226}],"AbilityProperty":[]},"4":{"SkillID":20005,"SkillName":{"Hash":-55695265},"SkillDesc":{"Hash":1374581688},"Level":4,"AbilityName":"Ability20005","ParamList":[{"Value":0.11000000010244548}],"AbilityProperty":[]},"5":{"SkillID":20005,"SkillName":{"Hash":-1621779206},"SkillDesc":{"Hash":1374581688},"Level":5,"AbilityName":"Ability20005","ParamList":[{"Value":0.12000000011175871}],"AbilityProperty":[]}},"20006":{"1":{"SkillID":20006,"SkillName":{"Hash":1967375585},"SkillDesc":{"Hash":-1354301667},"Level":1,"AbilityName":"Ability20006","ParamList":[{"Value":0.2800000002607703}],"AbilityProperty":[]},"2":{"SkillID":20006,"SkillName":{"Hash":-761507770},"SkillDesc":{"Hash":-1354301667},"Level":2,"AbilityName":"Ability20006","ParamList":[{"Value":0.3500000003259629}],"AbilityProperty":[]},"3":{"SkillID":20006,"SkillName":{"Hash":804576171},"SkillDesc":{"Hash":-1354301667},"Level":3,"AbilityName":"Ability20006","ParamList":[{"Value":0.4200000003911555}],"AbilityProperty":[]},"4":{"SkillID":20006,"SkillName":{"Hash":-1924307184},"SkillDesc":{"Hash":-1354301667},"Level":4,"AbilityName":"Ability20006","ParamList":[{"Value":0.49000000045634806}],"AbilityProperty":[]},"5":{"SkillID":20006,"SkillName":{"Hash":-358223243},"SkillDesc":{"Hash":-1354301667},"Level":5,"AbilityName":"Ability20006","ParamList":[{"Value":0.5600000005215406}],"AbilityProperty":[]}},"20007":{"1":{"SkillID":20007,"SkillName":{"Hash":421494620},"SkillDesc":{"Hash":211782274},"Level":1,"AbilityName":"Ability20007","ParamList":[{"Value":0.24000000022351742},{"Value":3}],"AbilityProperty":[]},"2":{"SkillID":20007,"SkillName":{"Hash":824779147},"SkillDesc":{"Hash":211782274},"Level":2,"AbilityName":"Ability20007","ParamList":[{"Value":0.3000000002793968},{"Value":3}],"AbilityProperty":[]},"3":{"SkillID":20007,"SkillName":{"Hash":-741304794},"SkillDesc":{"Hash":211782274},"Level":3,"AbilityName":"Ability20007","ParamList":[{"Value":0.3600000003352761},{"Value":3}],"AbilityProperty":[]},"4":{"SkillID":20007,"SkillName":{"Hash":-338020267},"SkillDesc":{"Hash":211782274},"Level":4,"AbilityName":"Ability20007","ParamList":[{"Value":0.4200000003911555},{"Value":3}],"AbilityProperty":[]},"5":{"SkillID":20007,"SkillName":{"Hash":-1904104208},"SkillDesc":{"Hash":211782274},"Level":5,"AbilityName":"Ability20007","ParamList":[{"Value":0.48000000044703484},{"Value":3}],"AbilityProperty":[]}},"20008":{"1":{"SkillID":20008,"SkillName":{"Hash":-351316697},"SkillDesc":{"Hash":2134096575},"Level":1,"AbilityName":"Ability20008","ParamList":[{"Value":6}],"AbilityProperty":[]},"2":{"SkillID":20008,"SkillName":{"Hash":-754601224},"SkillDesc":{"Hash":2134096575},"Level":2,"AbilityName":"Ability20008","ParamList":[{"Value":7.500000000465661}],"AbilityProperty":[]},"3":{"SkillID":20008,"SkillName":{"Hash":811482717},"SkillDesc":{"Hash":2134096575},"Level":3,"AbilityName":"Ability20008","ParamList":[{"Value":9}],"AbilityProperty":[]},"4":{"SkillID":20008,"SkillName":{"Hash":408198190},"SkillDesc":{"Hash":2134096575},"Level":4,"AbilityName":"Ability20008","ParamList":[{"Value":10.500000000465661}],"AbilityProperty":[]},"5":{"SkillID":20008,"SkillName":{"Hash":1974282131},"SkillDesc":{"Hash":2134096575},"Level":5,"AbilityName":"Ability20008","ParamList":[{"Value":12}],"AbilityProperty":[]}},"20009":{"1":{"SkillID":20009,"SkillName":{"Hash":-1897197662},"SkillDesc":{"Hash":-594786780},"Level":1,"AbilityName":"Ability20009","ParamList":[{"Value":0.5000000004656613},{"Value":0.20000000018626451}],"AbilityProperty":[]},"2":{"SkillID":20009,"SkillName":{"Hash":831685693},"SkillDesc":{"Hash":-594786780},"Level":2,"AbilityName":"Ability20009","ParamList":[{"Value":0.5000000004656613},{"Value":0.25000000023283064}],"AbilityProperty":[]},"3":{"SkillID":20009,"SkillName":{"Hash":-734398248},"SkillDesc":{"Hash":-594786780},"Level":3,"AbilityName":"Ability20009","ParamList":[{"Value":0.5000000004656613},{"Value":0.3000000002793968}],"AbilityProperty":[]},"4":{"SkillID":20009,"SkillName":{"Hash":1994485107},"SkillDesc":{"Hash":-594786780},"Level":4,"AbilityName":"Ability20009","ParamList":[{"Value":0.5000000004656613},{"Value":0.3500000003259629}],"AbilityProperty":[]},"5":{"SkillID":20009,"SkillName":{"Hash":428401166},"SkillDesc":{"Hash":-594786780},"Level":5,"AbilityName":"Ability20009","ParamList":[{"Value":0.5000000004656613},{"Value":0.40000000037252903}],"AbilityProperty":[]}},"20010":{"1":{"SkillID":20010,"SkillName":{"Hash":-1480616736},"SkillDesc":{"Hash":1777866214},"Level":1,"AbilityName":"Ability20010","ParamList":[{"Value":0.18000000016763806}],"AbilityProperty":[]},"2":{"SkillID":20010,"SkillName":{"Hash":-1883901263},"SkillDesc":{"Hash":1777866214},"Level":2,"AbilityName":"Ability20010","ParamList":[{"Value":0.21000000019557774}],"AbilityProperty":[]},"3":{"SkillID":20010,"SkillName":{"Hash":-317817322},"SkillDesc":{"Hash":1777866214},"Level":3,"AbilityName":"Ability20010","ParamList":[{"Value":0.24000000022351742}],"AbilityProperty":[]},"4":{"SkillID":20010,"SkillName":{"Hash":-721101849},"SkillDesc":{"Hash":1777866214},"Level":4,"AbilityName":"Ability20010","ParamList":[{"Value":0.2700000002514571}],"AbilityProperty":[]},"5":{"SkillID":20010,"SkillName":{"Hash":844982092},"SkillDesc":{"Hash":1777866214},"Level":5,"AbilityName":"Ability20010","ParamList":[{"Value":0.3000000002793968}],"AbilityProperty":[]}},"20011":{"1":{"SkillID":20011,"SkillName":{"Hash":1268469595},"SkillDesc":{"Hash":-951017141},"Level":1,"AbilityName":"Ability20011","ParamList":[{"Value":0.24000000022351742}],"AbilityProperty":[]},"2":{"SkillID":20011,"SkillName":{"Hash":-297614346},"SkillDesc":{"Hash":-951017141},"Level":2,"AbilityName":"Ability20011","ParamList":[{"Value":0.3000000002793968}],"AbilityProperty":[]},"3":{"SkillID":20011,"SkillName":{"Hash":-1863698287},"SkillDesc":{"Hash":-951017141},"Level":3,"AbilityName":"Ability20011","ParamList":[{"Value":0.3600000003352761}],"AbilityProperty":[]},"4":{"SkillID":20011,"SkillName":{"Hash":865185068},"SkillDesc":{"Hash":-951017141},"Level":4,"AbilityName":"Ability20011","ParamList":[{"Value":0.4200000003911555}],"AbilityProperty":[]},"5":{"SkillID":20011,"SkillName":{"Hash":-700898873},"SkillDesc":{"Hash":-951017141},"Level":5,"AbilityName":"Ability20011","ParamList":[{"Value":0.48000000044703484}],"AbilityProperty":[]}},"20012":{"1":{"SkillID":20012,"SkillName":{"Hash":-1762941738},"SkillDesc":{"Hash":615066800},"Level":1,"AbilityName":"Ability20012","ParamList":[{"Value":4}],"AbilityProperty":[]},"2":{"SkillID":20012,"SkillName":{"Hash":-196857797},"SkillDesc":{"Hash":615066800},"Level":2,"AbilityName":"Ability20012","ParamList":[{"Value":5}],"AbilityProperty":[]},"3":{"SkillID":20012,"SkillName":{"Hash":1369226144},"SkillDesc":{"Hash":615066800},"Level":3,"AbilityName":"Ability20012","ParamList":[{"Value":6}],"AbilityProperty":[]},"4":{"SkillID":20012,"SkillName":{"Hash":-1003426851},"SkillDesc":{"Hash":615066800},"Level":4,"AbilityName":"Ability20012","ParamList":[{"Value":7}],"AbilityProperty":[]},"5":{"SkillID":20012,"SkillName":{"Hash":562657090},"SkillDesc":{"Hash":615066800},"Level":5,"AbilityName":"Ability20012","ParamList":[{"Value":8}],"AbilityProperty":[]}},"20013":{"1":{"SkillID":20013,"SkillName":{"Hash":986144593},"SkillDesc":{"Hash":-2113816555},"Level":1,"AbilityName":"Ability20013","ParamList":[{"Value":8}],"AbilityProperty":[]},"2":{"SkillID":20013,"SkillName":{"Hash":1389429120},"SkillDesc":{"Hash":-2113816555},"Level":2,"AbilityName":"Ability20013","ParamList":[{"Value":9}],"AbilityProperty":[]},"3":{"SkillID":20013,"SkillName":{"Hash":-176654821},"SkillDesc":{"Hash":-2113816555},"Level":3,"AbilityName":"Ability20013","ParamList":[{"Value":10}],"AbilityProperty":[]},"4":{"SkillID":20013,"SkillName":{"Hash":582860066},"SkillDesc":{"Hash":-2113816555},"Level":4,"AbilityName":"Ability20013","ParamList":[{"Value":11}],"AbilityProperty":[]},"5":{"SkillID":20013,"SkillName":{"Hash":-983223875},"SkillDesc":{"Hash":-2113816555},"Level":5,"AbilityName":"Ability20013","ParamList":[{"Value":12}],"AbilityProperty":[]}},"20014":{"1":{"SkillID":20014,"SkillName":{"Hash":-2045266740},"SkillDesc":{"Hash":-191502254},"Level":1,"AbilityName":"Ability20014","ParamList":[{"Value":0.10000000009313226},{"Value":2}],"AbilityProperty":[]},"2":{"SkillID":20014,"SkillName":{"Hash":1846416029},"SkillDesc":{"Hash":-191502254},"Level":2,"AbilityName":"Ability20014","ParamList":[{"Value":0.12000000011175871},{"Value":2}],"AbilityProperty":[]},"3":{"SkillID":20014,"SkillName":{"Hash":-882467326},"SkillDesc":{"Hash":-191502254},"Level":3,"AbilityName":"Ability20014","ParamList":[{"Value":0.14000000013038516},{"Value":2}],"AbilityProperty":[]},"4":{"SkillID":20014,"SkillName":{"Hash":-1641982213},"SkillDesc":{"Hash":-191502254},"Level":4,"AbilityName":"Ability20014","ParamList":[{"Value":0.1600000001490116},{"Value":2}],"AbilityProperty":[]},"5":{"SkillID":20014,"SkillName":{"Hash":-75898272},"SkillDesc":{"Hash":-191502254},"Level":5,"AbilityName":"Ability20014","ParamList":[{"Value":0.18000000016763806},{"Value":2}],"AbilityProperty":[]}},"20015":{"1":{"SkillID":20015,"SkillName":{"Hash":703819591},"SkillDesc":{"Hash":1374581687},"Level":1,"AbilityName":"Ability20015","ParamList":[{"Value":0.12000000011175871}],"AbilityProperty":[]},"2":{"SkillID":20015,"SkillName":{"Hash":-862264350},"SkillDesc":{"Hash":1374581687},"Level":2,"AbilityName":"Ability20015","ParamList":[{"Value":0.14000000013038516}],"AbilityProperty":[]},"3":{"SkillID":20015,"SkillName":{"Hash":1866619005},"SkillDesc":{"Hash":1374581687},"Level":3,"AbilityName":"Ability20015","ParamList":[{"Value":0.1600000001490116}],"AbilityProperty":[]},"4":{"SkillID":20015,"SkillName":{"Hash":-55695296},"SkillDesc":{"Hash":1374581687},"Level":4,"AbilityName":"Ability20015","ParamList":[{"Value":0.18000000016763806}],"AbilityProperty":[]},"5":{"SkillID":20015,"SkillName":{"Hash":-1621779237},"SkillDesc":{"Hash":1374581687},"Level":5,"AbilityName":"Ability20015","ParamList":[{"Value":0.20000000018626451}],"AbilityProperty":[]}},"20016":{"1":{"SkillID":20016,"SkillName":{"Hash":1967375554},"SkillDesc":{"Hash":-1354301668},"Level":1,"AbilityName":"Ability20016","ParamList":[{"Value":0.8000000007450581},{"Value":0.12000000011175871}],"AbilityProperty":[]},"2":{"SkillID":20016,"SkillName":{"Hash":-761507801},"SkillDesc":{"Hash":-1354301668},"Level":2,"AbilityName":"Ability20016","ParamList":[{"Value":0.8000000007450581},{"Value":0.1500000001396984}],"AbilityProperty":[]},"3":{"SkillID":20016,"SkillName":{"Hash":804576140},"SkillDesc":{"Hash":-1354301668},"Level":3,"AbilityName":"Ability20016","ParamList":[{"Value":0.8000000007450581},{"Value":0.18000000016763806}],"AbilityProperty":[]},"4":{"SkillID":20016,"SkillName":{"Hash":-1924307215},"SkillDesc":{"Hash":-1354301668},"Level":4,"AbilityName":"Ability20016","ParamList":[{"Value":0.8000000007450581},{"Value":0.21000000019557774}],"AbilityProperty":[]},"5":{"SkillID":20016,"SkillName":{"Hash":-358223274},"SkillDesc":{"Hash":-1354301668},"Level":5,"AbilityName":"Ability20016","ParamList":[{"Value":0.8000000007450581},{"Value":0.24000000022351742}],"AbilityProperty":[]}},"20017":{"1":{"SkillID":20017,"SkillName":{"Hash":421494589},"SkillDesc":{"Hash":211782273},"Level":1,"AbilityName":"Ability20017","ParamList":[{"Value":0.12000000011175871}],"AbilityProperty":[]},"2":{"SkillID":20017,"SkillName":{"Hash":824779116},"SkillDesc":{"Hash":211782273},"Level":2,"AbilityName":"Ability20017","ParamList":[{"Value":0.14000000013038516}],"AbilityProperty":[]},"3":{"SkillID":20017,"SkillName":{"Hash":-741304825},"SkillDesc":{"Hash":211782273},"Level":3,"AbilityName":"Ability20017","ParamList":[{"Value":0.1600000001490116}],"AbilityProperty":[]},"4":{"SkillID":20017,"SkillName":{"Hash":-338020298},"SkillDesc":{"Hash":211782273},"Level":4,"AbilityName":"Ability20017","ParamList":[{"Value":0.18000000016763806}],"AbilityProperty":[]},"5":{"SkillID":20017,"SkillName":{"Hash":-1904104239},"SkillDesc":{"Hash":211782273},"Level":5,"AbilityName":"Ability20017","ParamList":[{"Value":0.20000000018626451}],"AbilityProperty":[]}},"20018":{"1":{"SkillID":20018,"SkillName":{"Hash":-351316728},"SkillDesc":{"Hash":2134096574},"Level":1,"AbilityName":"Ability20018","ParamList":[{"Value":0.6000000005587935}],"AbilityProperty":[]},"2":{"SkillID":20018,"SkillName":{"Hash":-754601255},"SkillDesc":{"Hash":2134096574},"Level":2,"AbilityName":"Ability20018","ParamList":[{"Value":0.7500000006984919}],"AbilityProperty":[]},"3":{"SkillID":20018,"SkillName":{"Hash":811482686},"SkillDesc":{"Hash":2134096574},"Level":3,"AbilityName":"Ability20018","ParamList":[{"Value":0.9000000008381903}],"AbilityProperty":[]},"4":{"SkillID":20018,"SkillName":{"Hash":408198159},"SkillDesc":{"Hash":2134096574},"Level":4,"AbilityName":"Ability20018","ParamList":[{"Value":1.0500000000465661}],"AbilityProperty":[]},"5":{"SkillID":20018,"SkillName":{"Hash":1974282100},"SkillDesc":{"Hash":2134096574},"Level":5,"AbilityName":"Ability20018","ParamList":[{"Value":1.2000000001862645}],"AbilityProperty":[]}},"20019":{"1":{"SkillID":20019,"SkillName":{"Hash":-1897197693},"SkillDesc":{"Hash":-594786781},"Level":1,"AbilityName":"Ability20019","ParamList":[{"Value":12},{"Value":1}],"AbilityProperty":[]},"2":{"SkillID":20019,"SkillName":{"Hash":831685662},"SkillDesc":{"Hash":-594786781},"Level":2,"AbilityName":"Ability20019","ParamList":[{"Value":14},{"Value":1}],"AbilityProperty":[]},"3":{"SkillID":20019,"SkillName":{"Hash":-734398279},"SkillDesc":{"Hash":-594786781},"Level":3,"AbilityName":"Ability20019","ParamList":[{"Value":16},{"Value":1}],"AbilityProperty":[]},"4":{"SkillID":20019,"SkillName":{"Hash":1994485076},"SkillDesc":{"Hash":-594786781},"Level":4,"AbilityName":"Ability20019","ParamList":[{"Value":18},{"Value":1}],"AbilityProperty":[]},"5":{"SkillID":20019,"SkillName":{"Hash":428401135},"SkillDesc":{"Hash":-594786781},"Level":5,"AbilityName":"Ability20019","ParamList":[{"Value":20},{"Value":1}],"AbilityProperty":[]}},"20020":{"1":{"SkillID":20020,"SkillName":{"Hash":-1480616895},"SkillDesc":{"Hash":1777866213},"Level":1,"AbilityName":"Ability20020","ParamList":[{"Value":0.24000000022351742},{"Value":2}],"AbilityProperty":[]},"2":{"SkillID":20020,"SkillName":{"Hash":-1883901422},"SkillDesc":{"Hash":1777866213},"Level":2,"AbilityName":"Ability20020","ParamList":[{"Value":0.3000000002793968},{"Value":2}],"AbilityProperty":[]},"3":{"SkillID":20020,"SkillName":{"Hash":-317817481},"SkillDesc":{"Hash":1777866213},"Level":3,"AbilityName":"Ability20020","ParamList":[{"Value":0.3600000003352761},{"Value":2}],"AbilityProperty":[]},"4":{"SkillID":20020,"SkillName":{"Hash":-721102008},"SkillDesc":{"Hash":1777866213},"Level":4,"AbilityName":"Ability20020","ParamList":[{"Value":0.4200000003911555},{"Value":2}],"AbilityProperty":[]},"5":{"SkillID":20020,"SkillName":{"Hash":844981933},"SkillDesc":{"Hash":1777866213},"Level":5,"AbilityName":"Ability20020","ParamList":[{"Value":0.48000000044703484},{"Value":2}],"AbilityProperty":[]}},"21000":{"1":{"SkillID":21000,"SkillName":{"Hash":-1480615680},"SkillDesc":{"Hash":1777866118},"Level":1,"AbilityName":"Ability21000","ParamList":[{"Value":0.0800000000745058},{"Value":0.12000000011175871}],"AbilityProperty":[{"PropertyType":"SPRatioBase","Value":{"Value":0.0800000000745058}}]},"2":{"SkillID":21000,"SkillName":{"Hash":-1883900207},"SkillDesc":{"Hash":1777866118},"Level":2,"AbilityName":"Ability21000","ParamList":[{"Value":0.10000000009313226},{"Value":0.1500000001396984}],"AbilityProperty":[{"PropertyType":"SPRatioBase","Value":{"Value":0.10000000009313226}}]},"3":{"SkillID":21000,"SkillName":{"Hash":-317816266},"SkillDesc":{"Hash":1777866118},"Level":3,"AbilityName":"Ability21000","ParamList":[{"Value":0.12000000011175871},{"Value":0.18000000016763806}],"AbilityProperty":[{"PropertyType":"SPRatioBase","Value":{"Value":0.12000000011175871}}]},"4":{"SkillID":21000,"SkillName":{"Hash":-721100793},"SkillDesc":{"Hash":1777866118},"Level":4,"AbilityName":"Ability21000","ParamList":[{"Value":0.14000000013038516},{"Value":0.21000000019557774}],"AbilityProperty":[{"PropertyType":"SPRatioBase","Value":{"Value":0.14000000013038516}}]},"5":{"SkillID":21000,"SkillName":{"Hash":844983148},"SkillDesc":{"Hash":1777866118},"Level":5,"AbilityName":"Ability21000","ParamList":[{"Value":0.1600000001490116},{"Value":0.24000000022351742}],"AbilityProperty":[{"PropertyType":"SPRatioBase","Value":{"Value":0.1600000001490116}}]}},"21001":{"1":{"SkillID":21001,"SkillName":{"Hash":1268470651},"SkillDesc":{"Hash":-951017237},"Level":1,"AbilityName":"Ability21001","ParamList":[{"Value":0.12000000011175871},{"Value":3}],"AbilityProperty":[]},"2":{"SkillID":21001,"SkillName":{"Hash":-297613290},"SkillDesc":{"Hash":-951017237},"Level":2,"AbilityName":"Ability21001","ParamList":[{"Value":0.1500000001396984},{"Value":3}],"AbilityProperty":[]},"3":{"SkillID":21001,"SkillName":{"Hash":-1863697231},"SkillDesc":{"Hash":-951017237},"Level":3,"AbilityName":"Ability21001","ParamList":[{"Value":0.18000000016763806},{"Value":3}],"AbilityProperty":[]},"4":{"SkillID":21001,"SkillName":{"Hash":865186124},"SkillDesc":{"Hash":-951017237},"Level":4,"AbilityName":"Ability21001","ParamList":[{"Value":0.21000000019557774},{"Value":3}],"AbilityProperty":[]},"5":{"SkillID":21001,"SkillName":{"Hash":-700897817},"SkillDesc":{"Hash":-951017237},"Level":5,"AbilityName":"Ability21001","ParamList":[{"Value":0.24000000022351742},{"Value":3}],"AbilityProperty":[]}},"21002":{"1":{"SkillID":21002,"SkillName":{"Hash":-1762940682},"SkillDesc":{"Hash":615066704},"Level":1,"AbilityName":"Ability21002","ParamList":[{"Value":0.1600000001490116},{"Value":0.0800000000745058}],"AbilityProperty":[{"PropertyType":"DefenceAddedRatio","Value":{"Value":0.1600000001490116}}]},"2":{"SkillID":21002,"SkillName":{"Hash":-196856741},"SkillDesc":{"Hash":615066704},"Level":2,"AbilityName":"Ability21002","ParamList":[{"Value":0.18000000016763806},{"Value":0.09000000008381903}],"AbilityProperty":[{"PropertyType":"DefenceAddedRatio","Value":{"Value":0.18000000016763806}}]},"3":{"SkillID":21002,"SkillName":{"Hash":1369227200},"SkillDesc":{"Hash":615066704},"Level":3,"AbilityName":"Ability21002","ParamList":[{"Value":0.20000000018626451},{"Value":0.10000000009313226}],"AbilityProperty":[{"PropertyType":"DefenceAddedRatio","Value":{"Value":0.20000000018626451}}]},"4":{"SkillID":21002,"SkillName":{"Hash":-1003425795},"SkillDesc":{"Hash":615066704},"Level":4,"AbilityName":"Ability21002","ParamList":[{"Value":0.22000000020489097},{"Value":0.11000000010244548}],"AbilityProperty":[{"PropertyType":"DefenceAddedRatio","Value":{"Value":0.22000000020489097}}]},"5":{"SkillID":21002,"SkillName":{"Hash":562658146},"SkillDesc":{"Hash":615066704},"Level":5,"AbilityName":"Ability21002","ParamList":[{"Value":0.24000000022351742},{"Value":0.12000000011175871}],"AbilityProperty":[{"PropertyType":"DefenceAddedRatio","Value":{"Value":0.24000000022351742}}]}},"21003":{"1":{"SkillID":21003,"SkillName":{"Hash":986145649},"SkillDesc":{"Hash":-2113816651},"Level":1,"AbilityName":"Ability21003","ParamList":[{"Value":0.1600000001490116},{"Value":0.12000000011175871}],"AbilityProperty":[{"PropertyType":"AttackAddedRatio","Value":{"Value":0.1600000001490116}}]},"2":{"SkillID":21003,"SkillName":{"Hash":1389430176},"SkillDesc":{"Hash":-2113816651},"Level":2,"AbilityName":"Ability21003","ParamList":[{"Value":0.20000000018626451},{"Value":0.1500000001396984}],"AbilityProperty":[{"PropertyType":"AttackAddedRatio","Value":{"Value":0.20000000018626451}}]},"3":{"SkillID":21003,"SkillName":{"Hash":-176653765},"SkillDesc":{"Hash":-2113816651},"Level":3,"AbilityName":"Ability21003","ParamList":[{"Value":0.24000000022351742},{"Value":0.18000000016763806}],"AbilityProperty":[{"PropertyType":"AttackAddedRatio","Value":{"Value":0.24000000022351742}}]},"4":{"SkillID":21003,"SkillName":{"Hash":582861122},"SkillDesc":{"Hash":-2113816651},"Level":4,"AbilityName":"Ability21003","ParamList":[{"Value":0.2800000002607703},{"Value":0.21000000019557774}],"AbilityProperty":[{"PropertyType":"AttackAddedRatio","Value":{"Value":0.2800000002607703}}]},"5":{"SkillID":21003,"SkillName":{"Hash":-983222819},"SkillDesc":{"Hash":-2113816651},"Level":5,"AbilityName":"Ability21003","ParamList":[{"Value":0.3200000002980232},{"Value":0.24000000022351742}],"AbilityProperty":[{"PropertyType":"AttackAddedRatio","Value":{"Value":0.3200000002980232}}]}},"21004":{"1":{"SkillID":21004,"SkillName":{"Hash":-2045265684},"SkillDesc":{"Hash":-191502350},"Level":1,"AbilityName":"Ability21004","ParamList":[{"Value":0.2800000002607703},{"Value":4}],"AbilityProperty":[{"PropertyType":"BreakDamageAddedRatioBase","Value":{"Value":0.2800000002607703}}]},"2":{"SkillID":21004,"SkillName":{"Hash":1846417085},"SkillDesc":{"Hash":-191502350},"Level":2,"AbilityName":"Ability21004","ParamList":[{"Value":0.3500000003259629},{"Value":5}],"AbilityProperty":[{"PropertyType":"BreakDamageAddedRatioBase","Value":{"Value":0.3500000003259629}}]},"3":{"SkillID":21004,"SkillName":{"Hash":-882466270},"SkillDesc":{"Hash":-191502350},"Level":3,"AbilityName":"Ability21004","ParamList":[{"Value":0.4200000003911555},{"Value":6}],"AbilityProperty":[{"PropertyType":"BreakDamageAddedRatioBase","Value":{"Value":0.4200000003911555}}]},"4":{"SkillID":21004,"SkillName":{"Hash":-1641981157},"SkillDesc":{"Hash":-191502350},"Level":4,"AbilityName":"Ability21004","ParamList":[{"Value":0.49000000045634806},{"Value":7}],"AbilityProperty":[{"PropertyType":"BreakDamageAddedRatioBase","Value":{"Value":0.49000000045634806}}]},"5":{"SkillID":21004,"SkillName":{"Hash":-75897216},"SkillDesc":{"Hash":-191502350},"Level":5,"AbilityName":"Ability21004","ParamList":[{"Value":0.5600000005215406},{"Value":8}],"AbilityProperty":[{"PropertyType":"BreakDamageAddedRatioBase","Value":{"Value":0.5600000005215406}}]}},"21005":{"1":{"SkillID":21005,"SkillName":{"Hash":703820647},"SkillDesc":{"Hash":1374581591},"Level":1,"AbilityName":"Ability21005","ParamList":[{"Value":0.12000000011175871}],"AbilityProperty":[]},"2":{"SkillID":21005,"SkillName":{"Hash":-862263294},"SkillDesc":{"Hash":1374581591},"Level":2,"AbilityName":"Ability21005","ParamList":[{"Value":0.1500000001396984}],"AbilityProperty":[]},"3":{"SkillID":21005,"SkillName":{"Hash":1866620061},"SkillDesc":{"Hash":1374581591},"Level":3,"AbilityName":"Ability21005","ParamList":[{"Value":0.18000000016763806}],"AbilityProperty":[]},"4":{"SkillID":21005,"SkillName":{"Hash":-55694240},"SkillDesc":{"Hash":1374581591},"Level":4,"AbilityName":"Ability21005","ParamList":[{"Value":0.21000000019557774}],"AbilityProperty":[]},"5":{"SkillID":21005,"SkillName":{"Hash":-1621778181},"SkillDesc":{"Hash":1374581591},"Level":5,"AbilityName":"Ability21005","ParamList":[{"Value":0.24000000022351742}],"AbilityProperty":[]}},"21006":{"1":{"SkillID":21006,"SkillName":{"Hash":1967376610},"SkillDesc":{"Hash":-1354301764},"Level":1,"AbilityName":"Ability21006","ParamList":[{"Value":0.24000000022351742},{"Value":0.5000000004656613},{"Value":0.24000000022351742}],"AbilityProperty":[]},"2":{"SkillID":21006,"SkillName":{"Hash":-761506745},"SkillDesc":{"Hash":-1354301764},"Level":2,"AbilityName":"Ability21006","ParamList":[{"Value":0.3000000002793968},{"Value":0.5000000004656613},{"Value":0.3000000002793968}],"AbilityProperty":[]},"3":{"SkillID":21006,"SkillName":{"Hash":804577196},"SkillDesc":{"Hash":-1354301764},"Level":3,"AbilityName":"Ability21006","ParamList":[{"Value":0.3600000003352761},{"Value":0.5000000004656613},{"Value":0.3600000003352761}],"AbilityProperty":[]},"4":{"SkillID":21006,"SkillName":{"Hash":-1924306159},"SkillDesc":{"Hash":-1354301764},"Level":4,"AbilityName":"Ability21006","ParamList":[{"Value":0.4200000003911555},{"Value":0.5000000004656613},{"Value":0.4200000003911555}],"AbilityProperty":[]},"5":{"SkillID":21006,"SkillName":{"Hash":-358222218},"SkillDesc":{"Hash":-1354301764},"Level":5,"AbilityName":"Ability21006","ParamList":[{"Value":0.48000000044703484},{"Value":0.5000000004656613},{"Value":0.48000000044703484}],"AbilityProperty":[]}},"21007":{"1":{"SkillID":21007,"SkillName":{"Hash":421495645},"SkillDesc":{"Hash":211782177},"Level":1,"AbilityName":"Ability21007","ParamList":[{"Value":0.10000000009313226},{"Value":2}],"AbilityProperty":[{"PropertyType":"HealRatioBase","Value":{"Value":0.10000000009313226}}]},"2":{"SkillID":21007,"SkillName":{"Hash":824780172},"SkillDesc":{"Hash":211782177},"Level":2,"AbilityName":"Ability21007","ParamList":[{"Value":0.12499999976716936},{"Value":2.5000000004656613}],"AbilityProperty":[{"PropertyType":"HealRatioBase","Value":{"Value":0.12499999976716936}}]},"3":{"SkillID":21007,"SkillName":{"Hash":-741303769},"SkillDesc":{"Hash":211782177},"Level":3,"AbilityName":"Ability21007","ParamList":[{"Value":0.1500000001396984},{"Value":3}],"AbilityProperty":[{"PropertyType":"HealRatioBase","Value":{"Value":0.1500000001396984}}]},"4":{"SkillID":21007,"SkillName":{"Hash":-338019242},"SkillDesc":{"Hash":211782177},"Level":4,"AbilityName":"Ability21007","ParamList":[{"Value":0.17499999981373549},{"Value":3.5000000004656613}],"AbilityProperty":[{"PropertyType":"HealRatioBase","Value":{"Value":0.17499999981373549}}]},"5":{"SkillID":21007,"SkillName":{"Hash":-1904103183},"SkillDesc":{"Hash":211782177},"Level":5,"AbilityName":"Ability21007","ParamList":[{"Value":0.20000000018626451},{"Value":4}],"AbilityProperty":[{"PropertyType":"HealRatioBase","Value":{"Value":0.20000000018626451}}]}},"21008":{"1":{"SkillID":21008,"SkillName":{"Hash":-351315672},"SkillDesc":{"Hash":2134096478},"Level":1,"AbilityName":"Ability21008","ParamList":[{"Value":0.20000000018626451},{"Value":0.24000000022351742}],"AbilityProperty":[{"PropertyType":"StatusProbabilityBase","Value":{"Value":0.20000000018626451}}]},"2":{"SkillID":21008,"SkillName":{"Hash":-754600199},"SkillDesc":{"Hash":2134096478},"Level":2,"AbilityName":"Ability21008","ParamList":[{"Value":0.25000000023283064},{"Value":0.3000000002793968}],"AbilityProperty":[{"PropertyType":"StatusProbabilityBase","Value":{"Value":0.25000000023283064}}]},"3":{"SkillID":21008,"SkillName":{"Hash":811483742},"SkillDesc":{"Hash":2134096478},"Level":3,"AbilityName":"Ability21008","ParamList":[{"Value":0.3000000002793968},{"Value":0.3600000003352761}],"AbilityProperty":[{"PropertyType":"StatusProbabilityBase","Value":{"Value":0.3000000002793968}}]},"4":{"SkillID":21008,"SkillName":{"Hash":408199215},"SkillDesc":{"Hash":2134096478},"Level":4,"AbilityName":"Ability21008","ParamList":[{"Value":0.3500000003259629},{"Value":0.4200000003911555}],"AbilityProperty":[{"PropertyType":"StatusProbabilityBase","Value":{"Value":0.3500000003259629}}]},"5":{"SkillID":21008,"SkillName":{"Hash":1974283156},"SkillDesc":{"Hash":2134096478},"Level":5,"AbilityName":"Ability21008","ParamList":[{"Value":0.40000000037252903},{"Value":0.48000000044703484}],"AbilityProperty":[{"PropertyType":"StatusProbabilityBase","Value":{"Value":0.40000000037252903}}]}},"21009":{"1":{"SkillID":21009,"SkillName":{"Hash":-1897196637},"SkillDesc":{"Hash":-594786877},"Level":1,"AbilityName":"Ability21009","ParamList":[{"Value":2},{"Value":0.1600000001490116}],"AbilityProperty":[]},"2":{"SkillID":21009,"SkillName":{"Hash":831686718},"SkillDesc":{"Hash":-594786877},"Level":2,"AbilityName":"Ability21009","ParamList":[{"Value":2},{"Value":0.18000000016763806}],"AbilityProperty":[]},"3":{"SkillID":21009,"SkillName":{"Hash":-734397223},"SkillDesc":{"Hash":-594786877},"Level":3,"AbilityName":"Ability21009","ParamList":[{"Value":2},{"Value":0.20000000018626451}],"AbilityProperty":[]},"4":{"SkillID":21009,"SkillName":{"Hash":1994486132},"SkillDesc":{"Hash":-594786877},"Level":4,"AbilityName":"Ability21009","ParamList":[{"Value":2},{"Value":0.22000000020489097}],"AbilityProperty":[]},"5":{"SkillID":21009,"SkillName":{"Hash":428402191},"SkillDesc":{"Hash":-594786877},"Level":5,"AbilityName":"Ability21009","ParamList":[{"Value":2},{"Value":0.24000000022351742}],"AbilityProperty":[]}},"21010":{"1":{"SkillID":21010,"SkillName":{"Hash":-1480615777},"SkillDesc":{"Hash":1777866119},"Level":1,"AbilityName":"Ability21010","ParamList":[{"Value":0.0800000000745058},{"Value":5}],"AbilityProperty":[]},"2":{"SkillID":21010,"SkillName":{"Hash":-1883900304},"SkillDesc":{"Hash":1777866119},"Level":2,"AbilityName":"Ability21010","ParamList":[{"Value":0.10000000009313226},{"Value":5}],"AbilityProperty":[]},"3":{"SkillID":21010,"SkillName":{"Hash":-317816363},"SkillDesc":{"Hash":1777866119},"Level":3,"AbilityName":"Ability21010","ParamList":[{"Value":0.12000000011175871},{"Value":5}],"AbilityProperty":[]},"4":{"SkillID":21010,"SkillName":{"Hash":-721100890},"SkillDesc":{"Hash":1777866119},"Level":4,"AbilityName":"Ability21010","ParamList":[{"Value":0.14000000013038516},{"Value":5}],"AbilityProperty":[]},"5":{"SkillID":21010,"SkillName":{"Hash":844983051},"SkillDesc":{"Hash":1777866119},"Level":5,"AbilityName":"Ability21010","ParamList":[{"Value":0.1600000001490116},{"Value":5}],"AbilityProperty":[]}},"21011":{"1":{"SkillID":21011,"SkillName":{"Hash":1268470554},"SkillDesc":{"Hash":-951017236},"Level":1,"AbilityName":"Ability21011","ParamList":[{"Value":0.12000000011175871}],"AbilityProperty":[]},"2":{"SkillID":21011,"SkillName":{"Hash":-297613387},"SkillDesc":{"Hash":-951017236},"Level":2,"AbilityName":"Ability21011","ParamList":[{"Value":0.1500000001396984}],"AbilityProperty":[]},"3":{"SkillID":21011,"SkillName":{"Hash":-1863697328},"SkillDesc":{"Hash":-951017236},"Level":3,"AbilityName":"Ability21011","ParamList":[{"Value":0.18000000016763806}],"AbilityProperty":[]},"4":{"SkillID":21011,"SkillName":{"Hash":865186027},"SkillDesc":{"Hash":-951017236},"Level":4,"AbilityName":"Ability21011","ParamList":[{"Value":0.21000000019557774}],"AbilityProperty":[]},"5":{"SkillID":21011,"SkillName":{"Hash":-700897914},"SkillDesc":{"Hash":-951017236},"Level":5,"AbilityName":"Ability21011","ParamList":[{"Value":0.24000000022351742}],"AbilityProperty":[]}},"21012":{"1":{"SkillID":21012,"SkillName":{"Hash":-1762940779},"SkillDesc":{"Hash":615066705},"Level":1,"AbilityName":"Ability21012","ParamList":[{"Value":0.20000000018626451},{"Value":0.20000000018626451}],"AbilityProperty":[{"PropertyType":"AllDamageTypeAddedRatio","Value":{"Value":0.20000000018626451}}]},"2":{"SkillID":21012,"SkillName":{"Hash":-196856838},"SkillDesc":{"Hash":615066705},"Level":2,"AbilityName":"Ability21012","ParamList":[{"Value":0.25000000023283064},{"Value":0.25000000023283064}],"AbilityProperty":[{"PropertyType":"AllDamageTypeAddedRatio","Value":{"Value":0.25000000023283064}}]},"3":{"SkillID":21012,"SkillName":{"Hash":1369227103},"SkillDesc":{"Hash":615066705},"Level":3,"AbilityName":"Ability21012","ParamList":[{"Value":0.3000000002793968},{"Value":0.3000000002793968}],"AbilityProperty":[{"PropertyType":"AllDamageTypeAddedRatio","Value":{"Value":0.3000000002793968}}]},"4":{"SkillID":21012,"SkillName":{"Hash":-1003425892},"SkillDesc":{"Hash":615066705},"Level":4,"AbilityName":"Ability21012","ParamList":[{"Value":0.3500000003259629},{"Value":0.3500000003259629}],"AbilityProperty":[{"PropertyType":"AllDamageTypeAddedRatio","Value":{"Value":0.3500000003259629}}]},"5":{"SkillID":21012,"SkillName":{"Hash":562658049},"SkillDesc":{"Hash":615066705},"Level":5,"AbilityName":"Ability21012","ParamList":[{"Value":0.40000000037252903},{"Value":0.40000000037252903}],"AbilityProperty":[{"PropertyType":"AllDamageTypeAddedRatio","Value":{"Value":0.40000000037252903}}]}},"21013":{"1":{"SkillID":21013,"SkillName":{"Hash":986145552},"SkillDesc":{"Hash":-2113816650},"Level":1,"AbilityName":"Ability21013","ParamList":[{"Value":0.3200000002980232},{"Value":20}],"AbilityProperty":[]},"2":{"SkillID":21013,"SkillName":{"Hash":1389430079},"SkillDesc":{"Hash":-2113816650},"Level":2,"AbilityName":"Ability21013","ParamList":[{"Value":0.40000000037252903},{"Value":23}],"AbilityProperty":[]},"3":{"SkillID":21013,"SkillName":{"Hash":-176653862},"SkillDesc":{"Hash":-2113816650},"Level":3,"AbilityName":"Ability21013","ParamList":[{"Value":0.48000000044703484},{"Value":26}],"AbilityProperty":[]},"4":{"SkillID":21013,"SkillName":{"Hash":582861025},"SkillDesc":{"Hash":-2113816650},"Level":4,"AbilityName":"Ability21013","ParamList":[{"Value":0.5600000005215406},{"Value":29}],"AbilityProperty":[]},"5":{"SkillID":21013,"SkillName":{"Hash":-983222916},"SkillDesc":{"Hash":-2113816650},"Level":5,"AbilityName":"Ability21013","ParamList":[{"Value":0.6400000005960464},{"Value":32}],"AbilityProperty":[]}},"21014":{"1":{"SkillID":21014,"SkillName":{"Hash":-2045265781},"SkillDesc":{"Hash":-191502349},"Level":1,"AbilityName":"Ability21014","ParamList":[{"Value":0.1600000001490116},{"Value":0.33000000030733645},{"Value":0.1500000001396984}],"AbilityProperty":[{"PropertyType":"StatusResistanceBase","Value":{"Value":0.1600000001490116}}]},"2":{"SkillID":21014,"SkillName":{"Hash":1846416988},"SkillDesc":{"Hash":-191502349},"Level":2,"AbilityName":"Ability21014","ParamList":[{"Value":0.20000000018626451},{"Value":0.3600000003352761},{"Value":0.18000000016763806}],"AbilityProperty":[{"PropertyType":"StatusResistanceBase","Value":{"Value":0.20000000018626451}}]},"3":{"SkillID":21014,"SkillName":{"Hash":-882466367},"SkillDesc":{"Hash":-191502349},"Level":3,"AbilityName":"Ability21014","ParamList":[{"Value":0.24000000022351742},{"Value":0.3900000003632158},{"Value":0.21000000019557774}],"AbilityProperty":[{"PropertyType":"StatusResistanceBase","Value":{"Value":0.24000000022351742}}]},"4":{"SkillID":21014,"SkillName":{"Hash":-1641981254},"SkillDesc":{"Hash":-191502349},"Level":4,"AbilityName":"Ability21014","ParamList":[{"Value":0.2800000002607703},{"Value":0.4200000003911555},{"Value":0.24000000022351742}],"AbilityProperty":[{"PropertyType":"StatusResistanceBase","Value":{"Value":0.2800000002607703}}]},"5":{"SkillID":21014,"SkillName":{"Hash":-75897313},"SkillDesc":{"Hash":-191502349},"Level":5,"AbilityName":"Ability21014","ParamList":[{"Value":0.3200000002980232},{"Value":0.45000000041909516},{"Value":0.2700000002514571}],"AbilityProperty":[{"PropertyType":"StatusResistanceBase","Value":{"Value":0.3200000002980232}}]}},"21015":{"1":{"SkillID":21015,"SkillName":{"Hash":703820550},"SkillDesc":{"Hash":1374581592},"Level":1,"AbilityName":"Ability21015","ParamList":[{"Value":0.6000000005587935},{"Value":0.12000000011175871},{"Value":1}],"AbilityProperty":[]},"2":{"SkillID":21015,"SkillName":{"Hash":-862263391},"SkillDesc":{"Hash":1374581592},"Level":2,"AbilityName":"Ability21015","ParamList":[{"Value":0.7000000006519258},{"Value":0.13000000012107193},{"Value":1}],"AbilityProperty":[]},"3":{"SkillID":21015,"SkillName":{"Hash":1866619964},"SkillDesc":{"Hash":1374581592},"Level":3,"AbilityName":"Ability21015","ParamList":[{"Value":0.8000000007450581},{"Value":0.14000000013038516},{"Value":1}],"AbilityProperty":[]},"4":{"SkillID":21015,"SkillName":{"Hash":-55694337},"SkillDesc":{"Hash":1374581592},"Level":4,"AbilityName":"Ability21015","ParamList":[{"Value":0.9000000008381903},{"Value":0.1500000001396984},{"Value":1}],"AbilityProperty":[]},"5":{"SkillID":21015,"SkillName":{"Hash":-1621778278},"SkillDesc":{"Hash":1374581592},"Level":5,"AbilityName":"Ability21015","ParamList":[{"Value":1},{"Value":0.1600000001490116},{"Value":1}],"AbilityProperty":[]}},"21016":{"1":{"SkillID":21016,"SkillName":{"Hash":1967376513},"SkillDesc":{"Hash":-1354301763},"Level":1,"AbilityName":"Ability21016","ParamList":[{"Value":0.1600000001490116},{"Value":1},{"Value":0.40000000037252903},{"Value":2}],"AbilityProperty":[{"PropertyType":"DefenceAddedRatio","Value":{"Value":0.1600000001490116}}]},"2":{"SkillID":21016,"SkillName":{"Hash":-761506842},"SkillDesc":{"Hash":-1354301763},"Level":2,"AbilityName":"Ability21016","ParamList":[{"Value":0.20000000018626451},{"Value":1.0500000000465661},{"Value":0.5000000004656613},{"Value":2}],"AbilityProperty":[{"PropertyType":"DefenceAddedRatio","Value":{"Value":0.20000000018626451}}]},"3":{"SkillID":21016,"SkillName":{"Hash":804577099},"SkillDesc":{"Hash":-1354301763},"Level":3,"AbilityName":"Ability21016","ParamList":[{"Value":0.24000000022351742},{"Value":1.1000000000931323},{"Value":0.6000000005587935},{"Value":2}],"AbilityProperty":[{"PropertyType":"DefenceAddedRatio","Value":{"Value":0.24000000022351742}}]},"4":{"SkillID":21016,"SkillName":{"Hash":-1924306256},"SkillDesc":{"Hash":-1354301763},"Level":4,"AbilityName":"Ability21016","ParamList":[{"Value":0.2800000002607703},{"Value":1.1500000001396984},{"Value":0.7000000006519258},{"Value":2}],"AbilityProperty":[{"PropertyType":"DefenceAddedRatio","Value":{"Value":0.2800000002607703}}]},"5":{"SkillID":21016,"SkillName":{"Hash":-358222315},"SkillDesc":{"Hash":-1354301763},"Level":5,"AbilityName":"Ability21016","ParamList":[{"Value":0.3200000002980232},{"Value":1.2000000001862645},{"Value":0.8000000007450581},{"Value":2}],"AbilityProperty":[{"PropertyType":"DefenceAddedRatio","Value":{"Value":0.3200000002980232}}]}},"21017":{"1":{"SkillID":21017,"SkillName":{"Hash":421495548},"SkillDesc":{"Hash":211782178},"Level":1,"AbilityName":"Ability21017","ParamList":[{"Value":0.24000000022351742},{"Value":0.24000000022351742}],"AbilityProperty":[]},"2":{"SkillID":21017,"SkillName":{"Hash":824780075},"SkillDesc":{"Hash":211782178},"Level":2,"AbilityName":"Ability21017","ParamList":[{"Value":0.3000000002793968},{"Value":0.3000000002793968}],"AbilityProperty":[]},"3":{"SkillID":21017,"SkillName":{"Hash":-741303866},"SkillDesc":{"Hash":211782178},"Level":3,"AbilityName":"Ability21017","ParamList":[{"Value":0.3600000003352761},{"Value":0.3600000003352761}],"AbilityProperty":[]},"4":{"SkillID":21017,"SkillName":{"Hash":-338019339},"SkillDesc":{"Hash":211782178},"Level":4,"AbilityName":"Ability21017","ParamList":[{"Value":0.4200000003911555},{"Value":0.4200000003911555}],"AbilityProperty":[]},"5":{"SkillID":21017,"SkillName":{"Hash":-1904103280},"SkillDesc":{"Hash":211782178},"Level":5,"AbilityName":"Ability21017","ParamList":[{"Value":0.48000000044703484},{"Value":0.48000000044703484}],"AbilityProperty":[]}},"21018":{"1":{"SkillID":21018,"SkillName":{"Hash":-351315769},"SkillDesc":{"Hash":2134096479},"Level":1,"AbilityName":"Ability21018","ParamList":[{"Value":0.1600000001490116}],"AbilityProperty":[]},"2":{"SkillID":21018,"SkillName":{"Hash":-754600296},"SkillDesc":{"Hash":2134096479},"Level":2,"AbilityName":"Ability21018","ParamList":[{"Value":0.18000000016763806}],"AbilityProperty":[]},"3":{"SkillID":21018,"SkillName":{"Hash":811483645},"SkillDesc":{"Hash":2134096479},"Level":3,"AbilityName":"Ability21018","ParamList":[{"Value":0.20000000018626451}],"AbilityProperty":[]},"4":{"SkillID":21018,"SkillName":{"Hash":408199118},"SkillDesc":{"Hash":2134096479},"Level":4,"AbilityName":"Ability21018","ParamList":[{"Value":0.22000000020489097}],"AbilityProperty":[]},"5":{"SkillID":21018,"SkillName":{"Hash":1974283059},"SkillDesc":{"Hash":2134096479},"Level":5,"AbilityName":"Ability21018","ParamList":[{"Value":0.24000000022351742}],"AbilityProperty":[]}},"21019":{"1":{"SkillID":21019,"SkillName":{"Hash":-1897196734},"SkillDesc":{"Hash":-594786876},"Level":1,"AbilityName":"Ability21019","ParamList":[{"Value":0.1600000001490116},{"Value":0.12000000011175871},{"Value":3}],"AbilityProperty":[{"PropertyType":"AttackAddedRatio","Value":{"Value":0.1600000001490116}}]},"2":{"SkillID":21019,"SkillName":{"Hash":831686621},"SkillDesc":{"Hash":-594786876},"Level":2,"AbilityName":"Ability21019","ParamList":[{"Value":0.20000000018626451},{"Value":0.1500000001396984},{"Value":3}],"AbilityProperty":[{"PropertyType":"AttackAddedRatio","Value":{"Value":0.20000000018626451}}]},"3":{"SkillID":21019,"SkillName":{"Hash":-734397320},"SkillDesc":{"Hash":-594786876},"Level":3,"AbilityName":"Ability21019","ParamList":[{"Value":0.24000000022351742},{"Value":0.18000000016763806},{"Value":3}],"AbilityProperty":[{"PropertyType":"AttackAddedRatio","Value":{"Value":0.24000000022351742}}]},"4":{"SkillID":21019,"SkillName":{"Hash":1994486035},"SkillDesc":{"Hash":-594786876},"Level":4,"AbilityName":"Ability21019","ParamList":[{"Value":0.2800000002607703},{"Value":0.21000000019557774},{"Value":3}],"AbilityProperty":[{"PropertyType":"AttackAddedRatio","Value":{"Value":0.2800000002607703}}]},"5":{"SkillID":21019,"SkillName":{"Hash":428402094},"SkillDesc":{"Hash":-594786876},"Level":5,"AbilityName":"Ability21019","ParamList":[{"Value":0.3200000002980232},{"Value":0.24000000022351742},{"Value":3}],"AbilityProperty":[{"PropertyType":"AttackAddedRatio","Value":{"Value":0.3200000002980232}}]}},"21020":{"1":{"SkillID":21020,"SkillName":{"Hash":-1480615870},"SkillDesc":{"Hash":1777866116},"Level":1,"AbilityName":"Ability21020","ParamList":[{"Value":0.1600000001490116},{"Value":0.24000000022351742},{"Value":3}],"AbilityProperty":[{"PropertyType":"AttackAddedRatio","Value":{"Value":0.1600000001490116}}]},"2":{"SkillID":21020,"SkillName":{"Hash":-1883900397},"SkillDesc":{"Hash":1777866116},"Level":2,"AbilityName":"Ability21020","ParamList":[{"Value":0.20000000018626451},{"Value":0.3000000002793968},{"Value":3}],"AbilityProperty":[{"PropertyType":"AttackAddedRatio","Value":{"Value":0.20000000018626451}}]},"3":{"SkillID":21020,"SkillName":{"Hash":-317816456},"SkillDesc":{"Hash":1777866116},"Level":3,"AbilityName":"Ability21020","ParamList":[{"Value":0.24000000022351742},{"Value":0.3600000003352761},{"Value":3}],"AbilityProperty":[{"PropertyType":"AttackAddedRatio","Value":{"Value":0.24000000022351742}}]},"4":{"SkillID":21020,"SkillName":{"Hash":-721100983},"SkillDesc":{"Hash":1777866116},"Level":4,"AbilityName":"Ability21020","ParamList":[{"Value":0.2800000002607703},{"Value":0.4200000003911555},{"Value":3}],"AbilityProperty":[{"PropertyType":"AttackAddedRatio","Value":{"Value":0.2800000002607703}}]},"5":{"SkillID":21020,"SkillName":{"Hash":844982958},"SkillDesc":{"Hash":1777866116},"Level":5,"AbilityName":"Ability21020","ParamList":[{"Value":0.3200000002980232},{"Value":0.48000000044703484},{"Value":3}],"AbilityProperty":[{"PropertyType":"AttackAddedRatio","Value":{"Value":0.3200000002980232}}]}},"21021":{"1":{"SkillID":21021,"SkillName":{"Hash":1268470461},"SkillDesc":{"Hash":-951017239},"Level":1,"AbilityName":"Ability21021","ParamList":[{"Value":0.5000000004656613},{"Value":8}],"AbilityProperty":[]},"2":{"SkillID":21021,"SkillName":{"Hash":-297613480},"SkillDesc":{"Hash":-951017239},"Level":2,"AbilityName":"Ability21021","ParamList":[{"Value":0.5000000004656613},{"Value":10}],"AbilityProperty":[]},"3":{"SkillID":21021,"SkillName":{"Hash":-1863697421},"SkillDesc":{"Hash":-951017239},"Level":3,"AbilityName":"Ability21021","ParamList":[{"Value":0.5000000004656613},{"Value":12}],"AbilityProperty":[]},"4":{"SkillID":21021,"SkillName":{"Hash":865185934},"SkillDesc":{"Hash":-951017239},"Level":4,"AbilityName":"Ability21021","ParamList":[{"Value":0.5000000004656613},{"Value":14}],"AbilityProperty":[]},"5":{"SkillID":21021,"SkillName":{"Hash":-700898007},"SkillDesc":{"Hash":-951017239},"Level":5,"AbilityName":"Ability21021","ParamList":[{"Value":0.5000000004656613},{"Value":16}],"AbilityProperty":[]}},"21022":{"1":{"SkillID":21022,"SkillName":{"Hash":-1762940872},"SkillDesc":{"Hash":615066702},"Level":1,"AbilityName":"Ability21022","ParamList":[{"Value":0.1600000001490116},{"Value":0.1600000001490116}],"AbilityProperty":[{"PropertyType":"BreakDamageAddedRatioBase","Value":{"Value":0.1600000001490116}}]},"2":{"SkillID":21022,"SkillName":{"Hash":-196856931},"SkillDesc":{"Hash":615066702},"Level":2,"AbilityName":"Ability21022","ParamList":[{"Value":0.20000000018626451},{"Value":0.20000000018626451}],"AbilityProperty":[{"PropertyType":"BreakDamageAddedRatioBase","Value":{"Value":0.20000000018626451}}]},"3":{"SkillID":21022,"SkillName":{"Hash":1369227010},"SkillDesc":{"Hash":615066702},"Level":3,"AbilityName":"Ability21022","ParamList":[{"Value":0.24000000022351742},{"Value":0.24000000022351742}],"AbilityProperty":[{"PropertyType":"BreakDamageAddedRatioBase","Value":{"Value":0.24000000022351742}}]},"4":{"SkillID":21022,"SkillName":{"Hash":-1003425985},"SkillDesc":{"Hash":615066702},"Level":4,"AbilityName":"Ability21022","ParamList":[{"Value":0.2800000002607703},{"Value":0.2800000002607703}],"AbilityProperty":[{"PropertyType":"BreakDamageAddedRatioBase","Value":{"Value":0.2800000002607703}}]},"5":{"SkillID":21022,"SkillName":{"Hash":562657956},"SkillDesc":{"Hash":615066702},"Level":5,"AbilityName":"Ability21022","ParamList":[{"Value":0.3200000002980232},{"Value":0.3200000002980232}],"AbilityProperty":[{"PropertyType":"BreakDamageAddedRatioBase","Value":{"Value":0.3200000002980232}}]}},"21023":{"1":{"SkillID":21023,"SkillName":{"Hash":986145459},"SkillDesc":{"Hash":-2113816653},"Level":1,"AbilityName":"Ability21023","ParamList":[{"Value":0.3000000002793968},{"Value":0.0800000000745058},{"Value":5}],"AbilityProperty":[]},"2":{"SkillID":21023,"SkillName":{"Hash":1389429986},"SkillDesc":{"Hash":-2113816653},"Level":2,"AbilityName":"Ability21023","ParamList":[{"Value":0.3500000003259629},{"Value":0.10000000009313226},{"Value":5}],"AbilityProperty":[]},"3":{"SkillID":21023,"SkillName":{"Hash":-176653955},"SkillDesc":{"Hash":-2113816653},"Level":3,"AbilityName":"Ability21023","ParamList":[{"Value":0.40000000037252903},{"Value":0.12000000011175871},{"Value":5}],"AbilityProperty":[]},"4":{"SkillID":21023,"SkillName":{"Hash":582860932},"SkillDesc":{"Hash":-2113816653},"Level":4,"AbilityName":"Ability21023","ParamList":[{"Value":0.45000000041909516},{"Value":0.14000000013038516},{"Value":5}],"AbilityProperty":[]},"5":{"SkillID":21023,"SkillName":{"Hash":-983223009},"SkillDesc":{"Hash":-2113816653},"Level":5,"AbilityName":"Ability21023","ParamList":[{"Value":0.5000000004656613},{"Value":0.1600000001490116},{"Value":5}],"AbilityProperty":[]}},"21024":{"1":{"SkillID":21024,"SkillName":{"Hash":-2045265874},"SkillDesc":{"Hash":-191502352},"Level":1,"AbilityName":"Ability21024","ParamList":[{"Value":0.0800000000745058},{"Value":0.12000000011175871}],"AbilityProperty":[]},"2":{"SkillID":21024,"SkillName":{"Hash":1846416895},"SkillDesc":{"Hash":-191502352},"Level":2,"AbilityName":"Ability21024","ParamList":[{"Value":0.09000000008381903},{"Value":0.1500000001396984}],"AbilityProperty":[]},"3":{"SkillID":21024,"SkillName":{"Hash":-882466460},"SkillDesc":{"Hash":-191502352},"Level":3,"AbilityName":"Ability21024","ParamList":[{"Value":0.10000000009313226},{"Value":0.18000000016763806}],"AbilityProperty":[]},"4":{"SkillID":21024,"SkillName":{"Hash":-1641981347},"SkillDesc":{"Hash":-191502352},"Level":4,"AbilityName":"Ability21024","ParamList":[{"Value":0.11000000010244548},{"Value":0.21000000019557774}],"AbilityProperty":[]},"5":{"SkillID":21024,"SkillName":{"Hash":-75897406},"SkillDesc":{"Hash":-191502352},"Level":5,"AbilityName":"Ability21024","ParamList":[{"Value":0.12000000011175871},{"Value":0.24000000022351742}],"AbilityProperty":[]}},"21025":{"1":{"SkillID":21025,"SkillName":{"Hash":703820457},"SkillDesc":{"Hash":1374581589},"Level":1,"AbilityName":"Ability21025","ParamList":[{"Value":0.1600000001490116},{"Value":1}],"AbilityProperty":[]},"2":{"SkillID":21025,"SkillName":{"Hash":-862263484},"SkillDesc":{"Hash":1374581589},"Level":2,"AbilityName":"Ability21025","ParamList":[{"Value":0.20000000018626451},{"Value":1}],"AbilityProperty":[]},"3":{"SkillID":21025,"SkillName":{"Hash":1866619871},"SkillDesc":{"Hash":1374581589},"Level":3,"AbilityName":"Ability21025","ParamList":[{"Value":0.24000000022351742},{"Value":1}],"AbilityProperty":[]},"4":{"SkillID":21025,"SkillName":{"Hash":-55694430},"SkillDesc":{"Hash":1374581589},"Level":4,"AbilityName":"Ability21025","ParamList":[{"Value":0.2800000002607703},{"Value":1}],"AbilityProperty":[]},"5":{"SkillID":21025,"SkillName":{"Hash":-1621778371},"SkillDesc":{"Hash":1374581589},"Level":5,"AbilityName":"Ability21025","ParamList":[{"Value":0.3200000002980232},{"Value":1}],"AbilityProperty":[]}},"21026":{"1":{"SkillID":21026,"SkillName":{"Hash":1967376420},"SkillDesc":{"Hash":-1354301766},"Level":1,"AbilityName":"Ability21026","ParamList":[{"Value":0.10000000009313226},{"Value":0.1600000001490116}],"AbilityProperty":[{"PropertyType":"AttackAddedRatio","Value":{"Value":0.10000000009313226}}]},"2":{"SkillID":21026,"SkillName":{"Hash":-761506935},"SkillDesc":{"Hash":-1354301766},"Level":2,"AbilityName":"Ability21026","ParamList":[{"Value":0.12499999976716936},{"Value":0.20000000018626451}],"AbilityProperty":[{"PropertyType":"AttackAddedRatio","Value":{"Value":0.12499999976716936}}]},"3":{"SkillID":21026,"SkillName":{"Hash":804577006},"SkillDesc":{"Hash":-1354301766},"Level":3,"AbilityName":"Ability21026","ParamList":[{"Value":0.1500000001396984},{"Value":0.24000000022351742}],"AbilityProperty":[{"PropertyType":"AttackAddedRatio","Value":{"Value":0.1500000001396984}}]},"4":{"SkillID":21026,"SkillName":{"Hash":-1924306349},"SkillDesc":{"Hash":-1354301766},"Level":4,"AbilityName":"Ability21026","ParamList":[{"Value":0.17499999981373549},{"Value":0.2800000002607703}],"AbilityProperty":[{"PropertyType":"AttackAddedRatio","Value":{"Value":0.17499999981373549}}]},"5":{"SkillID":21026,"SkillName":{"Hash":-358222408},"SkillDesc":{"Hash":-1354301766},"Level":5,"AbilityName":"Ability21026","ParamList":[{"Value":0.20000000018626451},{"Value":0.3200000002980232}],"AbilityProperty":[{"PropertyType":"AttackAddedRatio","Value":{"Value":0.20000000018626451}}]}},"21027":{"1":{"SkillID":21027,"SkillName":{"Hash":421495455},"SkillDesc":{"Hash":211782175},"Level":1,"AbilityName":"Ability21027","ParamList":[{"Value":0.12000000011175871},{"Value":0.0400000000372529},{"Value":3}],"AbilityProperty":[{"PropertyType":"AllDamageTypeAddedRatio","Value":{"Value":0.12000000011175871}}]},"2":{"SkillID":21027,"SkillName":{"Hash":824779982},"SkillDesc":{"Hash":211782175},"Level":2,"AbilityName":"Ability21027","ParamList":[{"Value":0.1500000001396984},{"Value":0.05000000004656613},{"Value":3}],"AbilityProperty":[{"PropertyType":"AllDamageTypeAddedRatio","Value":{"Value":0.1500000001396984}}]},"3":{"SkillID":21027,"SkillName":{"Hash":-741303959},"SkillDesc":{"Hash":211782175},"Level":3,"AbilityName":"Ability21027","ParamList":[{"Value":0.18000000016763806},{"Value":0.060000000055879354},{"Value":3}],"AbilityProperty":[{"PropertyType":"AllDamageTypeAddedRatio","Value":{"Value":0.18000000016763806}}]},"4":{"SkillID":21027,"SkillName":{"Hash":-338019432},"SkillDesc":{"Hash":211782175},"Level":4,"AbilityName":"Ability21027","ParamList":[{"Value":0.21000000019557774},{"Value":0.07000000006519258},{"Value":3}],"AbilityProperty":[{"PropertyType":"AllDamageTypeAddedRatio","Value":{"Value":0.21000000019557774}}]},"5":{"SkillID":21027,"SkillName":{"Hash":-1904103373},"SkillDesc":{"Hash":211782175},"Level":5,"AbilityName":"Ability21027","ParamList":[{"Value":0.24000000022351742},{"Value":0.0800000000745058},{"Value":3}],"AbilityProperty":[{"PropertyType":"AllDamageTypeAddedRatio","Value":{"Value":0.24000000022351742}}]}},"21028":{"1":{"SkillID":21028,"SkillName":{"Hash":-351315862},"SkillDesc":{"Hash":2134096476},"Level":1,"AbilityName":"Ability21028","ParamList":[{"Value":0.1600000001490116},{"Value":0.02000000001862645}],"AbilityProperty":[{"PropertyType":"HPAddedRatio","Value":{"Value":0.1600000001490116}}]},"2":{"SkillID":21028,"SkillName":{"Hash":-754600389},"SkillDesc":{"Hash":2134096476},"Level":2,"AbilityName":"Ability21028","ParamList":[{"Value":0.20000000018626451},{"Value":0.0249999996740371}],"AbilityProperty":[{"PropertyType":"HPAddedRatio","Value":{"Value":0.20000000018626451}}]},"3":{"SkillID":21028,"SkillName":{"Hash":811483552},"SkillDesc":{"Hash":2134096476},"Level":3,"AbilityName":"Ability21028","ParamList":[{"Value":0.24000000022351742},{"Value":0.030000000027939677}],"AbilityProperty":[{"PropertyType":"HPAddedRatio","Value":{"Value":0.24000000022351742}}]},"4":{"SkillID":21028,"SkillName":{"Hash":408199025},"SkillDesc":{"Hash":2134096476},"Level":4,"AbilityName":"Ability21028","ParamList":[{"Value":0.2800000002607703},{"Value":0.034999999683350325}],"AbilityProperty":[{"PropertyType":"HPAddedRatio","Value":{"Value":0.2800000002607703}}]},"5":{"SkillID":21028,"SkillName":{"Hash":1974282966},"SkillDesc":{"Hash":2134096476},"Level":5,"AbilityName":"Ability21028","ParamList":[{"Value":0.3200000002980232},{"Value":0.0400000000372529}],"AbilityProperty":[{"PropertyType":"HPAddedRatio","Value":{"Value":0.3200000002980232}}]}},"21029":{"1":{"SkillID":21029,"SkillName":{"Hash":-1897196827},"SkillDesc":{"Hash":-594786879},"Level":1,"AbilityName":"Ability21029","ParamList":[{"Value":0.48000000044703484}],"AbilityProperty":[]},"2":{"SkillID":21029,"SkillName":{"Hash":831686528},"SkillDesc":{"Hash":-594786879},"Level":2,"AbilityName":"Ability21029","ParamList":[{"Value":0.6000000005587935}],"AbilityProperty":[]},"3":{"SkillID":21029,"SkillName":{"Hash":-734397413},"SkillDesc":{"Hash":-594786879},"Level":3,"AbilityName":"Ability21029","ParamList":[{"Value":0.7200000006705523}],"AbilityProperty":[]},"4":{"SkillID":21029,"SkillName":{"Hash":1994485942},"SkillDesc":{"Hash":-594786879},"Level":4,"AbilityName":"Ability21029","ParamList":[{"Value":0.840000000782311}],"AbilityProperty":[]},"5":{"SkillID":21029,"SkillName":{"Hash":428402001},"SkillDesc":{"Hash":-594786879},"Level":5,"AbilityName":"Ability21029","ParamList":[{"Value":0.9600000008940697}],"AbilityProperty":[]}},"21030":{"1":{"SkillID":21030,"SkillName":{"Hash":-1480615711},"SkillDesc":{"Hash":1777866117},"Level":1,"AbilityName":"Ability21030","ParamList":[{"Value":0.1600000001490116},{"Value":0.6000000005587935}],"AbilityProperty":[{"PropertyType":"DefenceAddedRatio","Value":{"Value":0.1600000001490116}}]},"2":{"SkillID":21030,"SkillName":{"Hash":-1883900238},"SkillDesc":{"Hash":1777866117},"Level":2,"AbilityName":"Ability21030","ParamList":[{"Value":0.20000000018626451},{"Value":0.7500000006984919}],"AbilityProperty":[{"PropertyType":"DefenceAddedRatio","Value":{"Value":0.20000000018626451}}]},"3":{"SkillID":21030,"SkillName":{"Hash":-317816297},"SkillDesc":{"Hash":1777866117},"Level":3,"AbilityName":"Ability21030","ParamList":[{"Value":0.24000000022351742},{"Value":0.9000000008381903}],"AbilityProperty":[{"PropertyType":"DefenceAddedRatio","Value":{"Value":0.24000000022351742}}]},"4":{"SkillID":21030,"SkillName":{"Hash":-721100824},"SkillDesc":{"Hash":1777866117},"Level":4,"AbilityName":"Ability21030","ParamList":[{"Value":0.2800000002607703},{"Value":1.0500000000465661}],"AbilityProperty":[{"PropertyType":"DefenceAddedRatio","Value":{"Value":0.2800000002607703}}]},"5":{"SkillID":21030,"SkillName":{"Hash":844983117},"SkillDesc":{"Hash":1777866117},"Level":5,"AbilityName":"Ability21030","ParamList":[{"Value":0.3200000002980232},{"Value":1.2000000001862645}],"AbilityProperty":[{"PropertyType":"DefenceAddedRatio","Value":{"Value":0.3200000002980232}}]}},"21031":{"1":{"SkillID":21031,"SkillName":{"Hash":1268470620},"SkillDesc":{"Hash":-951017238},"Level":1,"AbilityName":"Ability21031","ParamList":[{"Value":0.12000000011175871},{"Value":0.1600000001490116}],"AbilityProperty":[{"PropertyType":"CriticalChanceBase","Value":{"Value":0.12000000011175871}}]},"2":{"SkillID":21031,"SkillName":{"Hash":-297613321},"SkillDesc":{"Hash":-951017238},"Level":2,"AbilityName":"Ability21031","ParamList":[{"Value":0.1500000001396984},{"Value":0.20000000018626451}],"AbilityProperty":[{"PropertyType":"CriticalChanceBase","Value":{"Value":0.1500000001396984}}]},"3":{"SkillID":21031,"SkillName":{"Hash":-1863697262},"SkillDesc":{"Hash":-951017238},"Level":3,"AbilityName":"Ability21031","ParamList":[{"Value":0.18000000016763806},{"Value":0.24000000022351742}],"AbilityProperty":[{"PropertyType":"CriticalChanceBase","Value":{"Value":0.18000000016763806}}]},"4":{"SkillID":21031,"SkillName":{"Hash":865186093},"SkillDesc":{"Hash":-951017238},"Level":4,"AbilityName":"Ability21031","ParamList":[{"Value":0.21000000019557774},{"Value":0.2800000002607703}],"AbilityProperty":[{"PropertyType":"CriticalChanceBase","Value":{"Value":0.21000000019557774}}]},"5":{"SkillID":21031,"SkillName":{"Hash":-700897848},"SkillDesc":{"Hash":-951017238},"Level":5,"AbilityName":"Ability21031","ParamList":[{"Value":0.24000000022351742},{"Value":0.3200000002980232}],"AbilityProperty":[{"PropertyType":"CriticalChanceBase","Value":{"Value":0.24000000022351742}}]}},"21032":{"1":{"SkillID":21032,"SkillName":{"Hash":-1762940713},"SkillDesc":{"Hash":615066703},"Level":1,"AbilityName":"Ability21032","ParamList":[{"Value":0.10000000009313226},{"Value":0.12000000011175871},{"Value":0.060000000055879354}],"AbilityProperty":[]},"2":{"SkillID":21032,"SkillName":{"Hash":-196856772},"SkillDesc":{"Hash":615066703},"Level":2,"AbilityName":"Ability21032","ParamList":[{"Value":0.12499999976716936},{"Value":0.1500000001396984},{"Value":0.07499999972060323}],"AbilityProperty":[]},"3":{"SkillID":21032,"SkillName":{"Hash":1369227169},"SkillDesc":{"Hash":615066703},"Level":3,"AbilityName":"Ability21032","ParamList":[{"Value":0.1500000001396984},{"Value":0.18000000016763806},{"Value":0.09000000008381903}],"AbilityProperty":[]},"4":{"SkillID":21032,"SkillName":{"Hash":-1003425826},"SkillDesc":{"Hash":615066703},"Level":4,"AbilityName":"Ability21032","ParamList":[{"Value":0.17499999981373549},{"Value":0.21000000019557774},{"Value":0.1049999997485429}],"AbilityProperty":[]},"5":{"SkillID":21032,"SkillName":{"Hash":562658115},"SkillDesc":{"Hash":615066703},"Level":5,"AbilityName":"Ability21032","ParamList":[{"Value":0.20000000018626451},{"Value":0.24000000022351742},{"Value":0.12000000011175871}],"AbilityProperty":[]}},"21033":{"1":{"SkillID":21033,"SkillName":{"Hash":986145618},"SkillDesc":{"Hash":-2113816652},"Level":1,"AbilityName":"Ability21033","ParamList":[{"Value":0.24000000022351742},{"Value":0.12000000011175871}],"AbilityProperty":[{"PropertyType":"AttackAddedRatio","Value":{"Value":0.24000000022351742}}]},"2":{"SkillID":21033,"SkillName":{"Hash":1389430145},"SkillDesc":{"Hash":-2113816652},"Level":2,"AbilityName":"Ability21033","ParamList":[{"Value":0.3000000002793968},{"Value":0.1500000001396984}],"AbilityProperty":[{"PropertyType":"AttackAddedRatio","Value":{"Value":0.3000000002793968}}]},"3":{"SkillID":21033,"SkillName":{"Hash":-176653796},"SkillDesc":{"Hash":-2113816652},"Level":3,"AbilityName":"Ability21033","ParamList":[{"Value":0.3600000003352761},{"Value":0.18000000016763806}],"AbilityProperty":[{"PropertyType":"AttackAddedRatio","Value":{"Value":0.3600000003352761}}]},"4":{"SkillID":21033,"SkillName":{"Hash":582861091},"SkillDesc":{"Hash":-2113816652},"Level":4,"AbilityName":"Ability21033","ParamList":[{"Value":0.4200000003911555},{"Value":0.21000000019557774}],"AbilityProperty":[{"PropertyType":"AttackAddedRatio","Value":{"Value":0.4200000003911555}}]},"5":{"SkillID":21033,"SkillName":{"Hash":-983222850},"SkillDesc":{"Hash":-2113816652},"Level":5,"AbilityName":"Ability21033","ParamList":[{"Value":0.48000000044703484},{"Value":0.24000000022351742}],"AbilityProperty":[{"PropertyType":"AttackAddedRatio","Value":{"Value":0.48000000044703484}}]}},"21034":{"1":{"SkillID":21034,"SkillName":{"Hash":-2045265715},"SkillDesc":{"Hash":-191502351},"Level":1,"AbilityName":"Ability21034","ParamList":[{"Value":0.001999999862164259},{"Value":160}],"AbilityProperty":[]},"2":{"SkillID":21034,"SkillName":{"Hash":1846417054},"SkillDesc":{"Hash":-191502351},"Level":2,"AbilityName":"Ability21034","ParamList":[{"Value":0.002500000176951289},{"Value":160}],"AbilityProperty":[]},"3":{"SkillID":21034,"SkillName":{"Hash":-882466301},"SkillDesc":{"Hash":-191502351},"Level":3,"AbilityName":"Ability21034","ParamList":[{"Value":0.0029999997932463884},{"Value":160}],"AbilityProperty":[]},"4":{"SkillID":21034,"SkillName":{"Hash":-1641981188},"SkillDesc":{"Hash":-191502351},"Level":4,"AbilityName":"Ability21034","ParamList":[{"Value":0.0035000001080334187},{"Value":160}],"AbilityProperty":[]},"5":{"SkillID":21034,"SkillName":{"Hash":-75897247},"SkillDesc":{"Hash":-191502351},"Level":5,"AbilityName":"Ability21034","ParamList":[{"Value":0.003999999724328518},{"Value":160}],"AbilityProperty":[]}},"22000":{"1":{"SkillID":22000,"SkillName":{"Hash":-1480618879},"SkillDesc":{"Hash":1777866149},"Level":1,"AbilityName":"Ability22000","ParamList":[{"Value":0.20000000018626451},{"Value":4}],"AbilityProperty":[{"PropertyType":"StatusProbabilityBase","Value":{"Value":0.20000000018626451}}]},"2":{"SkillID":22000,"SkillName":{"Hash":-1883903406},"SkillDesc":{"Hash":1777866149},"Level":2,"AbilityName":"Ability22000","ParamList":[{"Value":0.25000000023283064},{"Value":5}],"AbilityProperty":[{"PropertyType":"StatusProbabilityBase","Value":{"Value":0.25000000023283064}}]},"3":{"SkillID":22000,"SkillName":{"Hash":-317819465},"SkillDesc":{"Hash":1777866149},"Level":3,"AbilityName":"Ability22000","ParamList":[{"Value":0.3000000002793968},{"Value":6}],"AbilityProperty":[{"PropertyType":"StatusProbabilityBase","Value":{"Value":0.3000000002793968}}]},"4":{"SkillID":22000,"SkillName":{"Hash":-721103992},"SkillDesc":{"Hash":1777866149},"Level":4,"AbilityName":"Ability22000","ParamList":[{"Value":0.3500000003259629},{"Value":7}],"AbilityProperty":[{"PropertyType":"StatusProbabilityBase","Value":{"Value":0.3500000003259629}}]},"5":{"SkillID":22000,"SkillName":{"Hash":844979949},"SkillDesc":{"Hash":1777866149},"Level":5,"AbilityName":"Ability22000","ParamList":[{"Value":0.40000000037252903},{"Value":8}],"AbilityProperty":[{"PropertyType":"StatusProbabilityBase","Value":{"Value":0.40000000037252903}}]}},"23000":{"1":{"SkillID":23000,"SkillName":{"Hash":-1480617854},"SkillDesc":{"Hash":1777866052},"Level":1,"AbilityName":"Ability23000","ParamList":[{"Value":0.3000000002793968},{"Value":0.09000000008381903}],"AbilityProperty":[]},"2":{"SkillID":23000,"SkillName":{"Hash":-1883902381},"SkillDesc":{"Hash":1777866052},"Level":2,"AbilityName":"Ability23000","ParamList":[{"Value":0.3500000003259629},{"Value":0.1049999997485429}],"AbilityProperty":[]},"3":{"SkillID":23000,"SkillName":{"Hash":-317818440},"SkillDesc":{"Hash":1777866052},"Level":3,"AbilityName":"Ability23000","ParamList":[{"Value":0.40000000037252903},{"Value":0.12000000011175871}],"AbilityProperty":[]},"4":{"SkillID":23000,"SkillName":{"Hash":-721102967},"SkillDesc":{"Hash":1777866052},"Level":4,"AbilityName":"Ability23000","ParamList":[{"Value":0.45000000041909516},{"Value":0.13499999977648258}],"AbilityProperty":[]},"5":{"SkillID":23000,"SkillName":{"Hash":844980974},"SkillDesc":{"Hash":1777866052},"Level":5,"AbilityName":"Ability23000","ParamList":[{"Value":0.5000000004656613},{"Value":0.1500000001396984}],"AbilityProperty":[]}},"23001":{"1":{"SkillID":23001,"SkillName":{"Hash":1268468477},"SkillDesc":{"Hash":-951017303},"Level":1,"AbilityName":"Ability23001","ParamList":[{"Value":0.18000000016763806},{"Value":10},{"Value":0.060000000055879354},{"Value":0.12000000011175871},{"Value":6}],"AbilityProperty":[{"PropertyType":"CriticalChanceBase","Value":{"Value":0.18000000016763806}}]},"2":{"SkillID":23001,"SkillName":{"Hash":-297615464},"SkillDesc":{"Hash":-951017303},"Level":2,"AbilityName":"Ability23001","ParamList":[{"Value":0.21000000019557774},{"Value":10},{"Value":0.07000000006519258},{"Value":0.14000000013038516},{"Value":6}],"AbilityProperty":[{"PropertyType":"CriticalChanceBase","Value":{"Value":0.21000000019557774}}]},"3":{"SkillID":23001,"SkillName":{"Hash":-1863699405},"SkillDesc":{"Hash":-951017303},"Level":3,"AbilityName":"Ability23001","ParamList":[{"Value":0.24000000022351742},{"Value":10},{"Value":0.0800000000745058},{"Value":0.1600000001490116},{"Value":6}],"AbilityProperty":[{"PropertyType":"CriticalChanceBase","Value":{"Value":0.24000000022351742}}]},"4":{"SkillID":23001,"SkillName":{"Hash":865183950},"SkillDesc":{"Hash":-951017303},"Level":4,"AbilityName":"Ability23001","ParamList":[{"Value":0.2700000002514571},{"Value":10},{"Value":0.09000000008381903},{"Value":0.18000000016763806},{"Value":6}],"AbilityProperty":[{"PropertyType":"CriticalChanceBase","Value":{"Value":0.2700000002514571}}]},"5":{"SkillID":23001,"SkillName":{"Hash":-700899991},"SkillDesc":{"Hash":-951017303},"Level":5,"AbilityName":"Ability23001","ParamList":[{"Value":0.3000000002793968},{"Value":10},{"Value":0.10000000009313226},{"Value":0.20000000018626451},{"Value":6}],"AbilityProperty":[{"PropertyType":"CriticalChanceBase","Value":{"Value":0.3000000002793968}}]}},"23002":{"1":{"SkillID":23002,"SkillName":{"Hash":-1762942856},"SkillDesc":{"Hash":615066638},"Level":1,"AbilityName":"Ability23002","ParamList":[{"Value":0.24000000022351742},{"Value":0.0800000000745058},{"Value":0.24000000022351742}],"AbilityProperty":[{"PropertyType":"AttackAddedRatio","Value":{"Value":0.24000000022351742}}]},"2":{"SkillID":23002,"SkillName":{"Hash":-196858915},"SkillDesc":{"Hash":615066638},"Level":2,"AbilityName":"Ability23002","ParamList":[{"Value":0.2800000002607703},{"Value":0.09000000008381903},{"Value":0.2800000002607703}],"AbilityProperty":[{"PropertyType":"AttackAddedRatio","Value":{"Value":0.2800000002607703}}]},"3":{"SkillID":23002,"SkillName":{"Hash":1369225026},"SkillDesc":{"Hash":615066638},"Level":3,"AbilityName":"Ability23002","ParamList":[{"Value":0.3200000002980232},{"Value":0.10000000009313226},{"Value":0.3200000002980232}],"AbilityProperty":[{"PropertyType":"AttackAddedRatio","Value":{"Value":0.3200000002980232}}]},"4":{"SkillID":23002,"SkillName":{"Hash":-1003427969},"SkillDesc":{"Hash":615066638},"Level":4,"AbilityName":"Ability23002","ParamList":[{"Value":0.3600000003352761},{"Value":0.11000000010244548},{"Value":0.3600000003352761}],"AbilityProperty":[{"PropertyType":"AttackAddedRatio","Value":{"Value":0.3600000003352761}}]},"5":{"SkillID":23002,"SkillName":{"Hash":562655972},"SkillDesc":{"Hash":615066638},"Level":5,"AbilityName":"Ability23002","ParamList":[{"Value":0.40000000037252903},{"Value":0.12000000011175871},{"Value":0.40000000037252903}],"AbilityProperty":[{"PropertyType":"AttackAddedRatio","Value":{"Value":0.40000000037252903}}]}},"23003":{"1":{"SkillID":23003,"SkillName":{"Hash":986143475},"SkillDesc":{"Hash":-2113816717},"Level":1,"AbilityName":"Ability23003","ParamList":[{"Value":0.10000000009313226},{"Value":0.3000000002793968},{"Value":1}],"AbilityProperty":[{"PropertyType":"SPRatioBase","Value":{"Value":0.10000000009313226}}]},"2":{"SkillID":23003,"SkillName":{"Hash":1389428002},"SkillDesc":{"Hash":-2113816717},"Level":2,"AbilityName":"Ability23003","ParamList":[{"Value":0.12000000011175871},{"Value":0.3500000003259629},{"Value":1}],"AbilityProperty":[{"PropertyType":"SPRatioBase","Value":{"Value":0.12000000011175871}}]},"3":{"SkillID":23003,"SkillName":{"Hash":-176655939},"SkillDesc":{"Hash":-2113816717},"Level":3,"AbilityName":"Ability23003","ParamList":[{"Value":0.14000000013038516},{"Value":0.40000000037252903},{"Value":1}],"AbilityProperty":[{"PropertyType":"SPRatioBase","Value":{"Value":0.14000000013038516}}]},"4":{"SkillID":23003,"SkillName":{"Hash":582858948},"SkillDesc":{"Hash":-2113816717},"Level":4,"AbilityName":"Ability23003","ParamList":[{"Value":0.1600000001490116},{"Value":0.45000000041909516},{"Value":1}],"AbilityProperty":[{"PropertyType":"SPRatioBase","Value":{"Value":0.1600000001490116}}]},"5":{"SkillID":23003,"SkillName":{"Hash":-983224993},"SkillDesc":{"Hash":-2113816717},"Level":5,"AbilityName":"Ability23003","ParamList":[{"Value":0.18000000016763806},{"Value":0.5000000004656613},{"Value":1}],"AbilityProperty":[{"PropertyType":"SPRatioBase","Value":{"Value":0.18000000016763806}}]}},"23004":{"1":{"SkillID":23004,"SkillName":{"Hash":-2045267858},"SkillDesc":{"Hash":-191502416},"Level":1,"AbilityName":"Ability23004","ParamList":[{"Value":0.24000000022351742},{"Value":0.18000000016763806},{"Value":0.24000000022351742}],"AbilityProperty":[]},"2":{"SkillID":23004,"SkillName":{"Hash":1846414911},"SkillDesc":{"Hash":-191502416},"Level":2,"AbilityName":"Ability23004","ParamList":[{"Value":0.2800000002607703},{"Value":0.21000000019557774},{"Value":0.2800000002607703}],"AbilityProperty":[]},"3":{"SkillID":23004,"SkillName":{"Hash":-882468444},"SkillDesc":{"Hash":-191502416},"Level":3,"AbilityName":"Ability23004","ParamList":[{"Value":0.3200000002980232},{"Value":0.24000000022351742},{"Value":0.3200000002980232}],"AbilityProperty":[]},"4":{"SkillID":23004,"SkillName":{"Hash":-1641983331},"SkillDesc":{"Hash":-191502416},"Level":4,"AbilityName":"Ability23004","ParamList":[{"Value":0.3600000003352761},{"Value":0.2700000002514571},{"Value":0.3600000003352761}],"AbilityProperty":[]},"5":{"SkillID":23004,"SkillName":{"Hash":-75899390},"SkillDesc":{"Hash":-191502416},"Level":5,"AbilityName":"Ability23004","ParamList":[{"Value":0.40000000037252903},{"Value":0.3000000002793968},{"Value":0.40000000037252903}],"AbilityProperty":[]}},"23005":{"1":{"SkillID":23005,"SkillName":{"Hash":703818473},"SkillDesc":{"Hash":1374581525},"Level":1,"AbilityName":"Ability23005","ParamList":[{"Value":2},{"Value":0.24000000022351742},{"Value":0.24000000022351742},{"Value":0.24000000022351742}],"AbilityProperty":[{"PropertyType":"DefenceAddedRatio","Value":{"Value":0.24000000022351742}},{"PropertyType":"StatusProbabilityBase","Value":{"Value":0.24000000022351742}}]},"2":{"SkillID":23005,"SkillName":{"Hash":-862265468},"SkillDesc":{"Hash":1374581525},"Level":2,"AbilityName":"Ability23005","ParamList":[{"Value":2},{"Value":0.2800000002607703},{"Value":0.2800000002607703},{"Value":0.2800000002607703}],"AbilityProperty":[{"PropertyType":"DefenceAddedRatio","Value":{"Value":0.2800000002607703}},{"PropertyType":"StatusProbabilityBase","Value":{"Value":0.2800000002607703}}]},"3":{"SkillID":23005,"SkillName":{"Hash":1866617887},"SkillDesc":{"Hash":1374581525},"Level":3,"AbilityName":"Ability23005","ParamList":[{"Value":2},{"Value":0.3200000002980232},{"Value":0.3200000002980232},{"Value":0.3200000002980232}],"AbilityProperty":[{"PropertyType":"DefenceAddedRatio","Value":{"Value":0.3200000002980232}},{"PropertyType":"StatusProbabilityBase","Value":{"Value":0.3200000002980232}}]},"4":{"SkillID":23005,"SkillName":{"Hash":-55696414},"SkillDesc":{"Hash":1374581525},"Level":4,"AbilityName":"Ability23005","ParamList":[{"Value":2},{"Value":0.3600000003352761},{"Value":0.3600000003352761},{"Value":0.3600000003352761}],"AbilityProperty":[{"PropertyType":"DefenceAddedRatio","Value":{"Value":0.3600000003352761}},{"PropertyType":"StatusProbabilityBase","Value":{"Value":0.3600000003352761}}]},"5":{"SkillID":23005,"SkillName":{"Hash":-1621780355},"SkillDesc":{"Hash":1374581525},"Level":5,"AbilityName":"Ability23005","ParamList":[{"Value":2},{"Value":0.40000000037252903},{"Value":0.40000000037252903},{"Value":0.40000000037252903}],"AbilityProperty":[{"PropertyType":"DefenceAddedRatio","Value":{"Value":0.40000000037252903}},{"PropertyType":"StatusProbabilityBase","Value":{"Value":0.40000000037252903}}]}},"23007":{"1":{"SkillID":23007,"SkillName":{"Hash":421493471},"SkillDesc":{"Hash":211782111},"Level":1,"AbilityName":"Ability23007","ParamList":[{"Value":0.24000000022351742},{"Value":1},{"Value":0.12000000011175871},{"Value":3},{"Value":0.12000000011175871}],"AbilityProperty":[{"PropertyType":"StatusProbabilityBase","Value":{"Value":0.24000000022351742}}]},"2":{"SkillID":23007,"SkillName":{"Hash":824777998},"SkillDesc":{"Hash":211782111},"Level":2,"AbilityName":"Ability23007","ParamList":[{"Value":0.2800000002607703},{"Value":1},{"Value":0.14000000013038516},{"Value":3},{"Value":0.14000000013038516}],"AbilityProperty":[{"PropertyType":"StatusProbabilityBase","Value":{"Value":0.2800000002607703}}]},"3":{"SkillID":23007,"SkillName":{"Hash":-741305943},"SkillDesc":{"Hash":211782111},"Level":3,"AbilityName":"Ability23007","ParamList":[{"Value":0.3200000002980232},{"Value":1},{"Value":0.1600000001490116},{"Value":3},{"Value":0.1600000001490116}],"AbilityProperty":[{"PropertyType":"StatusProbabilityBase","Value":{"Value":0.3200000002980232}}]},"4":{"SkillID":23007,"SkillName":{"Hash":-338021416},"SkillDesc":{"Hash":211782111},"Level":4,"AbilityName":"Ability23007","ParamList":[{"Value":0.3600000003352761},{"Value":1},{"Value":0.18000000016763806},{"Value":3},{"Value":0.18000000016763806}],"AbilityProperty":[{"PropertyType":"StatusProbabilityBase","Value":{"Value":0.3600000003352761}}]},"5":{"SkillID":23007,"SkillName":{"Hash":-1904105357},"SkillDesc":{"Hash":211782111},"Level":5,"AbilityName":"Ability23007","ParamList":[{"Value":0.40000000037252903},{"Value":1},{"Value":0.20000000018626451},{"Value":3},{"Value":0.20000000018626451}],"AbilityProperty":[{"PropertyType":"StatusProbabilityBase","Value":{"Value":0.40000000037252903}}]}},"23008":{"1":{"SkillID":23008,"SkillName":{"Hash":-351317846},"SkillDesc":{"Hash":2134096412},"Level":1,"AbilityName":"Ability23008","ParamList":[{"Value":0.24000000022351742},{"Value":12},{"Value":3},{"Value":3}],"AbilityProperty":[{"PropertyType":"AttackAddedRatio","Value":{"Value":0.24000000022351742}}]},"2":{"SkillID":23008,"SkillName":{"Hash":-754602373},"SkillDesc":{"Hash":2134096412},"Level":2,"AbilityName":"Ability23008","ParamList":[{"Value":0.2800000002607703},{"Value":14},{"Value":3.5000000004656613},{"Value":3}],"AbilityProperty":[{"PropertyType":"AttackAddedRatio","Value":{"Value":0.2800000002607703}}]},"3":{"SkillID":23008,"SkillName":{"Hash":811481568},"SkillDesc":{"Hash":2134096412},"Level":3,"AbilityName":"Ability23008","ParamList":[{"Value":0.3200000002980232},{"Value":16},{"Value":4},{"Value":3}],"AbilityProperty":[{"PropertyType":"AttackAddedRatio","Value":{"Value":0.3200000002980232}}]},"4":{"SkillID":23008,"SkillName":{"Hash":408197041},"SkillDesc":{"Hash":2134096412},"Level":4,"AbilityName":"Ability23008","ParamList":[{"Value":0.3600000003352761},{"Value":18},{"Value":4.500000000465661},{"Value":3}],"AbilityProperty":[{"PropertyType":"AttackAddedRatio","Value":{"Value":0.3600000003352761}}]},"5":{"SkillID":23008,"SkillName":{"Hash":1974280982},"SkillDesc":{"Hash":2134096412},"Level":5,"AbilityName":"Ability23008","ParamList":[{"Value":0.40000000037252903},{"Value":20},{"Value":5},{"Value":3}],"AbilityProperty":[{"PropertyType":"AttackAddedRatio","Value":{"Value":0.40000000037252903}}]}},"23010":{"1":{"SkillID":23010,"SkillName":{"Hash":-1480617951},"SkillDesc":{"Hash":1777866053},"Level":1,"AbilityName":"Ability23010","ParamList":[{"Value":0.3600000003352761},{"Value":0.18000000016763806},{"Value":0.48000000044703484}],"AbilityProperty":[{"PropertyType":"CriticalDamageBase","Value":{"Value":0.3600000003352761}}]},"2":{"SkillID":23010,"SkillName":{"Hash":-1883902478},"SkillDesc":{"Hash":1777866053},"Level":2,"AbilityName":"Ability23010","ParamList":[{"Value":0.4200000003911555},{"Value":0.21000000019557774},{"Value":0.5600000005215406}],"AbilityProperty":[{"PropertyType":"CriticalDamageBase","Value":{"Value":0.4200000003911555}}]},"3":{"SkillID":23010,"SkillName":{"Hash":-317818537},"SkillDesc":{"Hash":1777866053},"Level":3,"AbilityName":"Ability23010","ParamList":[{"Value":0.48000000044703484},{"Value":0.24000000022351742},{"Value":0.6400000005960464}],"AbilityProperty":[{"PropertyType":"CriticalDamageBase","Value":{"Value":0.48000000044703484}}]},"4":{"SkillID":23010,"SkillName":{"Hash":-721103064},"SkillDesc":{"Hash":1777866053},"Level":4,"AbilityName":"Ability23010","ParamList":[{"Value":0.5400000005029142},{"Value":0.2700000002514571},{"Value":0.7200000006705523}],"AbilityProperty":[{"PropertyType":"CriticalDamageBase","Value":{"Value":0.5400000005029142}}]},"5":{"SkillID":23010,"SkillName":{"Hash":844980877},"SkillDesc":{"Hash":1777866053},"Level":5,"AbilityName":"Ability23010","ParamList":[{"Value":0.6000000005587935},{"Value":0.3000000002793968},{"Value":0.8000000007450581}],"AbilityProperty":[{"PropertyType":"CriticalDamageBase","Value":{"Value":0.6000000005587935}}]}},"23012":{"1":{"SkillID":23012,"SkillName":{"Hash":-1762942953},"SkillDesc":{"Hash":615066639},"Level":1,"AbilityName":"Ability23012","ParamList":[{"Value":0.3000000002793968},{"Value":0.3600000003352761},{"Value":1},{"Value":3}],"AbilityProperty":[{"PropertyType":"CriticalDamageBase","Value":{"Value":0.3000000002793968}}]},"2":{"SkillID":23012,"SkillName":{"Hash":-196859012},"SkillDesc":{"Hash":615066639},"Level":2,"AbilityName":"Ability23012","ParamList":[{"Value":0.3500000003259629},{"Value":0.4200000003911555},{"Value":1},{"Value":3}],"AbilityProperty":[{"PropertyType":"CriticalDamageBase","Value":{"Value":0.3500000003259629}}]},"3":{"SkillID":23012,"SkillName":{"Hash":1369224929},"SkillDesc":{"Hash":615066639},"Level":3,"AbilityName":"Ability23012","ParamList":[{"Value":0.40000000037252903},{"Value":0.48000000044703484},{"Value":1},{"Value":3}],"AbilityProperty":[{"PropertyType":"CriticalDamageBase","Value":{"Value":0.40000000037252903}}]},"4":{"SkillID":23012,"SkillName":{"Hash":-1003428066},"SkillDesc":{"Hash":615066639},"Level":4,"AbilityName":"Ability23012","ParamList":[{"Value":0.45000000041909516},{"Value":0.5400000005029142},{"Value":1},{"Value":3}],"AbilityProperty":[{"PropertyType":"CriticalDamageBase","Value":{"Value":0.45000000041909516}}]},"5":{"SkillID":23012,"SkillName":{"Hash":562655875},"SkillDesc":{"Hash":615066639},"Level":5,"AbilityName":"Ability23012","ParamList":[{"Value":0.5000000004656613},{"Value":0.6000000005587935},{"Value":1},{"Value":3}],"AbilityProperty":[{"PropertyType":"CriticalDamageBase","Value":{"Value":0.5000000004656613}}]}},"23013":{"1":{"SkillID":23013,"SkillName":{"Hash":986143378},"SkillDesc":{"Hash":-2113816716},"Level":1,"AbilityName":"Ability23013","ParamList":[{"Value":0.18000000016763806},{"Value":0.12000000011175871},{"Value":0.3600000003352761}],"AbilityProperty":[{"PropertyType":"HPAddedRatio","Value":{"Value":0.18000000016763806}},{"PropertyType":"HealRatioBase","Value":{"Value":0.12000000011175871}}]},"2":{"SkillID":23013,"SkillName":{"Hash":1389427905},"SkillDesc":{"Hash":-2113816716},"Level":2,"AbilityName":"Ability23013","ParamList":[{"Value":0.21000000019557774},{"Value":0.14000000013038516},{"Value":0.4200000003911555}],"AbilityProperty":[{"PropertyType":"HPAddedRatio","Value":{"Value":0.21000000019557774}},{"PropertyType":"HealRatioBase","Value":{"Value":0.14000000013038516}}]},"3":{"SkillID":23013,"SkillName":{"Hash":-176656036},"SkillDesc":{"Hash":-2113816716},"Level":3,"AbilityName":"Ability23013","ParamList":[{"Value":0.24000000022351742},{"Value":0.1600000001490116},{"Value":0.48000000044703484}],"AbilityProperty":[{"PropertyType":"HPAddedRatio","Value":{"Value":0.24000000022351742}},{"PropertyType":"HealRatioBase","Value":{"Value":0.1600000001490116}}]},"4":{"SkillID":23013,"SkillName":{"Hash":582858851},"SkillDesc":{"Hash":-2113816716},"Level":4,"AbilityName":"Ability23013","ParamList":[{"Value":0.2700000002514571},{"Value":0.18000000016763806},{"Value":0.5400000005029142}],"AbilityProperty":[{"PropertyType":"HPAddedRatio","Value":{"Value":0.2700000002514571}},{"PropertyType":"HealRatioBase","Value":{"Value":0.18000000016763806}}]},"5":{"SkillID":23013,"SkillName":{"Hash":-983225090},"SkillDesc":{"Hash":-2113816716},"Level":5,"AbilityName":"Ability23013","ParamList":[{"Value":0.3000000002793968},{"Value":0.20000000018626451},{"Value":0.6000000005587935}],"AbilityProperty":[{"PropertyType":"HPAddedRatio","Value":{"Value":0.3000000002793968}},{"PropertyType":"HealRatioBase","Value":{"Value":0.20000000018626451}}]}},"24000":{"1":{"SkillID":24000,"SkillName":{"Hash":-1480612357},"SkillDesc":{"Hash":1777866347},"Level":1,"AbilityName":"Ability24000","ParamList":[{"Value":0.0800000000745058},{"Value":4},{"Value":0.12000000011175871},{"Value":2}],"AbilityProperty":[]},"2":{"SkillID":24000,"SkillName":{"Hash":-1883896884},"SkillDesc":{"Hash":1777866347},"Level":2,"AbilityName":"Ability24000","ParamList":[{"Value":0.10000000009313226},{"Value":4},{"Value":0.1500000001396984},{"Value":2}],"AbilityProperty":[]},"3":{"SkillID":24000,"SkillName":{"Hash":-317812943},"SkillDesc":{"Hash":1777866347},"Level":3,"AbilityName":"Ability24000","ParamList":[{"Value":0.12000000011175871},{"Value":4},{"Value":0.18000000016763806},{"Value":2}],"AbilityProperty":[]},"4":{"SkillID":24000,"SkillName":{"Hash":-721097470},"SkillDesc":{"Hash":1777866347},"Level":4,"AbilityName":"Ability24000","ParamList":[{"Value":0.14000000013038516},{"Value":4},{"Value":0.21000000019557774},{"Value":2}],"AbilityProperty":[]},"5":{"SkillID":24000,"SkillName":{"Hash":844986471},"SkillDesc":{"Hash":1777866347},"Level":5,"AbilityName":"Ability24000","ParamList":[{"Value":0.1600000001490116},{"Value":4},{"Value":0.24000000022351742},{"Value":2}],"AbilityProperty":[]}},"24001":{"1":{"SkillID":24001,"SkillName":{"Hash":1268473974},"SkillDesc":{"Hash":-951017008},"Level":1,"AbilityName":"Ability24001","ParamList":[{"Value":0.0800000000745058},{"Value":0.5000000004656613},{"Value":0.0800000000745058},{"Value":0.20000000018626451},{"Value":2}],"AbilityProperty":[{"PropertyType":"CriticalChanceBase","Value":{"Value":0.0800000000745058}}]},"2":{"SkillID":24001,"SkillName":{"Hash":-297609967},"SkillDesc":{"Hash":-951017008},"Level":2,"AbilityName":"Ability24001","ParamList":[{"Value":0.10000000009313226},{"Value":0.5000000004656613},{"Value":0.10000000009313226},{"Value":0.25000000023283064},{"Value":2}],"AbilityProperty":[{"PropertyType":"CriticalChanceBase","Value":{"Value":0.10000000009313226}}]},"3":{"SkillID":24001,"SkillName":{"Hash":-1863693908},"SkillDesc":{"Hash":-951017008},"Level":3,"AbilityName":"Ability24001","ParamList":[{"Value":0.12000000011175871},{"Value":0.5000000004656613},{"Value":0.12000000011175871},{"Value":0.3000000002793968},{"Value":2}],"AbilityProperty":[{"PropertyType":"CriticalChanceBase","Value":{"Value":0.12000000011175871}}]},"4":{"SkillID":24001,"SkillName":{"Hash":865189447},"SkillDesc":{"Hash":-951017008},"Level":4,"AbilityName":"Ability24001","ParamList":[{"Value":0.14000000013038516},{"Value":0.5000000004656613},{"Value":0.14000000013038516},{"Value":0.3500000003259629},{"Value":2}],"AbilityProperty":[{"PropertyType":"CriticalChanceBase","Value":{"Value":0.14000000013038516}}]},"5":{"SkillID":24001,"SkillName":{"Hash":-700894494},"SkillDesc":{"Hash":-951017008},"Level":5,"AbilityName":"Ability24001","ParamList":[{"Value":0.1600000001490116},{"Value":0.5000000004656613},{"Value":0.1600000001490116},{"Value":0.40000000037252903},{"Value":2}],"AbilityProperty":[{"PropertyType":"CriticalChanceBase","Value":{"Value":0.1600000001490116}}]}},"24002":{"1":{"SkillID":24002,"SkillName":{"Hash":-1762937359},"SkillDesc":{"Hash":615066933},"Level":1,"AbilityName":"Ability24002","ParamList":[{"Value":0.0800000000745058},{"Value":0.1600000001490116},{"Value":2},{"Value":3},{"Value":0.12000000011175871}],"AbilityProperty":[{"PropertyType":"StatusResistanceBase","Value":{"Value":0.0800000000745058}}]},"2":{"SkillID":24002,"SkillName":{"Hash":-196853418},"SkillDesc":{"Hash":615066933},"Level":2,"AbilityName":"Ability24002","ParamList":[{"Value":0.10000000009313226},{"Value":0.20000000018626451},{"Value":2},{"Value":3},{"Value":0.1500000001396984}],"AbilityProperty":[{"PropertyType":"StatusResistanceBase","Value":{"Value":0.10000000009313226}}]},"3":{"SkillID":24002,"SkillName":{"Hash":1369230523},"SkillDesc":{"Hash":615066933},"Level":3,"AbilityName":"Ability24002","ParamList":[{"Value":0.12000000011175871},{"Value":0.24000000022351742},{"Value":2},{"Value":3},{"Value":0.18000000016763806}],"AbilityProperty":[{"PropertyType":"StatusResistanceBase","Value":{"Value":0.12000000011175871}}]},"4":{"SkillID":24002,"SkillName":{"Hash":-1003422472},"SkillDesc":{"Hash":615066933},"Level":4,"AbilityName":"Ability24002","ParamList":[{"Value":0.14000000013038516},{"Value":0.2800000002607703},{"Value":2},{"Value":3},{"Value":0.21000000019557774}],"AbilityProperty":[{"PropertyType":"StatusResistanceBase","Value":{"Value":0.14000000013038516}}]},"5":{"SkillID":24002,"SkillName":{"Hash":562661469},"SkillDesc":{"Hash":615066933},"Level":5,"AbilityName":"Ability24002","ParamList":[{"Value":0.1600000001490116},{"Value":0.3200000002980232},{"Value":2},{"Value":3},{"Value":0.24000000022351742}],"AbilityProperty":[{"PropertyType":"StatusResistanceBase","Value":{"Value":0.1600000001490116}}]}}}