{"20000":{"EquipmentID":20000,"Release":true,"EquipmentName":{"Hash":-234052537},"EquipmentDesc":{"Hash":371857150},"Rarity":"CombatPowerLightconeRarity3","AvatarBaseType":"Rogue","MaxPromotion":6,"MaxRank":5,"ExpType":1,"SkillID":20000,"ExpProvide":500,"CoinCost":250,"RankUpCostList":[],"ThumbnailPath":"SpriteOutput/LightConeMediumIcon/20000.png","ImagePath":"SpriteOutput/LightConeMaxFigures/20000.png","ItemRightPanelOffset":[0,-64,0.7],"AvatarDetailOffset":[0,-71,1.15],"BattleDialogOffset":[12,-6,0.6],"GachaResultOffset":[14,-9,0.545]},"20001":{"EquipmentID":20001,"Release":true,"EquipmentName":{"Hash":-234052538},"EquipmentDesc":{"Hash":371857150},"Rarity":"CombatPowerLightconeRarity3","AvatarBaseType":"Priest","MaxPromotion":6,"MaxRank":5,"ExpType":1,"SkillID":20001,"ExpProvide":500,"CoinCost":250,"RankUpCostList":[],"ThumbnailPath":"SpriteOutput/LightConeMediumIcon/20001.png","ImagePath":"SpriteOutput/LightConeMaxFigures/20001.png","ItemRightPanelOffset":[0,-52,0.7],"AvatarDetailOffset":[0,-92,1.15],"BattleDialogOffset":[55,16,0.6],"GachaResultOffset":[5,0,0.545]},"20002":{"EquipmentID":20002,"Release":true,"EquipmentName":{"Hash":-234052535},"EquipmentDesc":{"Hash":371857150},"Rarity":"CombatPowerLightconeRarity3","AvatarBaseType":"Warrior","MaxPromotion":6,"MaxRank":5,"ExpType":1,"SkillID":20002,"ExpProvide":500,"CoinCost":250,"RankUpCostList":[],"ThumbnailPath":"SpriteOutput/LightConeMediumIcon/20002.png","ImagePath":"SpriteOutput/LightConeMaxFigures/20002.png","ItemRightPanelOffset":[0,-101,0.7],"AvatarDetailOffset":[0,-78,1.15],"BattleDialogOffset":[0,0,0.6],"GachaResultOffset":[0,0,0.545]},"20003":{"EquipmentID":20003,"Release":true,"EquipmentName":{"Hash":-234052536},"EquipmentDesc":{"Hash":371857150},"Rarity":"CombatPowerLightconeRarity3","AvatarBaseType":"Knight","MaxPromotion":6,"MaxRank":5,"ExpType":1,"SkillID":20003,"ExpProvide":500,"CoinCost":250,"RankUpCostList":[],"ThumbnailPath":"SpriteOutput/LightConeMediumIcon/20003.png","ImagePath":"SpriteOutput/LightConeMaxFigures/20003.png","ItemRightPanelOffset":[0,-14,0.7],"AvatarDetailOffset":[0,20,1.15],"BattleDialogOffset":[0,0,0.6],"GachaResultOffset":[0,0,0.545]},"20004":{"EquipmentID":20004,"Release":true,"EquipmentName":{"Hash":-234052541},"EquipmentDesc":{"Hash":371857150},"Rarity":"CombatPowerLightconeRarity3","AvatarBaseType":"Warlock","MaxPromotion":6,"MaxRank":5,"ExpType":1,"SkillID":20004,"ExpProvide":500,"CoinCost":250,"RankUpCostList":[],"ThumbnailPath":"SpriteOutput/LightConeMediumIcon/20004.png","ImagePath":"SpriteOutput/LightConeMaxFigures/20004.png","ItemRightPanelOffset":[0,-114,0.7],"AvatarDetailOffset":[0,-163,1.15],"BattleDialogOffset":[20,0,0.6],"GachaResultOffset":[0,-3,0.545]},"20005":{"EquipmentID":20005,"Release":true,"EquipmentName":{"Hash":-234052542},"EquipmentDesc":{"Hash":371857150},"Rarity":"CombatPowerLightconeRarity3","AvatarBaseType":"Shaman","MaxPromotion":6,"MaxRank":5,"ExpType":1,"SkillID":20005,"ExpProvide":500,"CoinCost":250,"RankUpCostList":[],"ThumbnailPath":"SpriteOutput/LightConeMediumIcon/20005.png","ImagePath":"SpriteOutput/LightConeMaxFigures/20005.png","ItemRightPanelOffset":[0,-114,0.7],"AvatarDetailOffset":[0,-130,1.15],"BattleDialogOffset":[0,0,0.6],"GachaResultOffset":[-4,-3,0.545]},"20006":{"EquipmentID":20006,"Release":true,"EquipmentName":{"Hash":-234052539},"EquipmentDesc":{"Hash":371857150},"Rarity":"CombatPowerLightconeRarity3","AvatarBaseType":"Mage","MaxPromotion":6,"MaxRank":5,"ExpType":1,"SkillID":20006,"ExpProvide":500,"CoinCost":250,"RankUpCostList":[],"ThumbnailPath":"SpriteOutput/LightConeMediumIcon/20006.png","ImagePath":"SpriteOutput/LightConeMaxFigures/20006.png","ItemRightPanelOffset":[0,-162,0.7],"AvatarDetailOffset":[0,-186,1.15],"BattleDialogOffset":[0,0,0.6],"GachaResultOffset":[-1,-17,0.545]},"20007":{"EquipmentID":20007,"Release":true,"EquipmentName":{"Hash":-234052540},"EquipmentDesc":{"Hash":371857150},"Rarity":"CombatPowerLightconeRarity3","AvatarBaseType":"Rogue","MaxPromotion":6,"MaxRank":5,"ExpType":1,"SkillID":20007,"ExpProvide":500,"CoinCost":250,"RankUpCostList":[],"ThumbnailPath":"SpriteOutput/LightConeMediumIcon/20007.png","ImagePath":"SpriteOutput/LightConeMaxFigures/20007.png","ItemRightPanelOffset":[0,141,0.7],"AvatarDetailOffset":[0,190,1.15],"BattleDialogOffset":[0,0,0.6],"GachaResultOffset":[-8,16,0.545]},"20008":{"EquipmentID":20008,"Release":true,"EquipmentName":{"Hash":-234052545},"EquipmentDesc":{"Hash":371857150},"Rarity":"CombatPowerLightconeRarity3","AvatarBaseType":"Priest","MaxPromotion":6,"MaxRank":5,"ExpType":1,"SkillID":20008,"ExpProvide":500,"CoinCost":250,"RankUpCostList":[],"ThumbnailPath":"SpriteOutput/LightConeMediumIcon/20008.png","ImagePath":"SpriteOutput/LightConeMaxFigures/20008.png","ItemRightPanelOffset":[0,-37,0.7],"AvatarDetailOffset":[0,-4,1.15],"BattleDialogOffset":[0,0,0.6],"GachaResultOffset":[-4,10,0.545]},"20009":{"EquipmentID":20009,"Release":true,"EquipmentName":{"Hash":-234052546},"EquipmentDesc":{"Hash":371857150},"Rarity":"CombatPowerLightconeRarity3","AvatarBaseType":"Warrior","MaxPromotion":6,"MaxRank":5,"ExpType":1,"SkillID":20009,"ExpProvide":500,"CoinCost":250,"RankUpCostList":[],"ThumbnailPath":"SpriteOutput/LightConeMediumIcon/20009.png","ImagePath":"SpriteOutput/LightConeMaxFigures/20009.png","ItemRightPanelOffset":[0,-62,0.7],"AvatarDetailOffset":[0,-90,1.15],"BattleDialogOffset":[22,24,0.75],"GachaResultOffset":[-11,5,0.545]},"20010":{"EquipmentID":20010,"Release":true,"EquipmentName":{"Hash":1332031404},"EquipmentDesc":{"Hash":371857150},"Rarity":"CombatPowerLightconeRarity3","AvatarBaseType":"Knight","MaxPromotion":6,"MaxRank":5,"ExpType":1,"SkillID":20010,"ExpProvide":500,"CoinCost":250,"RankUpCostList":[],"ThumbnailPath":"SpriteOutput/LightConeMediumIcon/20010.png","ImagePath":"SpriteOutput/LightConeMaxFigures/20010.png","ItemRightPanelOffset":[0,110,0.7],"AvatarDetailOffset":[0,90,1.15],"BattleDialogOffset":[-28,14,0.75],"GachaResultOffset":[-17,-9,0.545]},"20011":{"EquipmentID":20011,"Release":true,"EquipmentName":{"Hash":1332031403},"EquipmentDesc":{"Hash":371857150},"Rarity":"CombatPowerLightconeRarity3","AvatarBaseType":"Warlock","MaxPromotion":6,"MaxRank":5,"ExpType":1,"SkillID":20011,"ExpProvide":500,"CoinCost":250,"RankUpCostList":[],"ThumbnailPath":"SpriteOutput/LightConeMediumIcon/20011.png","ImagePath":"SpriteOutput/LightConeMaxFigures/20011.png","ItemRightPanelOffset":[0,82,0.7],"AvatarDetailOffset":[0,105,1.15],"BattleDialogOffset":[32,-25,0.75],"GachaResultOffset":[12,-7,0.545]},"20012":{"EquipmentID":20012,"Release":true,"EquipmentName":{"Hash":1332031406},"EquipmentDesc":{"Hash":371857150},"Rarity":"CombatPowerLightconeRarity3","AvatarBaseType":"Shaman","MaxPromotion":6,"MaxRank":5,"ExpType":1,"SkillID":20012,"ExpProvide":500,"CoinCost":250,"RankUpCostList":[],"ThumbnailPath":"SpriteOutput/LightConeMediumIcon/20012.png","ImagePath":"SpriteOutput/LightConeMaxFigures/20012.png","ItemRightPanelOffset":[0,28,0.7],"AvatarDetailOffset":[0,0,1.15],"BattleDialogOffset":[-1,-56,0.75],"GachaResultOffset":[-1,-6,0.545]},"20013":{"EquipmentID":20013,"Release":true,"EquipmentName":{"Hash":1332031405},"EquipmentDesc":{"Hash":371857150},"Rarity":"CombatPowerLightconeRarity3","AvatarBaseType":"Mage","MaxPromotion":6,"MaxRank":5,"ExpType":1,"SkillID":20013,"ExpProvide":500,"CoinCost":250,"RankUpCostList":[],"ThumbnailPath":"SpriteOutput/LightConeMediumIcon/20013.png","ImagePath":"SpriteOutput/LightConeMaxFigures/20013.png","ItemRightPanelOffset":[0,143,0.7],"AvatarDetailOffset":[0,150,1.15],"BattleDialogOffset":[91,-62,0.75],"GachaResultOffset":[-1,-6,0.545]},"20014":{"EquipmentID":20014,"Release":true,"EquipmentName":{"Hash":1332031400},"EquipmentDesc":{"Hash":371857150},"Rarity":"CombatPowerLightconeRarity3","AvatarBaseType":"Rogue","MaxPromotion":6,"MaxRank":5,"ExpType":1,"SkillID":20014,"ExpProvide":500,"CoinCost":250,"RankUpCostList":[],"ThumbnailPath":"SpriteOutput/LightConeMediumIcon/20014.png","ImagePath":"SpriteOutput/LightConeMaxFigures/20014.png","ItemRightPanelOffset":[0,-51,0.7],"AvatarDetailOffset":[0,-51,1.15],"BattleDialogOffset":[0,0,1],"GachaResultOffset":[0,0,1]},"20015":{"EquipmentID":20015,"Release":true,"EquipmentName":{"Hash":1332031399},"EquipmentDesc":{"Hash":371857150},"Rarity":"CombatPowerLightconeRarity3","AvatarBaseType":"Priest","MaxPromotion":6,"MaxRank":5,"ExpType":1,"SkillID":20015,"ExpProvide":500,"CoinCost":250,"RankUpCostList":[],"ThumbnailPath":"SpriteOutput/LightConeMediumIcon/20015.png","ImagePath":"SpriteOutput/LightConeMaxFigures/20015.png","ItemRightPanelOffset":[0,-24,0.7],"AvatarDetailOffset":[0,-20,1.15],"BattleDialogOffset":[0,0,1],"GachaResultOffset":[0,0,1]},"20016":{"EquipmentID":20016,"Release":true,"EquipmentName":{"Hash":1332031402},"EquipmentDesc":{"Hash":371857150},"Rarity":"CombatPowerLightconeRarity3","AvatarBaseType":"Warrior","MaxPromotion":6,"MaxRank":5,"ExpType":1,"SkillID":20016,"ExpProvide":500,"CoinCost":250,"RankUpCostList":[],"ThumbnailPath":"SpriteOutput/LightConeMediumIcon/20016.png","ImagePath":"SpriteOutput/LightConeMaxFigures/20016.png","ItemRightPanelOffset":[0,114,0.7],"AvatarDetailOffset":[0,114,1.15],"BattleDialogOffset":[0,0,1],"GachaResultOffset":[0,0,1]},"20017":{"EquipmentID":20017,"Release":true,"EquipmentName":{"Hash":1332031401},"EquipmentDesc":{"Hash":371857150},"Rarity":"CombatPowerLightconeRarity3","AvatarBaseType":"Knight","MaxPromotion":6,"MaxRank":5,"ExpType":1,"SkillID":20017,"ExpProvide":500,"CoinCost":250,"RankUpCostList":[],"ThumbnailPath":"SpriteOutput/LightConeMediumIcon/20017.png","ImagePath":"SpriteOutput/LightConeMaxFigures/20017.png","ItemRightPanelOffset":[0,85,0.7],"AvatarDetailOffset":[0,85,1.15],"BattleDialogOffset":[0,0,1],"GachaResultOffset":[0,0,1]},"20018":{"EquipmentID":20018,"Release":true,"EquipmentName":{"Hash":1332031396},"EquipmentDesc":{"Hash":371857150},"Rarity":"CombatPowerLightconeRarity3","AvatarBaseType":"Warlock","MaxPromotion":6,"MaxRank":5,"ExpType":1,"SkillID":20018,"ExpProvide":500,"CoinCost":250,"RankUpCostList":[],"ThumbnailPath":"SpriteOutput/LightConeMediumIcon/20018.png","ImagePath":"SpriteOutput/LightConeMaxFigures/20018.png","ItemRightPanelOffset":[0,-82,0.7],"AvatarDetailOffset":[0,-90,1.15],"BattleDialogOffset":[0,0,1],"GachaResultOffset":[0,0,1]},"20019":{"EquipmentID":20019,"Release":true,"EquipmentName":{"Hash":1332031395},"EquipmentDesc":{"Hash":371857150},"Rarity":"CombatPowerLightconeRarity3","AvatarBaseType":"Shaman","MaxPromotion":6,"MaxRank":5,"ExpType":1,"SkillID":20019,"ExpProvide":500,"CoinCost":250,"RankUpCostList":[],"ThumbnailPath":"SpriteOutput/LightConeMediumIcon/20019.png","ImagePath":"SpriteOutput/LightConeMaxFigures/20019.png","ItemRightPanelOffset":[0,15,0.7],"AvatarDetailOffset":[0,20,1.15],"BattleDialogOffset":[0,0,1],"GachaResultOffset":[0,0,1]},"20020":{"EquipmentID":20020,"Release":true,"EquipmentName":{"Hash":928746877},"EquipmentDesc":{"Hash":371857150},"Rarity":"CombatPowerLightconeRarity3","AvatarBaseType":"Mage","MaxPromotion":6,"MaxRank":5,"ExpType":1,"SkillID":20020,"ExpProvide":500,"CoinCost":250,"RankUpCostList":[],"ThumbnailPath":"SpriteOutput/LightConeMediumIcon/20020.png","ImagePath":"SpriteOutput/LightConeMaxFigures/20020.png","ItemRightPanelOffset":[0,30,0.7],"AvatarDetailOffset":[0,30,1.15],"BattleDialogOffset":[0,0,1],"GachaResultOffset":[0,0,1]},"21000":{"EquipmentID":21000,"Release":true,"EquipmentName":{"Hash":1352234380},"EquipmentDesc":{"Hash":371857150},"Rarity":"CombatPowerLightconeRarity4","AvatarBaseType":"Priest","MaxPromotion":6,"MaxRank":5,"ExpType":2,"SkillID":21000,"ExpProvide":12000,"CoinCost":6000,"RankUpCostList":[],"ThumbnailPath":"SpriteOutput/LightConeMediumIcon/21000.png","ImagePath":"SpriteOutput/LightConeMaxFigures/21000.png","ItemRightPanelOffset":[0,-138,0.7],"AvatarDetailOffset":[0,-128,1.15],"BattleDialogOffset":[0,0,0.55],"GachaResultOffset":[8,-11,0.5123]},"21001":{"EquipmentID":21001,"Release":true,"EquipmentName":{"Hash":1352234379},"EquipmentDesc":{"Hash":371857150},"Rarity":"CombatPowerLightconeRarity4","AvatarBaseType":"Warlock","MaxPromotion":6,"MaxRank":5,"ExpType":2,"SkillID":21001,"ExpProvide":12000,"CoinCost":6000,"RankUpCostList":[],"ThumbnailPath":"SpriteOutput/LightConeMediumIcon/21001.png","ImagePath":"SpriteOutput/LightConeMaxFigures/21001.png","ItemRightPanelOffset":[0,-15,0.7],"AvatarDetailOffset":[0,10,1.15],"BattleDialogOffset":[0,0,0.55],"GachaResultOffset":[0,12,0.545]},"21002":{"EquipmentID":21002,"Release":true,"EquipmentName":{"Hash":1352234382},"EquipmentDesc":{"Hash":371857150},"Rarity":"CombatPowerLightconeRarity4","AvatarBaseType":"Knight","MaxPromotion":6,"MaxRank":5,"ExpType":2,"SkillID":21002,"ExpProvide":12000,"CoinCost":6000,"RankUpCostList":[],"ThumbnailPath":"SpriteOutput/LightConeMediumIcon/21002.png","ImagePath":"SpriteOutput/LightConeMaxFigures/21002.png","ItemRightPanelOffset":[0,-148,0.7],"AvatarDetailOffset":[0,-150,1.15],"BattleDialogOffset":[0,0,0.55],"GachaResultOffset":[-6,-43,0.6867]},"21003":{"EquipmentID":21003,"Release":true,"EquipmentName":{"Hash":1352234381},"EquipmentDesc":{"Hash":371857150},"Rarity":"CombatPowerLightconeRarity4","AvatarBaseType":"Rogue","MaxPromotion":6,"MaxRank":5,"ExpType":2,"SkillID":21003,"ExpProvide":12000,"CoinCost":6000,"RankUpCostList":[],"ThumbnailPath":"SpriteOutput/LightConeMediumIcon/21003.png","ImagePath":"SpriteOutput/LightConeMaxFigures/21003.png","ItemRightPanelOffset":[0,-99,0.7],"AvatarDetailOffset":[0,-90,1.15],"BattleDialogOffset":[0,0,0.55],"GachaResultOffset":[-8,-6,0.4905]},"21004":{"EquipmentID":21004,"Release":true,"EquipmentName":{"Hash":1352234376},"EquipmentDesc":{"Hash":371857150},"Rarity":"CombatPowerLightconeRarity4","AvatarBaseType":"Shaman","MaxPromotion":6,"MaxRank":5,"ExpType":2,"SkillID":21004,"ExpProvide":12000,"CoinCost":6000,"RankUpCostList":[],"ThumbnailPath":"SpriteOutput/LightConeMediumIcon/21004.png","ImagePath":"SpriteOutput/LightConeMaxFigures/21004.png","ItemRightPanelOffset":[0,-45,0.7],"AvatarDetailOffset":[0,-12,1.15],"BattleDialogOffset":[0,0,0.55],"GachaResultOffset":[0,-6,0.4905]},"21005":{"EquipmentID":21005,"Release":true,"EquipmentName":{"Hash":1352234375},"EquipmentDesc":{"Hash":371857150},"Rarity":"CombatPowerLightconeRarity4","AvatarBaseType":"Warrior","MaxPromotion":6,"MaxRank":5,"ExpType":2,"SkillID":21005,"ExpProvide":12000,"CoinCost":6000,"RankUpCostList":[],"ThumbnailPath":"SpriteOutput/LightConeMediumIcon/21005.png","ImagePath":"SpriteOutput/LightConeMaxFigures/21005.png","ItemRightPanelOffset":[0,-42,0.7],"AvatarDetailOffset":[0,-30,1.15],"BattleDialogOffset":[0,0,0.55],"GachaResultOffset":[1,7,0.763]},"21006":{"EquipmentID":21006,"Release":true,"EquipmentName":{"Hash":1352234378},"EquipmentDesc":{"Hash":371857150},"Rarity":"CombatPowerLightconeRarity4","AvatarBaseType":"Mage","MaxPromotion":6,"MaxRank":5,"ExpType":2,"SkillID":21006,"ExpProvide":12000,"CoinCost":6000,"RankUpCostList":[],"ThumbnailPath":"SpriteOutput/LightConeMediumIcon/21006.png","ImagePath":"SpriteOutput/LightConeMaxFigures/21006.png","ItemRightPanelOffset":[0,-120,0.7],"AvatarDetailOffset":[0,-130,1.15],"BattleDialogOffset":[0,0,0.55],"GachaResultOffset":[0,-10,0.5123]},"21007":{"EquipmentID":21007,"Release":true,"EquipmentName":{"Hash":1352234377},"EquipmentDesc":{"Hash":371857150},"Rarity":"CombatPowerLightconeRarity4","AvatarBaseType":"Priest","MaxPromotion":6,"MaxRank":5,"ExpType":2,"SkillID":21007,"ExpProvide":12000,"CoinCost":6000,"RankUpCostList":[],"ThumbnailPath":"SpriteOutput/LightConeMediumIcon/21007.png","ImagePath":"SpriteOutput/LightConeMaxFigures/21007.png","ItemRightPanelOffset":[0,-70,0.7],"AvatarDetailOffset":[0,-62,1.15],"BattleDialogOffset":[32,-63,0.75],"GachaResultOffset":[-32,-10,0.5123]},"21008":{"EquipmentID":21008,"Release":true,"EquipmentName":{"Hash":1352234372},"EquipmentDesc":{"Hash":371857150},"Rarity":"CombatPowerLightconeRarity4","AvatarBaseType":"Warlock","MaxPromotion":6,"MaxRank":5,"ExpType":2,"SkillID":21008,"ExpProvide":12000,"CoinCost":6000,"RankUpCostList":[],"ThumbnailPath":"SpriteOutput/LightConeMediumIcon/21008.png","ImagePath":"SpriteOutput/LightConeMaxFigures/21008.png","ItemRightPanelOffset":[0,-130,0.7],"AvatarDetailOffset":[0,-132,1.15],"BattleDialogOffset":[0,0,0.55],"GachaResultOffset":[7,-19,0.5777]},"21009":{"EquipmentID":21009,"Release":true,"EquipmentName":{"Hash":1352234371},"EquipmentDesc":{"Hash":371857150},"Rarity":"CombatPowerLightconeRarity4","AvatarBaseType":"Knight","MaxPromotion":6,"MaxRank":5,"ExpType":2,"SkillID":21009,"ExpProvide":12000,"CoinCost":6000,"RankUpCostList":[],"ThumbnailPath":"SpriteOutput/LightConeMediumIcon/21009.png","ImagePath":"SpriteOutput/LightConeMaxFigures/21009.png","ItemRightPanelOffset":[0,-130,0.7],"AvatarDetailOffset":[0,-139,1.15],"BattleDialogOffset":[-12,-40,0.75],"GachaResultOffset":[-6,-19,0.545]},"21010":{"EquipmentID":21010,"Release":true,"EquipmentName":{"Hash":-213849561},"EquipmentDesc":{"Hash":371857150},"Rarity":"CombatPowerLightconeRarity4","AvatarBaseType":"Rogue","MaxPromotion":6,"MaxRank":5,"ExpType":2,"SkillID":21010,"ExpProvide":12000,"CoinCost":6000,"RankUpCostList":[],"ThumbnailPath":"SpriteOutput/LightConeMediumIcon/21010.png","ImagePath":"SpriteOutput/LightConeMaxFigures/21010.png","ItemRightPanelOffset":[0,-137,0.7],"AvatarDetailOffset":[0,-139,1.15],"BattleDialogOffset":[32,-63,0.75],"GachaResultOffset":[-9,-24,0.5777]},"21011":{"EquipmentID":21011,"Release":true,"EquipmentName":{"Hash":-213849562},"EquipmentDesc":{"Hash":371857150},"Rarity":"CombatPowerLightconeRarity4","AvatarBaseType":"Shaman","MaxPromotion":6,"MaxRank":5,"ExpType":2,"SkillID":21011,"ExpProvide":12000,"CoinCost":6000,"RankUpCostList":[],"ThumbnailPath":"SpriteOutput/LightConeMediumIcon/21011.png","ImagePath":"SpriteOutput/LightConeMaxFigures/21011.png","ItemRightPanelOffset":[0,-155,0.7],"AvatarDetailOffset":[0,-146,1.15],"BattleDialogOffset":[-14,-40,0.75],"GachaResultOffset":[0,-35,0.6758]},"21012":{"EquipmentID":21012,"Release":true,"EquipmentName":{"Hash":-213849559},"EquipmentDesc":{"Hash":371857150},"Rarity":"CombatPowerLightconeRarity4","AvatarBaseType":"Warrior","MaxPromotion":6,"MaxRank":5,"ExpType":2,"SkillID":21012,"ExpProvide":12000,"CoinCost":6000,"RankUpCostList":[],"ThumbnailPath":"SpriteOutput/LightConeMediumIcon/21012.png","ImagePath":"SpriteOutput/LightConeMaxFigures/21012.png","ItemRightPanelOffset":[0,-120,0.7],"AvatarDetailOffset":[0,-132,1.15],"BattleDialogOffset":[0,0,0.55],"GachaResultOffset":[-3,-38,0.654]},"21013":{"EquipmentID":21013,"Release":true,"EquipmentName":{"Hash":-213849560},"EquipmentDesc":{"Hash":371857150},"Rarity":"CombatPowerLightconeRarity4","AvatarBaseType":"Mage","MaxPromotion":6,"MaxRank":5,"ExpType":2,"SkillID":21013,"ExpProvide":12000,"CoinCost":6000,"RankUpCostList":[],"ThumbnailPath":"SpriteOutput/LightConeMediumIcon/21013.png","ImagePath":"SpriteOutput/LightConeMaxFigures/21013.png","ItemRightPanelOffset":[0,-77,0.7],"AvatarDetailOffset":[0,-92,1.15],"BattleDialogOffset":[41,0,0.55],"GachaResultOffset":[44,-38,0.872]},"21014":{"EquipmentID":21014,"Release":true,"EquipmentName":{"Hash":-213849565},"EquipmentDesc":{"Hash":371857150},"Rarity":"CombatPowerLightconeRarity4","AvatarBaseType":"Priest","MaxPromotion":6,"MaxRank":5,"ExpType":2,"SkillID":21014,"ExpProvide":12000,"CoinCost":6000,"RankUpCostList":[],"ThumbnailPath":"SpriteOutput/LightConeMediumIcon/21014.png","ImagePath":"SpriteOutput/LightConeMaxFigures/21014.png","ItemRightPanelOffset":[-60,-175,0.9],"AvatarDetailOffset":[-69,-188,1.5],"BattleDialogOffset":[0,0,1],"GachaResultOffset":[0,0,1]},"21015":{"EquipmentID":21015,"Release":true,"EquipmentName":{"Hash":-213849566},"EquipmentDesc":{"Hash":371857150},"Rarity":"CombatPowerLightconeRarity4","AvatarBaseType":"Warlock","MaxPromotion":6,"MaxRank":5,"ExpType":2,"SkillID":21015,"ExpProvide":12000,"CoinCost":6000,"RankUpCostList":[],"ThumbnailPath":"SpriteOutput/LightConeMediumIcon/21015.png","ImagePath":"SpriteOutput/LightConeMaxFigures/21015.png","ItemRightPanelOffset":[-11,-179,0.7],"AvatarDetailOffset":[-22,-163,1.15],"BattleDialogOffset":[0,0,1],"GachaResultOffset":[0,0,1]},"21016":{"EquipmentID":21016,"Release":true,"EquipmentName":{"Hash":-213849563},"EquipmentDesc":{"Hash":371857150},"Rarity":"CombatPowerLightconeRarity4","AvatarBaseType":"Knight","MaxPromotion":6,"MaxRank":5,"ExpType":2,"SkillID":21016,"ExpProvide":12000,"CoinCost":6000,"RankUpCostList":[],"ThumbnailPath":"SpriteOutput/LightConeMediumIcon/21016.png","ImagePath":"SpriteOutput/LightConeMaxFigures/21016.png","ItemRightPanelOffset":[0,-139,0.85],"AvatarDetailOffset":[0,-129,1.2],"BattleDialogOffset":[0,0,1],"GachaResultOffset":[0,0,1]},"21017":{"EquipmentID":21017,"Release":true,"EquipmentName":{"Hash":-213849564},"EquipmentDesc":{"Hash":371857150},"Rarity":"CombatPowerLightconeRarity4","AvatarBaseType":"Rogue","MaxPromotion":6,"MaxRank":5,"ExpType":2,"SkillID":21017,"ExpProvide":12000,"CoinCost":6000,"RankUpCostList":[],"ThumbnailPath":"SpriteOutput/LightConeMediumIcon/21017.png","ImagePath":"SpriteOutput/LightConeMaxFigures/21017.png","ItemRightPanelOffset":[0,-151,0.7],"AvatarDetailOffset":[0,-151,1.15],"BattleDialogOffset":[0,0,1],"GachaResultOffset":[0,0,1]},"21018":{"EquipmentID":21018,"Release":true,"EquipmentName":{"Hash":-213849569},"EquipmentDesc":{"Hash":371857150},"Rarity":"CombatPowerLightconeRarity4","AvatarBaseType":"Shaman","MaxPromotion":6,"MaxRank":5,"ExpType":2,"SkillID":21018,"ExpProvide":12000,"CoinCost":6000,"RankUpCostList":[],"ThumbnailPath":"SpriteOutput/LightConeMediumIcon/21018.png","ImagePath":"SpriteOutput/LightConeMaxFigures/21018.png","ItemRightPanelOffset":[0,-84,0.7],"AvatarDetailOffset":[0,-75,1],"BattleDialogOffset":[0,0,1],"GachaResultOffset":[0,0,1]},"21019":{"EquipmentID":21019,"Release":true,"EquipmentName":{"Hash":-213849570},"EquipmentDesc":{"Hash":371857150},"Rarity":"CombatPowerLightconeRarity4","AvatarBaseType":"Warrior","MaxPromotion":6,"MaxRank":5,"ExpType":2,"SkillID":21019,"ExpProvide":12000,"CoinCost":6000,"RankUpCostList":[],"ThumbnailPath":"SpriteOutput/LightConeMediumIcon/21019.png","ImagePath":"SpriteOutput/LightConeMaxFigures/21019.png","ItemRightPanelOffset":[0,-10,0.7],"AvatarDetailOffset":[0,-10,1.15],"BattleDialogOffset":[0,0,1],"GachaResultOffset":[0,0,1]},"21020":{"EquipmentID":21020,"Release":true,"EquipmentName":{"Hash":-1779933502},"EquipmentDesc":{"Hash":371857150},"Rarity":"CombatPowerLightconeRarity4","AvatarBaseType":"Mage","MaxPromotion":6,"MaxRank":5,"ExpType":2,"SkillID":21020,"ExpProvide":12000,"CoinCost":6000,"RankUpCostList":[],"ThumbnailPath":"SpriteOutput/LightConeMediumIcon/21020.png","ImagePath":"SpriteOutput/LightConeMaxFigures/21020.png","ItemRightPanelOffset":[85,-100,1],"AvatarDetailOffset":[79,-94,1.5],"BattleDialogOffset":[0,0,1],"GachaResultOffset":[0,0,1]},"21021":{"EquipmentID":21021,"Release":true,"EquipmentName":{"Hash":-1779933503},"EquipmentDesc":{"Hash":371857150},"Rarity":"CombatPowerLightconeRarity4","AvatarBaseType":"Priest","MaxPromotion":6,"MaxRank":5,"ExpType":2,"SkillID":21021,"ExpProvide":12000,"CoinCost":6000,"RankUpCostList":[],"ThumbnailPath":"SpriteOutput/LightConeMediumIcon/21021.png","ImagePath":"SpriteOutput/LightConeMaxFigures/21021.png","ItemRightPanelOffset":[0,-82,0.66],"AvatarDetailOffset":[0,-78,1.01],"BattleDialogOffset":[0,0,1],"GachaResultOffset":[0,0,1]},"21022":{"EquipmentID":21022,"Release":true,"EquipmentName":{"Hash":-1779933500},"EquipmentDesc":{"Hash":371857150},"Rarity":"CombatPowerLightconeRarity4","AvatarBaseType":"Warlock","MaxPromotion":6,"MaxRank":5,"ExpType":2,"SkillID":21022,"ExpProvide":12000,"CoinCost":6000,"RankUpCostList":[],"ThumbnailPath":"SpriteOutput/LightConeMediumIcon/21022.png","ImagePath":"SpriteOutput/LightConeMaxFigures/21022.png","ItemRightPanelOffset":[0,1.5,0.7],"AvatarDetailOffset":[0,3,1.15],"BattleDialogOffset":[0,0,1],"GachaResultOffset":[0,0,1]},"21023":{"EquipmentID":21023,"Release":true,"EquipmentName":{"Hash":-1779933501},"EquipmentDesc":{"Hash":371857150},"Rarity":"CombatPowerLightconeRarity4","AvatarBaseType":"Knight","MaxPromotion":6,"MaxRank":5,"ExpType":2,"SkillID":21023,"ExpProvide":12000,"CoinCost":6000,"RankUpCostList":[],"ThumbnailPath":"SpriteOutput/LightConeMediumIcon/21023.png","ImagePath":"SpriteOutput/LightConeMaxFigures/21023.png","ItemRightPanelOffset":[0,-38,0.66],"AvatarDetailOffset":[0,-34,1.01],"BattleDialogOffset":[0,0,1],"GachaResultOffset":[0,0,1]},"21024":{"EquipmentID":21024,"Release":true,"EquipmentName":{"Hash":-1779933506},"EquipmentDesc":{"Hash":371857150},"Rarity":"CombatPowerLightconeRarity4","AvatarBaseType":"Rogue","MaxPromotion":6,"MaxRank":5,"ExpType":2,"SkillID":21024,"ExpProvide":12000,"CoinCost":6000,"RankUpCostList":[],"ThumbnailPath":"SpriteOutput/LightConeMediumIcon/21024.png","ImagePath":"SpriteOutput/LightConeMaxFigures/21024.png","ItemRightPanelOffset":[40,-192,0.9],"AvatarDetailOffset":[27,-204,1.5],"BattleDialogOffset":[0,0,1],"GachaResultOffset":[0,0,1]},"21025":{"EquipmentID":21025,"Release":true,"EquipmentName":{"Hash":-1779933507},"EquipmentDesc":{"Hash":371857150},"Rarity":"CombatPowerLightconeRarity4","AvatarBaseType":"Shaman","MaxPromotion":6,"MaxRank":5,"ExpType":2,"SkillID":21025,"ExpProvide":12000,"CoinCost":6000,"RankUpCostList":[],"ThumbnailPath":"SpriteOutput/LightConeMediumIcon/21025.png","ImagePath":"SpriteOutput/LightConeMaxFigures/21025.png","ItemRightPanelOffset":[10,-153,0.7],"AvatarDetailOffset":[46,-200,1.41],"BattleDialogOffset":[0,0,1],"GachaResultOffset":[0,0,1]},"21026":{"EquipmentID":21026,"Release":true,"EquipmentName":{"Hash":-1779933504},"EquipmentDesc":{"Hash":371857150},"Rarity":"CombatPowerLightconeRarity4","AvatarBaseType":"Warrior","MaxPromotion":6,"MaxRank":5,"ExpType":2,"SkillID":21026,"ExpProvide":12000,"CoinCost":6000,"RankUpCostList":[],"ThumbnailPath":"SpriteOutput/LightConeMediumIcon/21026.png","ImagePath":"SpriteOutput/LightConeMaxFigures/21026.png","ItemRightPanelOffset":[0,-122,0.7],"AvatarDetailOffset":[0,-142,1.15],"BattleDialogOffset":[0,0,1],"GachaResultOffset":[0,0,1]},"21027":{"EquipmentID":21027,"Release":true,"EquipmentName":{"Hash":-1779933505},"EquipmentDesc":{"Hash":371857150},"Rarity":"CombatPowerLightconeRarity4","AvatarBaseType":"Mage","MaxPromotion":6,"MaxRank":5,"ExpType":2,"SkillID":21027,"ExpProvide":12000,"CoinCost":6000,"RankUpCostList":[],"ThumbnailPath":"SpriteOutput/LightConeMediumIcon/21027.png","ImagePath":"SpriteOutput/LightConeMaxFigures/21027.png","ItemRightPanelOffset":[0,-78,0.7],"AvatarDetailOffset":[0,-78,1.15],"BattleDialogOffset":[0,0,1],"GachaResultOffset":[0,0,1]},"21028":{"EquipmentID":21028,"Release":true,"EquipmentName":{"Hash":-1779933510},"EquipmentDesc":{"Hash":371857150},"Rarity":"CombatPowerLightconeRarity4","AvatarBaseType":"Priest","MaxPromotion":6,"MaxRank":5,"ExpType":2,"SkillID":21028,"ExpProvide":12000,"CoinCost":6000,"RankUpCostList":[],"ThumbnailPath":"SpriteOutput/LightConeMediumIcon/21028.png","ImagePath":"SpriteOutput/LightConeMaxFigures/21028.png","ItemRightPanelOffset":[0,-58,0.7],"AvatarDetailOffset":[0,-64,1.15],"BattleDialogOffset":[0,0,1],"GachaResultOffset":[0,0,1]},"21029":{"EquipmentID":21029,"Release":true,"EquipmentName":{"Hash":-1779933511},"EquipmentDesc":{"Hash":371857150},"Rarity":"CombatPowerLightconeRarity4","AvatarBaseType":"Warlock","MaxPromotion":6,"MaxRank":5,"ExpType":2,"SkillID":21029,"ExpProvide":12000,"CoinCost":6000,"RankUpCostList":[],"ThumbnailPath":"SpriteOutput/LightConeMediumIcon/21029.png","ImagePath":"SpriteOutput/LightConeMaxFigures/21029.png","ItemRightPanelOffset":[0,-100,0.7],"AvatarDetailOffset":[0,-100,1.15],"BattleDialogOffset":[0,0,1],"GachaResultOffset":[0,0,1]},"21030":{"EquipmentID":21030,"Release":true,"EquipmentName":{"Hash":948949853},"EquipmentDesc":{"Hash":371857150},"Rarity":"CombatPowerLightconeRarity4","AvatarBaseType":"Knight","MaxPromotion":6,"MaxRank":5,"ExpType":2,"SkillID":21030,"ExpProvide":12000,"CoinCost":6000,"RankUpCostList":[],"ThumbnailPath":"SpriteOutput/LightConeMediumIcon/21030.png","ImagePath":"SpriteOutput/LightConeMaxFigures/21030.png","ItemRightPanelOffset":[0,-8,0.67],"AvatarDetailOffset":[0,-18,1.15],"BattleDialogOffset":[0,0,1],"GachaResultOffset":[0,0,1]},"21031":{"EquipmentID":21031,"Release":true,"EquipmentName":{"Hash":948949852},"EquipmentDesc":{"Hash":371857150},"Rarity":"CombatPowerLightconeRarity4","AvatarBaseType":"Rogue","MaxPromotion":6,"MaxRank":5,"ExpType":2,"SkillID":21031,"ExpProvide":12000,"CoinCost":6000,"RankUpCostList":[],"ThumbnailPath":"SpriteOutput/LightConeMediumIcon/21031.png","ImagePath":"SpriteOutput/LightConeMaxFigures/21031.png","ItemRightPanelOffset":[-10,-92,0.7],"AvatarDetailOffset":[0,-89,1.01],"BattleDialogOffset":[0,0,1],"GachaResultOffset":[0,0,1]},"21032":{"EquipmentID":21032,"Release":true,"EquipmentName":{"Hash":948949855},"EquipmentDesc":{"Hash":371857150},"Rarity":"CombatPowerLightconeRarity4","AvatarBaseType":"Shaman","MaxPromotion":6,"MaxRank":5,"ExpType":2,"SkillID":21032,"ExpProvide":12000,"CoinCost":6000,"RankUpCostList":[],"ThumbnailPath":"SpriteOutput/LightConeMediumIcon/21032.png","ImagePath":"SpriteOutput/LightConeMaxFigures/21032.png","ItemRightPanelOffset":[0,-58,0.7],"AvatarDetailOffset":[0,-58,1.15],"BattleDialogOffset":[0,0,1],"GachaResultOffset":[0,0,1]},"21033":{"EquipmentID":21033,"Release":true,"EquipmentName":{"Hash":948949854},"EquipmentDesc":{"Hash":371857150},"Rarity":"CombatPowerLightconeRarity4","AvatarBaseType":"Warrior","MaxPromotion":6,"MaxRank":5,"ExpType":2,"SkillID":21033,"ExpProvide":12000,"CoinCost":6000,"RankUpCostList":[],"ThumbnailPath":"SpriteOutput/LightConeMediumIcon/21033.png","ImagePath":"SpriteOutput/LightConeMaxFigures/21033.png","ItemRightPanelOffset":[0,-133,0.7],"AvatarDetailOffset":[0,-124,1.15],"BattleDialogOffset":[0,0,1],"GachaResultOffset":[0,0,1]},"21034":{"EquipmentID":21034,"Release":true,"EquipmentName":{"Hash":948949849},"EquipmentDesc":{"Hash":371857150},"Rarity":"CombatPowerLightconeRarity4","AvatarBaseType":"Mage","MaxPromotion":6,"MaxRank":5,"ExpType":2,"SkillID":21034,"ExpProvide":12000,"CoinCost":6000,"RankUpCostList":[],"ThumbnailPath":"SpriteOutput/LightConeMediumIcon/21034.png","ImagePath":"SpriteOutput/LightConeMaxFigures/21034.png","ItemRightPanelOffset":[0,-77,0.7],"AvatarDetailOffset":[0,-77,1.15],"BattleDialogOffset":[0,0,1],"GachaResultOffset":[0,0,1]},"21035":{"EquipmentID":21035,"Release":true,"EquipmentName":{"Hash":948949848},"EquipmentDesc":{"Hash":371857150},"Rarity":"CombatPowerLightconeRarity4","AvatarBaseType":"Priest","MaxPromotion":6,"MaxRank":5,"ExpType":2,"SkillID":21035,"ExpProvide":12000,"CoinCost":6000,"RankUpCostList":[],"ThumbnailPath":"SpriteOutput/LightConeMediumIcon/21035.png","ImagePath":"SpriteOutput/LightConeMaxFigures/21035.png","ItemRightPanelOffset":[4,-4,0.68],"AvatarDetailOffset":[0,11,1.05],"BattleDialogOffset":[0,0,1],"GachaResultOffset":[0,0,1]},"21036":{"EquipmentID":21036,"Release":true,"EquipmentName":{"Hash":948949851},"EquipmentDesc":{"Hash":371857150},"Rarity":"CombatPowerLightconeRarity4","AvatarBaseType":"Shaman","MaxPromotion":6,"MaxRank":5,"ExpType":2,"SkillID":21036,"ExpProvide":12000,"CoinCost":6000,"RankUpCostList":[],"ThumbnailPath":"SpriteOutput/LightConeMediumIcon/21036.png","ImagePath":"SpriteOutput/LightConeMaxFigures/21036.png","ItemRightPanelOffset":[0,60,0.67],"AvatarDetailOffset":[0,63,1.02],"BattleDialogOffset":[0,0,1],"GachaResultOffset":[0,0,1]},"21037":{"EquipmentID":21037,"Release":true,"EquipmentName":{"Hash":948949850},"EquipmentDesc":{"Hash":371857150},"Rarity":"CombatPowerLightconeRarity4","AvatarBaseType":"Rogue","MaxPromotion":6,"MaxRank":5,"ExpType":2,"SkillID":21037,"ExpProvide":12000,"CoinCost":6000,"RankUpCostList":[],"ThumbnailPath":"SpriteOutput/LightConeMediumIcon/21037.png","ImagePath":"SpriteOutput/LightConeMaxFigures/21037.png","ItemRightPanelOffset":[28,-95,0.78],"AvatarDetailOffset":[29,-80,1.2],"BattleDialogOffset":[0,0,1],"GachaResultOffset":[0,0,1]},"21038":{"EquipmentID":21038,"Release":true,"EquipmentName":{"Hash":948949845},"EquipmentDesc":{"Hash":371857150},"Rarity":"CombatPowerLightconeRarity4","AvatarBaseType":"Warrior","MaxPromotion":6,"MaxRank":5,"ExpType":2,"SkillID":21038,"ExpProvide":12000,"CoinCost":6000,"RankUpCostList":[],"ThumbnailPath":"SpriteOutput/LightConeMediumIcon/21038.png","ImagePath":"SpriteOutput/LightConeMaxFigures/21038.png","ItemRightPanelOffset":[-55,-213,0.95],"AvatarDetailOffset":[-45,-177,1.3],"BattleDialogOffset":[0,0,1],"GachaResultOffset":[0,0,1]},"21039":{"EquipmentID":21039,"Release":true,"EquipmentName":{"Hash":948949844},"EquipmentDesc":{"Hash":371857150},"Rarity":"CombatPowerLightconeRarity4","AvatarBaseType":"Knight","MaxPromotion":6,"MaxRank":5,"ExpType":2,"SkillID":21039,"ExpProvide":12000,"CoinCost":6000,"RankUpCostList":[],"ThumbnailPath":"SpriteOutput/LightConeMediumIcon/21039.png","ImagePath":"SpriteOutput/LightConeMaxFigures/21039.png","ItemRightPanelOffset":[-86,-108,1],"AvatarDetailOffset":[-90,-94,1.6],"BattleDialogOffset":[0,0,1],"GachaResultOffset":[0,0,1]},"21040":{"EquipmentID":21040,"Release":true,"EquipmentName":{"Hash":-973364448},"EquipmentDesc":{"Hash":371857150},"Rarity":"CombatPowerLightconeRarity4","AvatarBaseType":"Mage","MaxPromotion":6,"MaxRank":5,"ExpType":2,"SkillID":21040,"ExpProvide":12000,"CoinCost":6000,"RankUpCostList":[],"ThumbnailPath":"SpriteOutput/LightConeMediumIcon/21040.png","ImagePath":"SpriteOutput/LightConeMaxFigures/21040.png","ItemRightPanelOffset":[0,-94,0.69],"AvatarDetailOffset":[0,-85,1.06],"BattleDialogOffset":[0,0,1],"GachaResultOffset":[0,0,1]},"21041":{"EquipmentID":21041,"Release":true,"EquipmentName":{"Hash":-973364449},"EquipmentDesc":{"Hash":371857150},"Rarity":"CombatPowerLightconeRarity4","AvatarBaseType":"Warlock","MaxPromotion":6,"MaxRank":5,"ExpType":2,"SkillID":21041,"ExpProvide":12000,"CoinCost":6000,"RankUpCostList":[],"ThumbnailPath":"SpriteOutput/LightConeMediumIcon/21041.png","ImagePath":"SpriteOutput/LightConeMaxFigures/21041.png","ItemRightPanelOffset":[0,80,0.72],"AvatarDetailOffset":[0,83,1.1],"BattleDialogOffset":[0,0,1],"GachaResultOffset":[0,0,1]},"21042":{"EquipmentID":21042,"Release":true,"EquipmentName":{"Hash":-973364446},"EquipmentDesc":{"Hash":371857150},"Rarity":"CombatPowerLightconeRarity4","AvatarBaseType":"Warrior","MaxPromotion":6,"MaxRank":5,"ExpType":2,"SkillID":21042,"ExpProvide":12000,"CoinCost":6000,"RankUpCostList":[],"ThumbnailPath":"SpriteOutput/LightConeMediumIcon/21042.png","ImagePath":"SpriteOutput/LightConeMaxFigures/21042.png","ItemRightPanelOffset":[0,-70,0.68],"AvatarDetailOffset":[0,-54,1.02],"BattleDialogOffset":[0,0,1],"GachaResultOffset":[0,0,1]},"21043":{"EquipmentID":21043,"Release":true,"EquipmentName":{"Hash":-973364447},"EquipmentDesc":{"Hash":371857150},"Rarity":"CombatPowerLightconeRarity4","AvatarBaseType":"Knight","MaxPromotion":6,"MaxRank":5,"ExpType":2,"SkillID":21043,"ExpProvide":12000,"CoinCost":6000,"RankUpCostList":[],"ThumbnailPath":"SpriteOutput/LightConeMediumIcon/21043.png","ImagePath":"SpriteOutput/LightConeMaxFigures/21043.png","ItemRightPanelOffset":[46,-44,0.85],"AvatarDetailOffset":[45,-30,1.3],"BattleDialogOffset":[0,0,1],"GachaResultOffset":[0,0,1]},"21044":{"EquipmentID":21044,"Release":true,"EquipmentName":{"Hash":-973364452},"EquipmentDesc":{"Hash":371857150},"Rarity":"CombatPowerLightconeRarity4","AvatarBaseType":"Warlock","MaxPromotion":6,"MaxRank":5,"ExpType":2,"SkillID":21044,"ExpProvide":12000,"CoinCost":6000,"RankUpCostList":[],"ThumbnailPath":"SpriteOutput/LightConeMediumIcon/21044.png","ImagePath":"SpriteOutput/LightConeMaxFigures/21044.png","ItemRightPanelOffset":[-51,-244,1.12],"AvatarDetailOffset":[-45,-200,1.6],"BattleDialogOffset":[0,0,1],"GachaResultOffset":[0,0,1]},"21045":{"EquipmentID":21045,"Release":true,"EquipmentName":{"Hash":-973364453},"EquipmentDesc":{"Hash":371857150},"Rarity":"CombatPowerLightconeRarity4","AvatarBaseType":"Mage","MaxPromotion":6,"MaxRank":5,"ExpType":2,"SkillID":21045,"ExpProvide":12000,"CoinCost":6000,"RankUpCostList":[],"ThumbnailPath":"SpriteOutput/LightConeMediumIcon/21045.png","ImagePath":"SpriteOutput/LightConeMaxFigures/21045.png","ItemRightPanelOffset":[-84,-193,1],"AvatarDetailOffset":[-66,-164,1.44],"BattleDialogOffset":[0,0,1],"GachaResultOffset":[0,0,1]},"21046":{"EquipmentID":21046,"Release":true,"EquipmentName":{"Hash":-973364450},"EquipmentDesc":{"Hash":371857150},"Rarity":"CombatPowerLightconeRarity4","AvatarBaseType":"Shaman","MaxPromotion":6,"MaxRank":5,"ExpType":2,"SkillID":21046,"ExpProvide":12000,"CoinCost":6000,"RankUpCostList":[],"ThumbnailPath":"SpriteOutput/LightConeMediumIcon/21046.png","ImagePath":"SpriteOutput/LightConeMaxFigures/21046.png","ItemRightPanelOffset":[8,-134,0.74],"AvatarDetailOffset":[8,-126,1.15],"BattleDialogOffset":[0,0,1],"GachaResultOffset":[0,0,1]},"21047":{"EquipmentID":21047,"Release":true,"EquipmentName":{"Hash":-973364451},"EquipmentDesc":{"Hash":371857150},"Rarity":"CombatPowerLightconeRarity4","AvatarBaseType":"Rogue","MaxPromotion":6,"MaxRank":5,"ExpType":2,"SkillID":21047,"ExpProvide":12000,"CoinCost":6000,"RankUpCostList":[],"ThumbnailPath":"SpriteOutput/LightConeMediumIcon/21047.png","ImagePath":"SpriteOutput/LightConeMaxFigures/21047.png","ItemRightPanelOffset":[-34,-161,0.9],"AvatarDetailOffset":[-28,-147,1.4],"BattleDialogOffset":[0,0,1],"GachaResultOffset":[0,0,1]},"22000":{"EquipmentID":22000,"Release":true,"EquipmentName":{"Hash":-516377539},"EquipmentDesc":{"Hash":371857150},"Rarity":"CombatPowerLightconeRarity4","AvatarBaseType":"Warlock","MaxPromotion":6,"MaxRank":5,"ExpType":2,"SkillID":22000,"ExpProvide":12000,"CoinCost":6000,"RankUpCostList":[121000],"ThumbnailPath":"SpriteOutput/LightConeMediumIcon/22000.png","ImagePath":"SpriteOutput/LightConeMaxFigures/22000.png","ItemRightPanelOffset":[-11,-30,0.8],"AvatarDetailOffset":[-18,-20,1.15],"BattleDialogOffset":[0,0,1],"GachaResultOffset":[0,0,1]},"22001":{"EquipmentID":22001,"Release":true,"EquipmentName":{"Hash":-516377540},"EquipmentDesc":{"Hash":371857150},"Rarity":"CombatPowerLightconeRarity4","AvatarBaseType":"Priest","MaxPromotion":6,"MaxRank":5,"ExpType":2,"SkillID":22001,"ExpProvide":12000,"CoinCost":6000,"RankUpCostList":[121001],"ThumbnailPath":"SpriteOutput/LightConeMediumIcon/22001.png","ImagePath":"SpriteOutput/LightConeMaxFigures/22001.png","ItemRightPanelOffset":[0,-62,0.75],"AvatarDetailOffset":[0,-47,1.1],"BattleDialogOffset":[0,0,1],"GachaResultOffset":[0,0,1]},"22002":{"EquipmentID":22002,"Release":true,"EquipmentName":{"Hash":-516377537},"EquipmentDesc":{"Hash":371857150},"Rarity":"CombatPowerLightconeRarity4","AvatarBaseType":"Shaman","MaxPromotion":6,"MaxRank":5,"ExpType":2,"SkillID":22002,"ExpProvide":12000,"CoinCost":6000,"RankUpCostList":[121002],"ThumbnailPath":"SpriteOutput/LightConeMediumIcon/22002.png","ImagePath":"SpriteOutput/LightConeMaxFigures/22002.png","ItemRightPanelOffset":[-14,-217,1.25],"AvatarDetailOffset":[-15,-184,1.8],"BattleDialogOffset":[0,0,1],"GachaResultOffset":[0,0,1]},"23000":{"EquipmentID":23000,"Release":true,"EquipmentName":{"Hash":1069909378},"EquipmentDesc":{"Hash":371857150},"Rarity":"CombatPowerLightconeRarity5","AvatarBaseType":"Mage","MaxPromotion":6,"MaxRank":5,"ExpType":3,"SkillID":23000,"ExpProvide":60000,"CoinCost":30000,"RankUpCostList":[],"ThumbnailPath":"SpriteOutput/LightConeMediumIcon/23000.png","ImagePath":"SpriteOutput/LightConeMaxFigures/23000.png","ItemRightPanelOffset":[0,-143,0.7],"AvatarDetailOffset":[0,-158,1.15],"BattleDialogOffset":[0,0,0.75],"GachaResultOffset":[-3,-96,1.09]},"23001":{"EquipmentID":23001,"Release":true,"EquipmentName":{"Hash":1069909377},"EquipmentDesc":{"Hash":371857150},"Rarity":"CombatPowerLightconeRarity5","AvatarBaseType":"Rogue","MaxPromotion":6,"MaxRank":5,"ExpType":3,"SkillID":23001,"ExpProvide":60000,"CoinCost":30000,"RankUpCostList":[],"ThumbnailPath":"SpriteOutput/LightConeMediumIcon/23001.png","ImagePath":"SpriteOutput/LightConeMaxFigures/23001.png","ItemRightPanelOffset":[0,-118,0.7],"AvatarDetailOffset":[0,-133,1.15],"BattleDialogOffset":[44,0,0.6],"GachaResultOffset":[49,-68,0.981]},"23002":{"EquipmentID":23002,"Release":true,"EquipmentName":{"Hash":1069909380},"EquipmentDesc":{"Hash":371857150},"Rarity":"CombatPowerLightconeRarity5","AvatarBaseType":"Warrior","MaxPromotion":6,"MaxRank":5,"ExpType":3,"SkillID":23002,"ExpProvide":60000,"CoinCost":30000,"RankUpCostList":[],"ThumbnailPath":"SpriteOutput/LightConeMediumIcon/23002.png","ImagePath":"SpriteOutput/LightConeMaxFigures/23002.png","ItemRightPanelOffset":[0,-122,0.7],"AvatarDetailOffset":[0,-126,1.15],"BattleDialogOffset":[-12,-40,0.75],"GachaResultOffset":[4,-43,0.7085]},"23003":{"EquipmentID":23003,"Release":true,"EquipmentName":{"Hash":1069909379},"EquipmentDesc":{"Hash":371857150},"Rarity":"CombatPowerLightconeRarity5","AvatarBaseType":"Shaman","MaxPromotion":6,"MaxRank":5,"ExpType":3,"SkillID":23003,"ExpProvide":60000,"CoinCost":30000,"RankUpCostList":[],"ThumbnailPath":"SpriteOutput/LightConeMediumIcon/23003.png","ImagePath":"SpriteOutput/LightConeMaxFigures/23003.png","ItemRightPanelOffset":[0,-58,0.7],"AvatarDetailOffset":[0,-50,1.15],"BattleDialogOffset":[15,-24,0.75],"GachaResultOffset":[7,6,0.763]},"23004":{"EquipmentID":23004,"Release":true,"EquipmentName":{"Hash":1069909374},"EquipmentDesc":{"Hash":371857150},"Rarity":"CombatPowerLightconeRarity5","AvatarBaseType":"Warlock","MaxPromotion":6,"MaxRank":5,"ExpType":3,"SkillID":23004,"ExpProvide":60000,"CoinCost":30000,"RankUpCostList":[],"ThumbnailPath":"SpriteOutput/LightConeMediumIcon/23004.png","ImagePath":"SpriteOutput/LightConeMaxFigures/23004.png","ItemRightPanelOffset":[0,-137,0.7],"AvatarDetailOffset":[0,-168,1.15],"BattleDialogOffset":[-22,0,0.6],"GachaResultOffset":[-18,-45,0.6758]},"23005":{"EquipmentID":23005,"Release":true,"EquipmentName":{"Hash":1069909373},"EquipmentDesc":{"Hash":371857150},"Rarity":"CombatPowerLightconeRarity5","AvatarBaseType":"Knight","MaxPromotion":6,"MaxRank":5,"ExpType":3,"SkillID":23005,"ExpProvide":60000,"CoinCost":30000,"RankUpCostList":[],"ThumbnailPath":"SpriteOutput/LightConeMediumIcon/23005.png","ImagePath":"SpriteOutput/LightConeMaxFigures/23005.png","ItemRightPanelOffset":[0,-140,0.7],"AvatarDetailOffset":[0,-145,1.15],"BattleDialogOffset":[-22,0,0.6],"GachaResultOffset":[-36,-51,0.7412]},"23006":{"EquipmentID":23006,"Release":true,"EquipmentName":{"Hash":1069909376},"EquipmentDesc":{"Hash":371857150},"Rarity":"CombatPowerLightconeRarity5","AvatarBaseType":"Warlock","MaxPromotion":6,"MaxRank":5,"ExpType":3,"SkillID":23006,"ExpProvide":60000,"CoinCost":30000,"RankUpCostList":[],"ThumbnailPath":"SpriteOutput/LightConeMediumIcon/23006.png","ImagePath":"SpriteOutput/LightConeMaxFigures/23006.png","ItemRightPanelOffset":[0,-100,0.7],"AvatarDetailOffset":[0,-76,1.15],"BattleDialogOffset":[0,0,0.55],"GachaResultOffset":[0,-5,0.5777]},"23007":{"EquipmentID":23007,"Release":true,"EquipmentName":{"Hash":1069909375},"EquipmentDesc":{"Hash":371857150},"Rarity":"CombatPowerLightconeRarity5","AvatarBaseType":"Warlock","MaxPromotion":6,"MaxRank":5,"ExpType":3,"SkillID":23007,"ExpProvide":60000,"CoinCost":30000,"RankUpCostList":[],"ThumbnailPath":"SpriteOutput/LightConeMediumIcon/23007.png","ImagePath":"SpriteOutput/LightConeMaxFigures/23007.png","ItemRightPanelOffset":[0,-60,0.7],"AvatarDetailOffset":[0,-68,1.15],"BattleDialogOffset":[0,-68,1.15],"GachaResultOffset":[-20,1,0.4905]},"23008":{"EquipmentID":23008,"Release":true,"EquipmentName":{"Hash":1069909370},"EquipmentDesc":{"Hash":371857150},"Rarity":"CombatPowerLightconeRarity5","AvatarBaseType":"Priest","MaxPromotion":6,"MaxRank":5,"ExpType":3,"SkillID":23008,"ExpProvide":60000,"CoinCost":30000,"RankUpCostList":[],"ThumbnailPath":"SpriteOutput/LightConeMediumIcon/23008.png","ImagePath":"SpriteOutput/LightConeMaxFigures/23008.png","ItemRightPanelOffset":[0,-126,0.7],"AvatarDetailOffset":[0,-120,1.15],"BattleDialogOffset":[33,0,0.55],"GachaResultOffset":[35,-25,0.5668]},"23009":{"EquipmentID":23009,"Release":true,"EquipmentName":{"Hash":1069909369},"EquipmentDesc":{"Hash":371857150},"Rarity":"CombatPowerLightconeRarity5","AvatarBaseType":"Warrior","MaxPromotion":6,"MaxRank":5,"ExpType":3,"SkillID":23009,"ExpProvide":60000,"CoinCost":30000,"RankUpCostList":[],"ThumbnailPath":"SpriteOutput/LightConeMediumIcon/23009.png","ImagePath":"SpriteOutput/LightConeMaxFigures/23009.png","ItemRightPanelOffset":[0,-172,0.7],"AvatarDetailOffset":[0,-175,1.15],"BattleDialogOffset":[32,-63,0.75],"GachaResultOffset":[-80,-84,0.872]},"23010":{"EquipmentID":23010,"Release":true,"EquipmentName":{"Hash":-496174563},"EquipmentDesc":{"Hash":371857150},"Rarity":"CombatPowerLightconeRarity5","AvatarBaseType":"Mage","MaxPromotion":6,"MaxRank":5,"ExpType":3,"SkillID":23010,"ExpProvide":60000,"CoinCost":30000,"RankUpCostList":[],"ThumbnailPath":"SpriteOutput/LightConeMediumIcon/23010.png","ImagePath":"SpriteOutput/LightConeMaxFigures/23010.png","ItemRightPanelOffset":[0,-106,0.7],"AvatarDetailOffset":[0,-126,1.15],"BattleDialogOffset":[33,0,0.55],"GachaResultOffset":[-23,-25,0.5995]},"23011":{"EquipmentID":23011,"Release":true,"EquipmentName":{"Hash":-496174564},"EquipmentDesc":{"Hash":371857150},"Rarity":"CombatPowerLightconeRarity5","AvatarBaseType":"Knight","MaxPromotion":6,"MaxRank":5,"ExpType":3,"SkillID":23011,"ExpProvide":60000,"CoinCost":30000,"RankUpCostList":[],"ThumbnailPath":"SpriteOutput/LightConeMediumIcon/23011.png","ImagePath":"SpriteOutput/LightConeMaxFigures/23011.png","ItemRightPanelOffset":[0,-106,0.7],"AvatarDetailOffset":[0,-106,1.15],"BattleDialogOffset":[0,0,1],"GachaResultOffset":[0,0,1]},"23012":{"EquipmentID":23012,"Release":true,"EquipmentName":{"Hash":-496174561},"EquipmentDesc":{"Hash":371857150},"Rarity":"CombatPowerLightconeRarity5","AvatarBaseType":"Rogue","MaxPromotion":6,"MaxRank":5,"ExpType":3,"SkillID":23012,"ExpProvide":60000,"CoinCost":30000,"RankUpCostList":[],"ThumbnailPath":"SpriteOutput/LightConeMediumIcon/23012.png","ImagePath":"SpriteOutput/LightConeMaxFigures/23012.png","ItemRightPanelOffset":[0,15,0.7],"AvatarDetailOffset":[0,15,1.15],"BattleDialogOffset":[0,0,1],"GachaResultOffset":[0,0,1]},"23013":{"EquipmentID":23013,"Release":true,"EquipmentName":{"Hash":-496174562},"EquipmentDesc":{"Hash":371857150},"Rarity":"CombatPowerLightconeRarity5","AvatarBaseType":"Priest","MaxPromotion":6,"MaxRank":5,"ExpType":3,"SkillID":23013,"ExpProvide":60000,"CoinCost":30000,"RankUpCostList":[],"ThumbnailPath":"SpriteOutput/LightConeMediumIcon/23013.png","ImagePath":"SpriteOutput/LightConeMaxFigures/23013.png","ItemRightPanelOffset":[0,-115,0.7],"AvatarDetailOffset":[0,-115,1.15],"BattleDialogOffset":[0,0,1],"GachaResultOffset":[0,0,1]},"23014":{"EquipmentID":23014,"Release":true,"EquipmentName":{"Hash":-496174567},"EquipmentDesc":{"Hash":371857150},"Rarity":"CombatPowerLightconeRarity5","AvatarBaseType":"Warrior","MaxPromotion":6,"MaxRank":5,"ExpType":3,"SkillID":23014,"ExpProvide":60000,"CoinCost":30000,"RankUpCostList":[],"ThumbnailPath":"SpriteOutput/LightConeMediumIcon/23014.png","ImagePath":"SpriteOutput/LightConeMaxFigures/23014.png","ItemRightPanelOffset":[-38,-284,1.2],"AvatarDetailOffset":[-37,-260,1.8],"BattleDialogOffset":[0,0,1],"GachaResultOffset":[0,0,1]},"23015":{"EquipmentID":23015,"Release":true,"EquipmentName":{"Hash":-496174568},"EquipmentDesc":{"Hash":371857150},"Rarity":"CombatPowerLightconeRarity5","AvatarBaseType":"Warrior","MaxPromotion":6,"MaxRank":5,"ExpType":3,"SkillID":23015,"ExpProvide":60000,"CoinCost":30000,"RankUpCostList":[],"ThumbnailPath":"SpriteOutput/LightConeMediumIcon/23015.png","ImagePath":"SpriteOutput/LightConeMaxFigures/23015.png","ItemRightPanelOffset":[0,-80,0.7],"AvatarDetailOffset":[0,-75,1],"BattleDialogOffset":[0,0,1],"GachaResultOffset":[0,0,1]},"23016":{"EquipmentID":23016,"Release":true,"EquipmentName":{"Hash":-496174565},"EquipmentDesc":{"Hash":371857150},"Rarity":"CombatPowerLightconeRarity5","AvatarBaseType":"Rogue","MaxPromotion":6,"MaxRank":5,"ExpType":3,"SkillID":23016,"ExpProvide":60000,"CoinCost":30000,"RankUpCostList":[],"ThumbnailPath":"SpriteOutput/LightConeMediumIcon/23016.png","ImagePath":"SpriteOutput/LightConeMaxFigures/23016.png","ItemRightPanelOffset":[15,-235,1.05],"AvatarDetailOffset":[14,-210,1.6],"BattleDialogOffset":[0,0,1],"GachaResultOffset":[0,0,1]},"23017":{"EquipmentID":23017,"Release":true,"EquipmentName":{"Hash":-496174566},"EquipmentDesc":{"Hash":371857150},"Rarity":"CombatPowerLightconeRarity5","AvatarBaseType":"Priest","MaxPromotion":6,"MaxRank":5,"ExpType":3,"SkillID":23017,"ExpProvide":60000,"CoinCost":30000,"RankUpCostList":[],"ThumbnailPath":"SpriteOutput/LightConeMediumIcon/23017.png","ImagePath":"SpriteOutput/LightConeMaxFigures/23017.png","ItemRightPanelOffset":[-10,-90,0.7],"AvatarDetailOffset":[-12,-88,1.1],"BattleDialogOffset":[0,0,1],"GachaResultOffset":[0,0,1]},"23018":{"EquipmentID":23018,"Release":true,"EquipmentName":{"Hash":-496174571},"EquipmentDesc":{"Hash":371857150},"Rarity":"CombatPowerLightconeRarity5","AvatarBaseType":"Mage","MaxPromotion":6,"MaxRank":5,"ExpType":3,"SkillID":23018,"ExpProvide":60000,"CoinCost":30000,"RankUpCostList":[],"ThumbnailPath":"SpriteOutput/LightConeMediumIcon/23018.png","ImagePath":"SpriteOutput/LightConeMaxFigures/23018.png","ItemRightPanelOffset":[-15,-140,0.75],"AvatarDetailOffset":[-1,-111,1.03],"BattleDialogOffset":[0,0,1],"GachaResultOffset":[0,0,1]},"23019":{"EquipmentID":23019,"Release":true,"EquipmentName":{"Hash":-496174572},"EquipmentDesc":{"Hash":371857150},"Rarity":"CombatPowerLightconeRarity5","AvatarBaseType":"Shaman","MaxPromotion":6,"MaxRank":5,"ExpType":3,"SkillID":23019,"ExpProvide":60000,"CoinCost":30000,"RankUpCostList":[],"ThumbnailPath":"SpriteOutput/LightConeMediumIcon/23019.png","ImagePath":"SpriteOutput/LightConeMaxFigures/23019.png","ItemRightPanelOffset":[0,5,0.71],"AvatarDetailOffset":[0,18,1.01],"BattleDialogOffset":[0,0,1],"GachaResultOffset":[0,0,1]},"23020":{"EquipmentID":23020,"Release":true,"EquipmentName":{"Hash":-92890036},"EquipmentDesc":{"Hash":371857150},"Rarity":"CombatPowerLightconeRarity5","AvatarBaseType":"Rogue","MaxPromotion":6,"MaxRank":5,"ExpType":3,"SkillID":23020,"ExpProvide":60000,"CoinCost":30000,"RankUpCostList":[],"ThumbnailPath":"SpriteOutput/LightConeMediumIcon/23020.png","ImagePath":"SpriteOutput/LightConeMaxFigures/23020.png","ItemRightPanelOffset":[0,-70,0.67],"AvatarDetailOffset":[0,-62,1.02],"BattleDialogOffset":[0,0,1],"GachaResultOffset":[0,0,1]},"23021":{"EquipmentID":23021,"Release":true,"EquipmentName":{"Hash":-92890037},"EquipmentDesc":{"Hash":371857150},"Rarity":"CombatPowerLightconeRarity5","AvatarBaseType":"Shaman","MaxPromotion":6,"MaxRank":5,"ExpType":3,"SkillID":23021,"ExpProvide":60000,"CoinCost":30000,"RankUpCostList":[],"ThumbnailPath":"SpriteOutput/LightConeMediumIcon/23021.png","ImagePath":"SpriteOutput/LightConeMaxFigures/23021.png","ItemRightPanelOffset":[8,-173,0.82],"AvatarDetailOffset":[16,-162,1.35],"BattleDialogOffset":[0,0,1],"GachaResultOffset":[0,0,1]},"23022":{"EquipmentID":23022,"Release":true,"EquipmentName":{"Hash":-92890034},"EquipmentDesc":{"Hash":371857150},"Rarity":"CombatPowerLightconeRarity5","AvatarBaseType":"Warlock","MaxPromotion":6,"MaxRank":5,"ExpType":3,"SkillID":23022,"ExpProvide":60000,"CoinCost":30000,"RankUpCostList":[],"ThumbnailPath":"SpriteOutput/LightConeMediumIcon/23022.png","ImagePath":"SpriteOutput/LightConeMaxFigures/23022.png","ItemRightPanelOffset":[8,-132,0.86],"AvatarDetailOffset":[12,-128,1.4],"BattleDialogOffset":[0,0,1],"GachaResultOffset":[0,0,1]},"23023":{"EquipmentID":23023,"Release":true,"EquipmentName":{"Hash":-92890035},"EquipmentDesc":{"Hash":371857150},"Rarity":"CombatPowerLightconeRarity5","AvatarBaseType":"Knight","MaxPromotion":6,"MaxRank":5,"ExpType":3,"SkillID":23023,"ExpProvide":60000,"CoinCost":30000,"RankUpCostList":[],"ThumbnailPath":"SpriteOutput/LightConeMediumIcon/23023.png","ImagePath":"SpriteOutput/LightConeMaxFigures/23023.png","ItemRightPanelOffset":[6,-138,0.71],"AvatarDetailOffset":[4,-130,1.1],"BattleDialogOffset":[0,0,1],"GachaResultOffset":[0,0,1]},"23024":{"EquipmentID":23024,"Release":true,"EquipmentName":{"Hash":-92890040},"EquipmentDesc":{"Hash":371857150},"Rarity":"CombatPowerLightconeRarity5","AvatarBaseType":"Warlock","MaxPromotion":6,"MaxRank":5,"ExpType":3,"SkillID":23024,"ExpProvide":60000,"CoinCost":30000,"RankUpCostList":[],"ThumbnailPath":"SpriteOutput/LightConeMediumIcon/23024.png","ImagePath":"SpriteOutput/LightConeMaxFigures/23024.png","ItemRightPanelOffset":[6,221,1.05],"AvatarDetailOffset":[8,273,1.9],"BattleDialogOffset":[0,0,1],"GachaResultOffset":[0,0,1]},"23025":{"EquipmentID":23025,"Release":true,"EquipmentName":{"Hash":-92890041},"EquipmentDesc":{"Hash":371857150},"Rarity":"CombatPowerLightconeRarity5","AvatarBaseType":"Warrior","MaxPromotion":6,"MaxRank":5,"ExpType":3,"SkillID":23025,"ExpProvide":60000,"CoinCost":30000,"RankUpCostList":[],"ThumbnailPath":"SpriteOutput/LightConeMediumIcon/23025.png","ImagePath":"SpriteOutput/LightConeMaxFigures/23025.png","ItemRightPanelOffset":[9,-135,0.7],"AvatarDetailOffset":[3,-118,1.05],"BattleDialogOffset":[0,0,1],"GachaResultOffset":[0,0,1]},"23026":{"EquipmentID":23026,"Release":true,"EquipmentName":{"Hash":-92890038},"EquipmentDesc":{"Hash":371857150},"Rarity":"CombatPowerLightconeRarity5","AvatarBaseType":"Shaman","MaxPromotion":6,"MaxRank":5,"ExpType":3,"SkillID":23026,"ExpProvide":60000,"CoinCost":30000,"RankUpCostList":[],"ThumbnailPath":"SpriteOutput/LightConeMediumIcon/23026.png","ImagePath":"SpriteOutput/LightConeMaxFigures/23026.png","ItemRightPanelOffset":[0,-96,0.7],"AvatarDetailOffset":[0,-78,1],"BattleDialogOffset":[0,0,1],"GachaResultOffset":[0,0,1]},"23027":{"EquipmentID":23027,"Release":true,"EquipmentName":{"Hash":-92890039},"EquipmentDesc":{"Hash":371857150},"Rarity":"CombatPowerLightconeRarity5","AvatarBaseType":"Rogue","MaxPromotion":6,"MaxRank":5,"ExpType":3,"SkillID":23027,"ExpProvide":60000,"CoinCost":30000,"RankUpCostList":[],"ThumbnailPath":"SpriteOutput/LightConeMediumIcon/23027.png","ImagePath":"SpriteOutput/LightConeMaxFigures/23027.png","ItemRightPanelOffset":[20,-158,0.82],"AvatarDetailOffset":[15,-145,1.25],"BattleDialogOffset":[0,0,1],"GachaResultOffset":[0,0,1]},"23028":{"EquipmentID":23028,"Release":true,"EquipmentName":{"Hash":-92890044},"EquipmentDesc":{"Hash":371857150},"Rarity":"CombatPowerLightconeRarity5","AvatarBaseType":"Mage","MaxPromotion":6,"MaxRank":5,"ExpType":3,"SkillID":23028,"ExpProvide":60000,"CoinCost":30000,"RankUpCostList":[],"ThumbnailPath":"SpriteOutput/LightConeMediumIcon/23028.png","ImagePath":"SpriteOutput/LightConeMaxFigures/23028.png","ItemRightPanelOffset":[4,-160,0.76],"AvatarDetailOffset":[4,-147,1.17],"BattleDialogOffset":[0,0,1],"GachaResultOffset":[0,0,1]},"23029":{"EquipmentID":23029,"Release":true,"EquipmentName":{"Hash":-92890045},"EquipmentDesc":{"Hash":371857150},"Rarity":"CombatPowerLightconeRarity5","AvatarBaseType":"Warlock","MaxPromotion":6,"MaxRank":5,"ExpType":3,"SkillID":23029,"ExpProvide":60000,"CoinCost":30000,"RankUpCostList":[],"ThumbnailPath":"SpriteOutput/LightConeMediumIcon/23029.png","ImagePath":"SpriteOutput/LightConeMaxFigures/23029.png","ItemRightPanelOffset":[-10,-230,1.1],"AvatarDetailOffset":[-16,-218,1.7],"BattleDialogOffset":[0,0,1],"GachaResultOffset":[0,0,1]},"23030":{"EquipmentID":23030,"Release":true,"EquipmentName":{"Hash":-1658973977},"EquipmentDesc":{"Hash":371857150},"Rarity":"CombatPowerLightconeRarity5","AvatarBaseType":"Warrior","MaxPromotion":6,"MaxRank":5,"ExpType":3,"SkillID":23030,"ExpProvide":60000,"CoinCost":30000,"RankUpCostList":[],"ThumbnailPath":"SpriteOutput/LightConeMediumIcon/23030.png","ImagePath":"SpriteOutput/LightConeMaxFigures/23030.png","ItemRightPanelOffset":[-57,-165,1.2],"AvatarDetailOffset":[-62,-149,1.9],"BattleDialogOffset":[0,0,1],"GachaResultOffset":[0,0,1]},"23031":{"EquipmentID":23031,"Release":true,"EquipmentName":{"Hash":-1658973978},"EquipmentDesc":{"Hash":371857150},"Rarity":"CombatPowerLightconeRarity5","AvatarBaseType":"Rogue","MaxPromotion":6,"MaxRank":5,"ExpType":3,"SkillID":23031,"ExpProvide":60000,"CoinCost":30000,"RankUpCostList":[],"ThumbnailPath":"SpriteOutput/LightConeMediumIcon/23031.png","ImagePath":"SpriteOutput/LightConeMaxFigures/23031.png","ItemRightPanelOffset":[82,-216,1.1],"AvatarDetailOffset":[74,-186,1.65],"BattleDialogOffset":[0,0,1],"GachaResultOffset":[0,0,1]},"23032":{"EquipmentID":23032,"Release":true,"EquipmentName":{"Hash":-1658973975},"EquipmentDesc":{"Hash":371857150},"Rarity":"CombatPowerLightconeRarity5","AvatarBaseType":"Priest","MaxPromotion":6,"MaxRank":5,"ExpType":3,"SkillID":23032,"ExpProvide":60000,"CoinCost":30000,"RankUpCostList":[],"ThumbnailPath":"SpriteOutput/LightConeMediumIcon/23032.png","ImagePath":"SpriteOutput/LightConeMaxFigures/23032.png","ItemRightPanelOffset":[-34,-132,0.8],"AvatarDetailOffset":[-33,-121,1.23],"BattleDialogOffset":[0,0,1],"GachaResultOffset":[0,0,1]},"24000":{"EquipmentID":24000,"Release":true,"EquipmentName":{"Hash":330597467},"EquipmentDesc":{"Hash":371857150},"Rarity":"CombatPowerLightconeRarity5","AvatarBaseType":"Warrior","MaxPromotion":6,"MaxRank":5,"ExpType":3,"SkillID":24000,"ExpProvide":60000,"CoinCost":30000,"RankUpCostList":[271],"ThumbnailPath":"SpriteOutput/LightConeMediumIcon/24000.png","ImagePath":"SpriteOutput/LightConeMaxFigures/24000.png","ItemRightPanelOffset":[0,-107,0.7],"AvatarDetailOffset":[0,-122,1.15],"BattleDialogOffset":[0,0,1],"GachaResultOffset":[0,0,1]},"24001":{"EquipmentID":24001,"Release":true,"EquipmentName":{"Hash":330597466},"EquipmentDesc":{"Hash":371857150},"Rarity":"CombatPowerLightconeRarity5","AvatarBaseType":"Rogue","MaxPromotion":6,"MaxRank":5,"ExpType":3,"SkillID":24001,"ExpProvide":60000,"CoinCost":30000,"RankUpCostList":[271],"ThumbnailPath":"SpriteOutput/LightConeMediumIcon/24001.png","ImagePath":"SpriteOutput/LightConeMaxFigures/24001.png","ItemRightPanelOffset":[0,-13,0.7],"AvatarDetailOffset":[20,-9,1.15],"BattleDialogOffset":[0,0,1],"GachaResultOffset":[0,0,1]},"24002":{"EquipmentID":24002,"Release":true,"EquipmentName":{"Hash":330597469},"EquipmentDesc":{"Hash":371857150},"Rarity":"CombatPowerLightconeRarity5","AvatarBaseType":"Knight","MaxPromotion":6,"MaxRank":5,"ExpType":3,"SkillID":24002,"ExpProvide":60000,"CoinCost":30000,"RankUpCostList":[271],"ThumbnailPath":"SpriteOutput/LightConeMediumIcon/24002.png","ImagePath":"SpriteOutput/LightConeMaxFigures/24002.png","ItemRightPanelOffset":[0,-51,0.7],"AvatarDetailOffset":[0,-55,1.15],"BattleDialogOffset":[0,0,1],"GachaResultOffset":[0,0,1]},"24003":{"EquipmentID":24003,"Release":true,"EquipmentName":{"Hash":330597468},"EquipmentDesc":{"Hash":371857150},"Rarity":"CombatPowerLightconeRarity5","AvatarBaseType":"Warlock","MaxPromotion":6,"MaxRank":5,"ExpType":3,"SkillID":24003,"ExpProvide":60000,"CoinCost":30000,"RankUpCostList":[271],"ThumbnailPath":"SpriteOutput/LightConeMediumIcon/24003.png","ImagePath":"SpriteOutput/LightConeMaxFigures/24003.png","ItemRightPanelOffset":[0,-50,0.68],"AvatarDetailOffset":[0,-47,1],"BattleDialogOffset":[0,0,1],"GachaResultOffset":[0,0,1]},"24004":{"EquipmentID":24004,"Release":true,"EquipmentName":{"Hash":330597463},"EquipmentDesc":{"Hash":371857150},"Rarity":"CombatPowerLightconeRarity5","AvatarBaseType":"Mage","MaxPromotion":6,"MaxRank":5,"ExpType":3,"SkillID":24004,"ExpProvide":60000,"CoinCost":30000,"RankUpCostList":[271],"ThumbnailPath":"SpriteOutput/LightConeMediumIcon/24004.png","ImagePath":"SpriteOutput/LightConeMaxFigures/24004.png","ItemRightPanelOffset":[0,-20,0.66],"AvatarDetailOffset":[0,-2.5,1.01],"BattleDialogOffset":[0,0,1],"GachaResultOffset":[0,0,1]}}