{"200001":{"ID":200001,"ItemMainType":"Usable","ItemSubType":"HeadIcon","InventoryDisplayTag":1,"Rarity":"VeryRare","isVisible":true,"ItemName":{"Hash":1676393111},"ItemDesc":{"Hash":371857150},"ItemBGDesc":{"Hash":371857150},"ItemIconPath":"SpriteOutput/AvatarRoundIcon/UI_Message_Contacts_Anonymous.png","ItemFigureIconPath":"","ItemCurrencyIconPath":"","ItemAvatarIconPath":"","PileLimit":1,"UseMethod":"AutoConversionItem","CustomDataList":[],"ReturnItemIDList":[]},"200101":{"ID":200101,"ItemMainType":"Usable","ItemSubType":"HeadIcon","InventoryDisplayTag":1,"Rarity":"SuperRare","isVisible":true,"ItemName":{"Hash":130512146},"ItemDesc":{"Hash":-1303701200},"ItemBGDesc":{"Hash":1204703937},"ItemIconPath":"SpriteOutput/ItemIcon/AvatarHead/IconHeadS1_1001.png","ItemFigureIconPath":"SpriteOutput/ItemFigures/AvatarHead/IconHeadS1_1001.png","ItemCurrencyIconPath":"","ItemAvatarIconPath":"","PileLimit":1,"UseMethod":"AutoConversionItem","CustomDataList":[],"ReturnItemIDList":[]},"200102":{"ID":200102,"ItemMainType":"Usable","ItemSubType":"HeadIcon","InventoryDisplayTag":1,"Rarity":"SuperRare","isVisible":true,"ItemName":{"Hash":-1435571795},"ItemDesc":{"Hash":1425182155},"ItemBGDesc":{"Hash":1607988464},"ItemIconPath":"SpriteOutput/ItemIcon/AvatarHead/IconHeadS1_1002.png","ItemFigureIconPath":"SpriteOutput/ItemFigures/AvatarHead/IconHeadS1_1002.png","ItemCurrencyIconPath":"","ItemAvatarIconPath":"","PileLimit":1,"UseMethod":"AutoConversionItem","CustomDataList":[],"ReturnItemIDList":[]},"200103":{"ID":200103,"ItemMainType":"Usable","ItemSubType":"HeadIcon","InventoryDisplayTag":1,"Rarity":"SuperRare","isVisible":true,"ItemName":{"Hash":1293311560},"ItemDesc":{"Hash":-140901786},"ItemBGDesc":{"Hash":41904523},"ItemIconPath":"SpriteOutput/ItemIcon/AvatarHead/IconHeadS1_1003.png","ItemFigureIconPath":"SpriteOutput/ItemFigures/AvatarHead/IconHeadS1_1003.png","ItemCurrencyIconPath":"","ItemAvatarIconPath":"","PileLimit":1,"UseMethod":"AutoConversionItem","CustomDataList":[],"ReturnItemIDList":[]},"200104":{"ID":200104,"ItemMainType":"Usable","ItemSubType":"HeadIcon","InventoryDisplayTag":1,"Rarity":"SuperRare","isVisible":true,"ItemName":{"Hash":-272772381},"ItemDesc":{"Hash":-2063216087},"ItemBGDesc":{"Hash":445189050},"ItemIconPath":"SpriteOutput/ItemIcon/AvatarHead/IconHeadS1_1004.png","ItemFigureIconPath":"SpriteOutput/ItemFigures/AvatarHead/IconHeadS1_1004.png","ItemCurrencyIconPath":"","ItemAvatarIconPath":"","PileLimit":1,"UseMethod":"AutoConversionItem","CustomDataList":[],"ReturnItemIDList":[]},"200105":{"ID":200105,"ItemMainType":"Usable","ItemSubType":"HeadIcon","InventoryDisplayTag":1,"Rarity":"SuperRare","isVisible":true,"ItemName":{"Hash":-1838856322},"ItemDesc":{"Hash":665667268},"ItemBGDesc":{"Hash":-1120894891},"ItemIconPath":"SpriteOutput/ItemIcon/AvatarHead/IconHeadS1_8001.png","ItemFigureIconPath":"SpriteOutput/ItemFigures/AvatarHead/IconHeadS1_8001.png","ItemCurrencyIconPath":"","ItemAvatarIconPath":"","PileLimit":1,"UseMethod":"AutoConversionItem","CustomDataList":[],"ReturnItemIDList":[]},"200106":{"ID":200106,"ItemMainType":"Usable","ItemSubType":"HeadIcon","InventoryDisplayTag":1,"Rarity":"SuperRare","isVisible":true,"ItemName":{"Hash":890027033},"ItemDesc":{"Hash":-900416673},"ItemBGDesc":{"Hash":-717610364},"ItemIconPath":"SpriteOutput/ItemIcon/AvatarHead/IconHeadS1_8002.png","ItemFigureIconPath":"SpriteOutput/ItemFigures/AvatarHead/IconHeadS1_8002.png","ItemCurrencyIconPath":"","ItemAvatarIconPath":"","PileLimit":1,"UseMethod":"AutoConversionItem","CustomDataList":[],"ReturnItemIDList":[]},"200107":{"ID":200107,"ItemMainType":"Usable","ItemSubType":"HeadIcon","InventoryDisplayTag":1,"Rarity":"SuperRare","isVisible":true,"ItemName":{"Hash":-676056908},"ItemDesc":{"Hash":1828466682},"ItemBGDesc":{"Hash":2011272991},"ItemIconPath":"SpriteOutput/ItemIcon/AvatarHead/IconHead_200107.png","ItemFigureIconPath":"SpriteOutput/ItemFigures/AvatarHead/IconHead_200107.png","ItemCurrencyIconPath":"","ItemAvatarIconPath":"","PileLimit":1,"UseMethod":"AutoConversionItem","CustomDataList":[],"ReturnItemIDList":[]},"200108":{"ID":200108,"ItemMainType":"Usable","ItemSubType":"HeadIcon","InventoryDisplayTag":1,"Rarity":"SuperRare","isVisible":true,"ItemName":{"Hash":2052826447},"ItemDesc":{"Hash":618613101},"ItemBGDesc":{"Hash":-1167949058},"ItemIconPath":"SpriteOutput/ItemIcon/AvatarHead/IconHead_200108.png","ItemFigureIconPath":"SpriteOutput/ItemFigures/AvatarHead/IconHead_200108.png","ItemCurrencyIconPath":"","ItemAvatarIconPath":"","PileLimit":1,"UseMethod":"AutoConversionItem","CustomDataList":[],"ReturnItemIDList":[]},"200109":{"ID":200109,"ItemMainType":"Usable","ItemSubType":"HeadIcon","InventoryDisplayTag":1,"Rarity":"SuperRare","isVisible":true,"ItemName":{"Hash":486742506},"ItemDesc":{"Hash":-947470840},"ItemBGDesc":{"Hash":1560934297},"ItemIconPath":"SpriteOutput/ItemIcon/AvatarHead/IconHead_200109.png","ItemFigureIconPath":"SpriteOutput/ItemFigures/AvatarHead/IconHead_200109.png","ItemCurrencyIconPath":"","ItemAvatarIconPath":"","PileLimit":1,"UseMethod":"AutoConversionItem","CustomDataList":[],"ReturnItemIDList":[]},"200110":{"ID":200110,"ItemMainType":"Usable","ItemSubType":"HeadIcon","InventoryDisplayTag":1,"Rarity":"SuperRare","isVisible":true,"ItemName":{"Hash":1696596088},"ItemDesc":{"Hash":262382742},"ItemBGDesc":{"Hash":-1524179419},"ItemIconPath":"SpriteOutput/ItemIcon/AvatarHead/IconHead_200110.png","ItemFigureIconPath":"SpriteOutput/ItemFigures/AvatarHead/IconHead_200110.png","ItemCurrencyIconPath":"","ItemAvatarIconPath":"","PileLimit":1,"UseMethod":"AutoConversionItem","CustomDataList":[],"ReturnItemIDList":[]},"200111":{"ID":200111,"ItemMainType":"Usable","ItemSubType":"HeadIcon","InventoryDisplayTag":1,"Rarity":"SuperRare","isVisible":true,"ItemName":{"Hash":130512147},"ItemDesc":{"Hash":-1303701199},"ItemBGDesc":{"Hash":1204703936},"ItemIconPath":"SpriteOutput/ItemIcon/AvatarHead/IconHead_200111.png","ItemFigureIconPath":"SpriteOutput/ItemFigures/AvatarHead/IconHead_200111.png","ItemCurrencyIconPath":"","ItemAvatarIconPath":"","PileLimit":1,"UseMethod":"AutoConversionItem","CustomDataList":[],"ReturnItemIDList":[]},"200112":{"ID":200112,"ItemMainType":"Usable","ItemSubType":"HeadIcon","InventoryDisplayTag":1,"Rarity":"SuperRare","isVisible":true,"ItemName":{"Hash":-1435571794},"ItemDesc":{"Hash":1425182156},"ItemBGDesc":{"Hash":1607988463},"ItemIconPath":"SpriteOutput/ItemIcon/AvatarHead/IconHead_200112.png","ItemFigureIconPath":"SpriteOutput/ItemFigures/AvatarHead/IconHead_200112.png","ItemCurrencyIconPath":"","ItemAvatarIconPath":"","PileLimit":1,"UseMethod":"AutoConversionItem","CustomDataList":[],"ReturnItemIDList":[]},"200113":{"ID":200113,"ItemMainType":"Usable","ItemSubType":"HeadIcon","InventoryDisplayTag":1,"Rarity":"SuperRare","isVisible":true,"ItemName":{"Hash":1293311561},"ItemDesc":{"Hash":-140901785},"ItemBGDesc":{"Hash":41904522},"ItemIconPath":"SpriteOutput/ItemIcon/AvatarHead/IconHead_200113.png","ItemFigureIconPath":"SpriteOutput/ItemFigures/AvatarHead/IconHead_200113.png","ItemCurrencyIconPath":"","ItemAvatarIconPath":"","PileLimit":1,"UseMethod":"AutoConversionItem","CustomDataList":[],"ReturnItemIDList":[]},"200114":{"ID":200114,"ItemMainType":"Usable","ItemSubType":"HeadIcon","InventoryDisplayTag":1,"Rarity":"SuperRare","isVisible":true,"ItemName":{"Hash":-272772380},"ItemDesc":{"Hash":-2063216086},"ItemBGDesc":{"Hash":445189049},"ItemIconPath":"SpriteOutput/ItemIcon/AvatarHead/IconHead_200114.png","ItemFigureIconPath":"SpriteOutput/ItemFigures/AvatarHead/IconHead_200114.png","ItemCurrencyIconPath":"","ItemAvatarIconPath":"","PileLimit":1,"UseMethod":"AutoConversionItem","CustomDataList":[],"ReturnItemIDList":[]},"200115":{"ID":200115,"ItemMainType":"Usable","ItemSubType":"HeadIcon","InventoryDisplayTag":1,"Rarity":"SuperRare","isVisible":true,"ItemName":{"Hash":-1838856321},"ItemDesc":{"Hash":665667269},"ItemBGDesc":{"Hash":-1120894892},"ItemIconPath":"SpriteOutput/ItemIcon/AvatarHead/IconHead_200115.png","ItemFigureIconPath":"SpriteOutput/ItemFigures/AvatarHead/IconHead_200115.png","ItemCurrencyIconPath":"","ItemAvatarIconPath":"","PileLimit":1,"UseMethod":"AutoConversionItem","CustomDataList":[],"ReturnItemIDList":[]},"200116":{"ID":200116,"ItemMainType":"Usable","ItemSubType":"HeadIcon","InventoryDisplayTag":1,"Rarity":"SuperRare","isVisible":true,"ItemName":{"Hash":890027034},"ItemDesc":{"Hash":-900416672},"ItemBGDesc":{"Hash":-717610365},"ItemIconPath":"SpriteOutput/ItemIcon/AvatarHead/IconHead_200116.png","ItemFigureIconPath":"SpriteOutput/ItemFigures/AvatarHead/IconHead_200116.png","ItemCurrencyIconPath":"","ItemAvatarIconPath":"","PileLimit":1,"UseMethod":"AutoConversionItem","CustomDataList":[],"ReturnItemIDList":[]},"200117":{"ID":200117,"ItemMainType":"Usable","ItemSubType":"HeadIcon","InventoryDisplayTag":1,"Rarity":"SuperRare","isVisible":true,"ItemName":{"Hash":-676056907},"ItemDesc":{"Hash":1828466683},"ItemBGDesc":{"Hash":2011272990},"ItemIconPath":"SpriteOutput/ItemIcon/AvatarHead/IconHead_200117.png","ItemFigureIconPath":"SpriteOutput/ItemFigures/AvatarHead/IconHead_200117.png","ItemCurrencyIconPath":"","ItemAvatarIconPath":"","PileLimit":1,"UseMethod":"AutoConversionItem","CustomDataList":[],"ReturnItemIDList":[]},"200118":{"ID":200118,"ItemMainType":"Usable","ItemSubType":"HeadIcon","InventoryDisplayTag":1,"Rarity":"SuperRare","isVisible":true,"ItemName":{"Hash":2052826448},"ItemDesc":{"Hash":618613102},"ItemBGDesc":{"Hash":-1167949059},"ItemIconPath":"SpriteOutput/ItemIcon/AvatarHead/IconHead_200118.png","ItemFigureIconPath":"SpriteOutput/ItemFigures/AvatarHead/IconHead_200118.png","ItemCurrencyIconPath":"","ItemAvatarIconPath":"","PileLimit":1,"UseMethod":"AutoConversionItem","CustomDataList":[],"ReturnItemIDList":[]},"200119":{"ID":200119,"ItemMainType":"Usable","ItemSubType":"HeadIcon","InventoryDisplayTag":1,"Rarity":"SuperRare","isVisible":true,"ItemName":{"Hash":486742507},"ItemDesc":{"Hash":-947470839},"ItemBGDesc":{"Hash":1560934296},"ItemIconPath":"SpriteOutput/ItemIcon/AvatarHead/IconHead_200119.png","ItemFigureIconPath":"SpriteOutput/ItemFigures/AvatarHead/IconHead_200119.png","ItemCurrencyIconPath":"","ItemAvatarIconPath":"","PileLimit":1,"UseMethod":"AutoConversionItem","CustomDataList":[],"ReturnItemIDList":[]},"200120":{"ID":200120,"ItemMainType":"Usable","ItemSubType":"HeadIcon","InventoryDisplayTag":1,"Rarity":"SuperRare","isVisible":true,"ItemName":{"Hash":1696596089},"ItemDesc":{"Hash":262382739},"ItemBGDesc":{"Hash":-1524179416},"ItemIconPath":"SpriteOutput/ItemIcon/AvatarHead/IconHead_200120.png","ItemFigureIconPath":"SpriteOutput/ItemFigures/AvatarHead/IconHead_200120.png","ItemCurrencyIconPath":"","ItemAvatarIconPath":"","PileLimit":1,"UseMethod":"AutoConversionItem","CustomDataList":[],"ReturnItemIDList":[]},"200121":{"ID":200121,"ItemMainType":"Usable","ItemSubType":"HeadIcon","InventoryDisplayTag":1,"Rarity":"SuperRare","isVisible":true,"ItemName":{"Hash":130512148},"ItemDesc":{"Hash":-1303701202},"ItemBGDesc":{"Hash":1204703939},"ItemIconPath":"SpriteOutput/ItemIcon/AvatarHead/IconHead_200121.png","ItemFigureIconPath":"SpriteOutput/ItemFigures/AvatarHead/IconHead_200121.png","ItemCurrencyIconPath":"","ItemAvatarIconPath":"","PileLimit":1,"UseMethod":"AutoConversionItem","CustomDataList":[],"ReturnItemIDList":[]},"200122":{"ID":200122,"ItemMainType":"Usable","ItemSubType":"HeadIcon","InventoryDisplayTag":1,"Rarity":"SuperRare","isVisible":true,"ItemName":{"Hash":-1435571793},"ItemDesc":{"Hash":1425182153},"ItemBGDesc":{"Hash":1607988466},"ItemIconPath":"SpriteOutput/ItemIcon/AvatarHead/IconHead_200122.png","ItemFigureIconPath":"SpriteOutput/ItemFigures/AvatarHead/IconHead_200122.png","ItemCurrencyIconPath":"","ItemAvatarIconPath":"","PileLimit":1,"UseMethod":"AutoConversionItem","CustomDataList":[],"ReturnItemIDList":[]},"200123":{"ID":200123,"ItemMainType":"Usable","ItemSubType":"HeadIcon","InventoryDisplayTag":1,"Rarity":"SuperRare","isVisible":true,"ItemName":{"Hash":1293311562},"ItemDesc":{"Hash":-140901788},"ItemBGDesc":{"Hash":41904525},"ItemIconPath":"SpriteOutput/ItemIcon/AvatarHead/IconHead_200123.png","ItemFigureIconPath":"SpriteOutput/ItemFigures/AvatarHead/IconHead_200123.png","ItemCurrencyIconPath":"","ItemAvatarIconPath":"","PileLimit":1,"UseMethod":"AutoConversionItem","CustomDataList":[],"ReturnItemIDList":[]},"200124":{"ID":200124,"ItemMainType":"Usable","ItemSubType":"HeadIcon","InventoryDisplayTag":1,"Rarity":"SuperRare","isVisible":true,"ItemName":{"Hash":-272772379},"ItemDesc":{"Hash":-2063216089},"ItemBGDesc":{"Hash":445189052},"ItemIconPath":"SpriteOutput/ItemIcon/AvatarHead/IconHead_200124.png","ItemFigureIconPath":"SpriteOutput/ItemFigures/AvatarHead/IconHead_200124.png","ItemCurrencyIconPath":"","ItemAvatarIconPath":"","PileLimit":1,"UseMethod":"AutoConversionItem","CustomDataList":[],"ReturnItemIDList":[]},"200125":{"ID":200125,"ItemMainType":"Usable","ItemSubType":"HeadIcon","InventoryDisplayTag":1,"Rarity":"SuperRare","isVisible":true,"ItemName":{"Hash":-1838856320},"ItemDesc":{"Hash":665667266},"ItemBGDesc":{"Hash":-1120894889},"ItemIconPath":"SpriteOutput/ItemIcon/AvatarHead/IconHead_200125.png","ItemFigureIconPath":"SpriteOutput/ItemFigures/AvatarHead/IconHead_200125.png","ItemCurrencyIconPath":"","ItemAvatarIconPath":"","PileLimit":1,"UseMethod":"AutoConversionItem","CustomDataList":[],"ReturnItemIDList":[]},"200126":{"ID":200126,"ItemMainType":"Usable","ItemSubType":"HeadIcon","InventoryDisplayTag":1,"Rarity":"SuperRare","isVisible":true,"ItemName":{"Hash":890027035},"ItemDesc":{"Hash":-900416675},"ItemBGDesc":{"Hash":-717610362},"ItemIconPath":"SpriteOutput/ItemIcon/AvatarHead/IconHead_200126.png","ItemFigureIconPath":"SpriteOutput/ItemFigures/AvatarHead/IconHead_200126.png","ItemCurrencyIconPath":"","ItemAvatarIconPath":"","PileLimit":1,"UseMethod":"AutoConversionItem","CustomDataList":[],"ReturnItemIDList":[]},"202001":{"ID":202001,"ItemMainType":"Usable","ItemSubType":"HeadIcon","InventoryDisplayTag":1,"Rarity":"VeryRare","isVisible":true,"ItemName":{"Hash":1676393177},"ItemDesc":{"Hash":242179699},"ItemBGDesc":{"Hash":-1544382328},"ItemIconPath":"SpriteOutput/ItemIcon/AvatarHead/IconHead_202001.png","ItemFigureIconPath":"SpriteOutput/ItemFigures/AvatarHead/IconHead_202001.png","ItemCurrencyIconPath":"","ItemAvatarIconPath":"","PileLimit":1,"UseMethod":"AutoConversionItem","CustomDataList":[],"ReturnItemIDList":[]},"202002":{"ID":202002,"ItemMainType":"Usable","ItemSubType":"HeadIcon","InventoryDisplayTag":1,"Rarity":"VeryRare","isVisible":true,"ItemName":{"Hash":1273108650},"ItemDesc":{"Hash":-161104828},"ItemBGDesc":{"Hash":21701613},"ItemIconPath":"SpriteOutput/ItemIcon/AvatarHead/IconHead_202002.png","ItemFigureIconPath":"SpriteOutput/ItemFigures/AvatarHead/IconHead_202002.png","ItemCurrencyIconPath":"","ItemAvatarIconPath":"","PileLimit":1,"UseMethod":"AutoConversionItem","CustomDataList":[],"ReturnItemIDList":[]},"202003":{"ID":202003,"ItemMainType":"Usable","ItemSubType":"HeadIcon","InventoryDisplayTag":1,"Rarity":"VeryRare","isVisible":true,"ItemName":{"Hash":-1455774705},"ItemDesc":{"Hash":1404979113},"ItemBGDesc":{"Hash":1587785554},"ItemIconPath":"SpriteOutput/ItemIcon/AvatarHead/IconHead_202003.png","ItemFigureIconPath":"SpriteOutput/ItemFigures/AvatarHead/IconHead_202003.png","ItemCurrencyIconPath":"","ItemAvatarIconPath":"","PileLimit":1,"UseMethod":"AutoConversionItem","CustomDataList":[],"ReturnItemIDList":[]},"202004":{"ID":202004,"ItemMainType":"Usable","ItemSubType":"HeadIcon","InventoryDisplayTag":1,"Rarity":"VeryRare","isVisible":true,"ItemName":{"Hash":-1859059232},"ItemDesc":{"Hash":645464226},"ItemBGDesc":{"Hash":-1141097801},"ItemIconPath":"SpriteOutput/ItemIcon/AvatarHead/IconHead_202004.png","ItemFigureIconPath":"SpriteOutput/ItemFigures/AvatarHead/IconHead_202004.png","ItemCurrencyIconPath":"","ItemAvatarIconPath":"","PileLimit":1,"UseMethod":"AutoConversionItem","CustomDataList":[],"ReturnItemIDList":[]},"202005":{"ID":202005,"ItemMainType":"Usable","ItemSubType":"HeadIcon","InventoryDisplayTag":1,"Rarity":"VeryRare","isVisible":true,"ItemName":{"Hash":-292975291},"ItemDesc":{"Hash":-2083419129},"ItemBGDesc":{"Hash":424986140},"ItemIconPath":"SpriteOutput/ItemIcon/AvatarHead/IconHead_202005.png","ItemFigureIconPath":"SpriteOutput/ItemFigures/AvatarHead/IconHead_202005.png","ItemCurrencyIconPath":"","ItemAvatarIconPath":"","PileLimit":1,"UseMethod":"AutoConversionItem","CustomDataList":[],"ReturnItemIDList":[]},"202006":{"ID":202006,"ItemMainType":"Usable","ItemSubType":"HeadIcon","InventoryDisplayTag":1,"Rarity":"VeryRare","isVisible":true,"ItemName":{"Hash":-696259818},"ItemDesc":{"Hash":1808263640},"ItemBGDesc":{"Hash":1991070081},"ItemIconPath":"SpriteOutput/ItemIcon/AvatarHead/IconHead_202006.png","ItemFigureIconPath":"SpriteOutput/ItemFigures/AvatarHead/IconHead_202006.png","ItemCurrencyIconPath":"","ItemAvatarIconPath":"","PileLimit":1,"UseMethod":"AutoConversionItem","CustomDataList":[],"ReturnItemIDList":[]},"202007":{"ID":202007,"ItemMainType":"Usable","ItemSubType":"HeadIcon","InventoryDisplayTag":1,"Rarity":"VeryRare","isVisible":true,"ItemName":{"Hash":869824123},"ItemDesc":{"Hash":371857150},"ItemBGDesc":{"Hash":-737813274},"ItemIconPath":"SpriteOutput/ItemIcon/AvatarHead/IconHead_202007.png","ItemFigureIconPath":"SpriteOutput/ItemFigures/AvatarHead/IconHead_202007.png","ItemCurrencyIconPath":"","ItemAvatarIconPath":"","PileLimit":999,"UseMethod":"AutoConversionItem","CustomDataList":[],"ReturnItemIDList":[]},"202008":{"ID":202008,"ItemMainType":"Usable","ItemSubType":"HeadIcon","InventoryDisplayTag":1,"Rarity":"VeryRare","isVisible":true,"ItemName":{"Hash":466539596},"ItemDesc":{"Hash":-967673882},"ItemBGDesc":{"Hash":1540731387},"ItemIconPath":"SpriteOutput/ItemIcon/AvatarHead/IconHead_202008.png","ItemFigureIconPath":"SpriteOutput/ItemFigures/AvatarHead/IconHead_202008.png","ItemCurrencyIconPath":"","ItemAvatarIconPath":"","PileLimit":1,"UseMethod":"AutoConversionItem","CustomDataList":[],"ReturnItemIDList":[]},"202009":{"ID":202009,"ItemMainType":"Usable","ItemSubType":"HeadIcon","InventoryDisplayTag":1,"Rarity":"VeryRare","isVisible":true,"ItemName":{"Hash":2032623537},"ItemDesc":{"Hash":598410059},"ItemBGDesc":{"Hash":-1188151968},"ItemIconPath":"SpriteOutput/ItemIcon/AvatarHead/IconHead_202009.png","ItemFigureIconPath":"SpriteOutput/ItemFigures/AvatarHead/IconHead_202009.png","ItemCurrencyIconPath":"","ItemAvatarIconPath":"","PileLimit":999,"UseMethod":"AutoConversionItem","CustomDataList":[],"ReturnItemIDList":[]},"202010":{"ID":202010,"ItemMainType":"Usable","ItemSubType":"HeadIcon","InventoryDisplayTag":1,"Rarity":"VeryRare","isVisible":true,"ItemName":{"Hash":110309237},"ItemDesc":{"Hash":-1323904241},"ItemBGDesc":{"Hash":1184501026},"ItemIconPath":"SpriteOutput/ItemIcon/AvatarHead/IconHead_202010.png","ItemFigureIconPath":"SpriteOutput/ItemFigures/AvatarHead/IconHead_202010.png","ItemCurrencyIconPath":"","ItemAvatarIconPath":"","PileLimit":999,"UseMethod":"AutoConversionItem","CustomDataList":[],"ReturnItemIDList":[]},"202011":{"ID":202011,"ItemMainType":"Usable","ItemSubType":"HeadIcon","InventoryDisplayTag":1,"Rarity":"VeryRare","isVisible":true,"ItemName":{"Hash":1676393178},"ItemDesc":{"Hash":242179700},"ItemBGDesc":{"Hash":-1544382329},"ItemIconPath":"SpriteOutput/ItemIcon/AvatarHead/IconHead_202011.png","ItemFigureIconPath":"SpriteOutput/ItemFigures/AvatarHead/IconHead_202011.png","ItemCurrencyIconPath":"","ItemAvatarIconPath":"","PileLimit":999,"UseMethod":"AutoConversionItem","CustomDataList":[],"ReturnItemIDList":[]},"202012":{"ID":202012,"ItemMainType":"Usable","ItemSubType":"HeadIcon","InventoryDisplayTag":1,"Rarity":"VeryRare","isVisible":true,"ItemName":{"Hash":1273108651},"ItemDesc":{"Hash":-161104827},"ItemBGDesc":{"Hash":21701612},"ItemIconPath":"SpriteOutput/ItemIcon/AvatarHead/IconHead_202012.png","ItemFigureIconPath":"SpriteOutput/ItemFigures/AvatarHead/IconHead_202012.png","ItemCurrencyIconPath":"","ItemAvatarIconPath":"","PileLimit":999,"UseMethod":"AutoConversionItem","CustomDataList":[],"ReturnItemIDList":[]},"202013":{"ID":202013,"ItemMainType":"Usable","ItemSubType":"HeadIcon","InventoryDisplayTag":1,"Rarity":"VeryRare","isVisible":true,"ItemName":{"Hash":-1455774704},"ItemDesc":{"Hash":1404979114},"ItemBGDesc":{"Hash":1587785553},"ItemIconPath":"SpriteOutput/ItemIcon/AvatarHead/IconHead_202013.png","ItemFigureIconPath":"SpriteOutput/ItemFigures/AvatarHead/IconHead_202013.png","ItemCurrencyIconPath":"","ItemAvatarIconPath":"","PileLimit":999,"UseMethod":"AutoConversionItem","CustomDataList":[],"ReturnItemIDList":[]},"202014":{"ID":202014,"ItemMainType":"Usable","ItemSubType":"HeadIcon","InventoryDisplayTag":1,"Rarity":"VeryRare","isVisible":true,"ItemName":{"Hash":-1859059231},"ItemDesc":{"Hash":645464227},"ItemBGDesc":{"Hash":-1141097802},"ItemIconPath":"SpriteOutput/ItemIcon/AvatarHead/IconHead_202014.png","ItemFigureIconPath":"SpriteOutput/ItemFigures/AvatarHead/IconHead_202014.png","ItemCurrencyIconPath":"","ItemAvatarIconPath":"","PileLimit":999,"UseMethod":"AutoConversionItem","CustomDataList":[],"ReturnItemIDList":[]},"202015":{"ID":202015,"ItemMainType":"Usable","ItemSubType":"HeadIcon","InventoryDisplayTag":1,"Rarity":"VeryRare","isVisible":true,"ItemName":{"Hash":-292975290},"ItemDesc":{"Hash":-2083419128},"ItemBGDesc":{"Hash":424986139},"ItemIconPath":"SpriteOutput/ItemIcon/AvatarHead/IconHead_202015.png","ItemFigureIconPath":"SpriteOutput/ItemFigures/AvatarHead/IconHead_202015.png","ItemCurrencyIconPath":"","ItemAvatarIconPath":"","PileLimit":999,"UseMethod":"AutoConversionItem","CustomDataList":[],"ReturnItemIDList":[]},"202016":{"ID":202016,"ItemMainType":"Usable","ItemSubType":"HeadIcon","InventoryDisplayTag":1,"Rarity":"VeryRare","isVisible":true,"ItemName":{"Hash":-696259817},"ItemDesc":{"Hash":1808263641},"ItemBGDesc":{"Hash":1991070080},"ItemIconPath":"SpriteOutput/ItemIcon/AvatarHead/IconHead_202016.png","ItemFigureIconPath":"SpriteOutput/ItemFigures/AvatarHead/IconHead_202016.png","ItemCurrencyIconPath":"","ItemAvatarIconPath":"","PileLimit":999,"UseMethod":"AutoConversionItem","CustomDataList":[],"ReturnItemIDList":[]},"202017":{"ID":202017,"ItemMainType":"Usable","ItemSubType":"HeadIcon","InventoryDisplayTag":1,"Rarity":"VeryRare","isVisible":true,"ItemName":{"Hash":869824124},"ItemDesc":{"Hash":-920619714},"ItemBGDesc":{"Hash":-737813275},"ItemIconPath":"SpriteOutput/ItemIcon/AvatarHead/IconHead_202017.png","ItemFigureIconPath":"SpriteOutput/ItemFigures/AvatarHead/IconHead_202017.png","ItemCurrencyIconPath":"","ItemAvatarIconPath":"","PileLimit":999,"UseMethod":"AutoConversionItem","CustomDataList":[],"ReturnItemIDList":[]},"202018":{"ID":202018,"ItemMainType":"Usable","ItemSubType":"HeadIcon","InventoryDisplayTag":1,"Rarity":"VeryRare","isVisible":true,"ItemName":{"Hash":466539597},"ItemDesc":{"Hash":-967673881},"ItemBGDesc":{"Hash":1540731386},"ItemIconPath":"SpriteOutput/ItemIcon/AvatarHead/IconHead_202018.png","ItemFigureIconPath":"SpriteOutput/ItemFigures/AvatarHead/IconHead_202018.png","ItemCurrencyIconPath":"","ItemAvatarIconPath":"","PileLimit":999,"UseMethod":"AutoConversionItem","CustomDataList":[],"ReturnItemIDList":[]}}