{"201001":{"ID":201001,"ItemMainType":"Usable","ItemSubType":"HeadIcon","InventoryDisplayTag":1,"Rarity":"VeryRare","isVisible":true,"ItemName":{"Hash":1433491488},"ItemDesc":{"Hash":371857150},"ItemBGDesc":{"Hash":371857150},"ItemIconPath":"SpriteOutput/AvatarRoundIcon/Avatar/1001.png","ItemFigureIconPath":"","ItemCurrencyIconPath":"","ItemAvatarIconPath":"","PileLimit":1,"UseMethod":"AutoConversionItem","CustomDataList":[],"ReturnItemIDList":[]},"201002":{"ID":201002,"ItemMainType":"Usable","ItemSubType":"HeadIcon","InventoryDisplayTag":1,"Rarity":"VeryRare","isVisible":true,"ItemName":{"Hash":600782548},"ItemDesc":{"Hash":371857150},"ItemBGDesc":{"Hash":371857150},"ItemIconPath":"SpriteOutput/AvatarRoundIcon/Avatar/1002.png","ItemFigureIconPath":"","ItemCurrencyIconPath":"","ItemAvatarIconPath":"","PileLimit":1,"UseMethod":"AutoConversionItem","CustomDataList":[],"ReturnItemIDList":[]},"201003":{"ID":201003,"ItemMainType":"Usable","ItemSubType":"HeadIcon","InventoryDisplayTag":1,"Rarity":"SuperRare","isVisible":true,"ItemName":{"Hash":600782547},"ItemDesc":{"Hash":371857150},"ItemBGDesc":{"Hash":371857150},"ItemIconPath":"SpriteOutput/AvatarRoundIcon/Avatar/1003.png","ItemFigureIconPath":"","ItemCurrencyIconPath":"","ItemAvatarIconPath":"","PileLimit":1,"UseMethod":"AutoConversionItem","CustomDataList":[],"ReturnItemIDList":[]},"201004":{"ID":201004,"ItemMainType":"Usable","ItemSubType":"HeadIcon","InventoryDisplayTag":1,"Rarity":"SuperRare","isVisible":true,"ItemName":{"Hash":600782542},"ItemDesc":{"Hash":371857150},"ItemBGDesc":{"Hash":371857150},"ItemIconPath":"SpriteOutput/AvatarRoundIcon/Avatar/1004.png","ItemFigureIconPath":"","ItemCurrencyIconPath":"","ItemAvatarIconPath":"","PileLimit":1,"UseMethod":"AutoConversionItem","CustomDataList":[],"ReturnItemIDList":[]},"201005":{"ID":201005,"ItemMainType":"Usable","ItemSubType":"HeadIcon","InventoryDisplayTag":1,"Rarity":"SuperRare","isVisible":true,"ItemName":{"Hash":600782541},"ItemDesc":{"Hash":371857150},"ItemBGDesc":{"Hash":371857150},"ItemIconPath":"SpriteOutput/AvatarRoundIcon/Avatar/1005.png","ItemFigureIconPath":"","ItemCurrencyIconPath":"","ItemAvatarIconPath":"","PileLimit":1,"UseMethod":"AutoConversionItem","CustomDataList":[],"ReturnItemIDList":[]},"201006":{"ID":201006,"ItemMainType":"Usable","ItemSubType":"HeadIcon","InventoryDisplayTag":1,"Rarity":"SuperRare","isVisible":true,"ItemName":{"Hash":600782544},"ItemDesc":{"Hash":371857150},"ItemBGDesc":{"Hash":371857150},"ItemIconPath":"SpriteOutput/AvatarRoundIcon/Avatar/1006.png","ItemFigureIconPath":"","ItemCurrencyIconPath":"","ItemAvatarIconPath":"","PileLimit":1,"UseMethod":"AutoConversionItem","CustomDataList":[],"ReturnItemIDList":[]},"201008":{"ID":201008,"ItemMainType":"Usable","ItemSubType":"HeadIcon","InventoryDisplayTag":1,"Rarity":"VeryRare","isVisible":true,"ItemName":{"Hash":600782554},"ItemDesc":{"Hash":371857150},"ItemBGDesc":{"Hash":371857150},"ItemIconPath":"SpriteOutput/AvatarRoundIcon/Avatar/1008.png","ItemFigureIconPath":"","ItemCurrencyIconPath":"","ItemAvatarIconPath":"","PileLimit":1,"UseMethod":"AutoConversionItem","CustomDataList":[],"ReturnItemIDList":[]},"201009":{"ID":201009,"ItemMainType":"Usable","ItemSubType":"HeadIcon","InventoryDisplayTag":1,"Rarity":"VeryRare","isVisible":true,"ItemName":{"Hash":600782553},"ItemDesc":{"Hash":371857150},"ItemBGDesc":{"Hash":371857150},"ItemIconPath":"SpriteOutput/AvatarRoundIcon/Avatar/1009.png","ItemFigureIconPath":"","ItemCurrencyIconPath":"","ItemAvatarIconPath":"","PileLimit":1,"UseMethod":"AutoConversionItem","CustomDataList":[],"ReturnItemIDList":[]},"201013":{"ID":201013,"ItemMainType":"Usable","ItemSubType":"HeadIcon","InventoryDisplayTag":1,"Rarity":"VeryRare","isVisible":true,"ItemName":{"Hash":-965301394},"ItemDesc":{"Hash":371857150},"ItemBGDesc":{"Hash":371857150},"ItemIconPath":"SpriteOutput/AvatarRoundIcon/Avatar/1013.png","ItemFigureIconPath":"","ItemCurrencyIconPath":"","ItemAvatarIconPath":"","PileLimit":1,"UseMethod":"AutoConversionItem","CustomDataList":[],"ReturnItemIDList":[]},"201101":{"ID":201101,"ItemMainType":"Usable","ItemSubType":"HeadIcon","InventoryDisplayTag":1,"Rarity":"SuperRare","isVisible":true,"ItemName":{"Hash":600782450},"ItemDesc":{"Hash":371857150},"ItemBGDesc":{"Hash":371857150},"ItemIconPath":"SpriteOutput/AvatarRoundIcon/Avatar/1101.png","ItemFigureIconPath":"","ItemCurrencyIconPath":"","ItemAvatarIconPath":"","PileLimit":1,"UseMethod":"AutoConversionItem","CustomDataList":[],"ReturnItemIDList":[]},"201102":{"ID":201102,"ItemMainType":"Usable","ItemSubType":"HeadIcon","InventoryDisplayTag":1,"Rarity":"SuperRare","isVisible":true,"ItemName":{"Hash":600782451},"ItemDesc":{"Hash":371857150},"ItemBGDesc":{"Hash":371857150},"ItemIconPath":"SpriteOutput/AvatarRoundIcon/Avatar/1102.png","ItemFigureIconPath":"","ItemCurrencyIconPath":"","ItemAvatarIconPath":"","PileLimit":1,"UseMethod":"AutoConversionItem","CustomDataList":[],"ReturnItemIDList":[]},"201103":{"ID":201103,"ItemMainType":"Usable","ItemSubType":"HeadIcon","InventoryDisplayTag":1,"Rarity":"VeryRare","isVisible":true,"ItemName":{"Hash":600782452},"ItemDesc":{"Hash":371857150},"ItemBGDesc":{"Hash":371857150},"ItemIconPath":"SpriteOutput/AvatarRoundIcon/Avatar/1103.png","ItemFigureIconPath":"","ItemCurrencyIconPath":"","ItemAvatarIconPath":"","PileLimit":1,"UseMethod":"AutoConversionItem","CustomDataList":[],"ReturnItemIDList":[]},"201104":{"ID":201104,"ItemMainType":"Usable","ItemSubType":"HeadIcon","InventoryDisplayTag":1,"Rarity":"SuperRare","isVisible":true,"ItemName":{"Hash":600782445},"ItemDesc":{"Hash":371857150},"ItemBGDesc":{"Hash":371857150},"ItemIconPath":"SpriteOutput/AvatarRoundIcon/Avatar/1104.png","ItemFigureIconPath":"","ItemCurrencyIconPath":"","ItemAvatarIconPath":"","PileLimit":1,"UseMethod":"AutoConversionItem","CustomDataList":[],"ReturnItemIDList":[]},"201105":{"ID":201105,"ItemMainType":"Usable","ItemSubType":"HeadIcon","InventoryDisplayTag":1,"Rarity":"VeryRare","isVisible":true,"ItemName":{"Hash":600782446},"ItemDesc":{"Hash":371857150},"ItemBGDesc":{"Hash":371857150},"ItemIconPath":"SpriteOutput/AvatarRoundIcon/Avatar/1105.png","ItemFigureIconPath":"","ItemCurrencyIconPath":"","ItemAvatarIconPath":"","PileLimit":1,"UseMethod":"AutoConversionItem","CustomDataList":[],"ReturnItemIDList":[]},"201106":{"ID":201106,"ItemMainType":"Usable","ItemSubType":"HeadIcon","InventoryDisplayTag":1,"Rarity":"VeryRare","isVisible":true,"ItemName":{"Hash":600782447},"ItemDesc":{"Hash":371857150},"ItemBGDesc":{"Hash":371857150},"ItemIconPath":"SpriteOutput/AvatarRoundIcon/Avatar/1106.png","ItemFigureIconPath":"","ItemCurrencyIconPath":"","ItemAvatarIconPath":"","PileLimit":1,"UseMethod":"AutoConversionItem","CustomDataList":[],"ReturnItemIDList":[]},"201107":{"ID":201107,"ItemMainType":"Usable","ItemSubType":"HeadIcon","InventoryDisplayTag":1,"Rarity":"SuperRare","isVisible":true,"ItemName":{"Hash":600782448},"ItemDesc":{"Hash":371857150},"ItemBGDesc":{"Hash":371857150},"ItemIconPath":"SpriteOutput/AvatarRoundIcon/Avatar/1107.png","ItemFigureIconPath":"","ItemCurrencyIconPath":"","ItemAvatarIconPath":"","PileLimit":1,"UseMethod":"AutoConversionItem","CustomDataList":[],"ReturnItemIDList":[]},"201108":{"ID":201108,"ItemMainType":"Usable","ItemSubType":"HeadIcon","InventoryDisplayTag":1,"Rarity":"VeryRare","isVisible":true,"ItemName":{"Hash":600782457},"ItemDesc":{"Hash":371857150},"ItemBGDesc":{"Hash":371857150},"ItemIconPath":"SpriteOutput/AvatarRoundIcon/Avatar/1108.png","ItemFigureIconPath":"","ItemCurrencyIconPath":"","ItemAvatarIconPath":"","PileLimit":1,"UseMethod":"AutoConversionItem","CustomDataList":[],"ReturnItemIDList":[]},"201109":{"ID":201109,"ItemMainType":"Usable","ItemSubType":"HeadIcon","InventoryDisplayTag":1,"Rarity":"VeryRare","isVisible":true,"ItemName":{"Hash":600782458},"ItemDesc":{"Hash":371857150},"ItemBGDesc":{"Hash":371857150},"ItemIconPath":"SpriteOutput/AvatarRoundIcon/Avatar/1109.png","ItemFigureIconPath":"","ItemCurrencyIconPath":"","ItemAvatarIconPath":"","PileLimit":1,"UseMethod":"AutoConversionItem","CustomDataList":[],"ReturnItemIDList":[]},"201110":{"ID":201110,"ItemMainType":"Usable","ItemSubType":"HeadIcon","InventoryDisplayTag":1,"Rarity":"VeryRare","isVisible":true,"ItemName":{"Hash":-965301492},"ItemDesc":{"Hash":371857150},"ItemBGDesc":{"Hash":371857150},"ItemIconPath":"SpriteOutput/AvatarRoundIcon/Avatar/1110.png","ItemFigureIconPath":"","ItemCurrencyIconPath":"","ItemAvatarIconPath":"","PileLimit":1,"UseMethod":"AutoConversionItem","CustomDataList":[],"ReturnItemIDList":[]},"201111":{"ID":201111,"ItemMainType":"Usable","ItemSubType":"HeadIcon","InventoryDisplayTag":1,"Rarity":"VeryRare","isVisible":true,"ItemName":{"Hash":-965301491},"ItemDesc":{"Hash":371857150},"ItemBGDesc":{"Hash":371857150},"ItemIconPath":"SpriteOutput/AvatarRoundIcon/Avatar/1111.png","ItemFigureIconPath":"","ItemCurrencyIconPath":"","ItemAvatarIconPath":"","PileLimit":1,"UseMethod":"AutoConversionItem","CustomDataList":[],"ReturnItemIDList":[]},"201112":{"ID":201112,"ItemMainType":"Usable","ItemSubType":"HeadIcon","InventoryDisplayTag":1,"Rarity":"SuperRare","isVisible":true,"ItemName":{"Hash":-965301490},"ItemDesc":{"Hash":371857150},"ItemBGDesc":{"Hash":371857150},"ItemIconPath":"SpriteOutput/AvatarRoundIcon/Avatar/1112.png","ItemFigureIconPath":"","ItemCurrencyIconPath":"","ItemAvatarIconPath":"","PileLimit":1,"UseMethod":"AutoConversionItem","CustomDataList":[],"ReturnItemIDList":[]},"201201":{"ID":201201,"ItemMainType":"Usable","ItemSubType":"HeadIcon","InventoryDisplayTag":1,"Rarity":"VeryRare","isVisible":true,"ItemName":{"Hash":600782611},"ItemDesc":{"Hash":371857150},"ItemBGDesc":{"Hash":371857150},"ItemIconPath":"SpriteOutput/AvatarRoundIcon/Avatar/1201.png","ItemFigureIconPath":"","ItemCurrencyIconPath":"","ItemAvatarIconPath":"","PileLimit":1,"UseMethod":"AutoConversionItem","CustomDataList":[],"ReturnItemIDList":[]},"201202":{"ID":201202,"ItemMainType":"Usable","ItemSubType":"HeadIcon","InventoryDisplayTag":1,"Rarity":"VeryRare","isVisible":true,"ItemName":{"Hash":600782610},"ItemDesc":{"Hash":371857150},"ItemBGDesc":{"Hash":371857150},"ItemIconPath":"SpriteOutput/AvatarRoundIcon/Avatar/1202.png","ItemFigureIconPath":"","ItemCurrencyIconPath":"","ItemAvatarIconPath":"","PileLimit":1,"UseMethod":"AutoConversionItem","CustomDataList":[],"ReturnItemIDList":[]},"201203":{"ID":201203,"ItemMainType":"Usable","ItemSubType":"HeadIcon","InventoryDisplayTag":1,"Rarity":"SuperRare","isVisible":true,"ItemName":{"Hash":600782609},"ItemDesc":{"Hash":371857150},"ItemBGDesc":{"Hash":371857150},"ItemIconPath":"SpriteOutput/AvatarRoundIcon/Avatar/1203.png","ItemFigureIconPath":"","ItemCurrencyIconPath":"","ItemAvatarIconPath":"","PileLimit":1,"UseMethod":"AutoConversionItem","CustomDataList":[],"ReturnItemIDList":[]},"201204":{"ID":201204,"ItemMainType":"Usable","ItemSubType":"HeadIcon","InventoryDisplayTag":1,"Rarity":"SuperRare","isVisible":true,"ItemName":{"Hash":600782608},"ItemDesc":{"Hash":371857150},"ItemBGDesc":{"Hash":371857150},"ItemIconPath":"SpriteOutput/AvatarRoundIcon/Avatar/1204.png","ItemFigureIconPath":"","ItemCurrencyIconPath":"","ItemAvatarIconPath":"","PileLimit":1,"UseMethod":"AutoConversionItem","CustomDataList":[],"ReturnItemIDList":[]},"201205":{"ID":201205,"ItemMainType":"Usable","ItemSubType":"HeadIcon","InventoryDisplayTag":1,"Rarity":"SuperRare","isVisible":true,"ItemName":{"Hash":600782607},"ItemDesc":{"Hash":371857150},"ItemBGDesc":{"Hash":371857150},"ItemIconPath":"SpriteOutput/AvatarRoundIcon/Avatar/1205.png","ItemFigureIconPath":"","ItemCurrencyIconPath":"","ItemAvatarIconPath":"","PileLimit":1,"UseMethod":"AutoConversionItem","CustomDataList":[],"ReturnItemIDList":[]},"201206":{"ID":201206,"ItemMainType":"Usable","ItemSubType":"HeadIcon","InventoryDisplayTag":1,"Rarity":"VeryRare","isVisible":true,"ItemName":{"Hash":600782606},"ItemDesc":{"Hash":371857150},"ItemBGDesc":{"Hash":371857150},"ItemIconPath":"SpriteOutput/AvatarRoundIcon/Avatar/1206.png","ItemFigureIconPath":"","ItemCurrencyIconPath":"","ItemAvatarIconPath":"","PileLimit":1,"UseMethod":"AutoConversionItem","CustomDataList":[],"ReturnItemIDList":[]},"201207":{"ID":201207,"ItemMainType":"Usable","ItemSubType":"HeadIcon","InventoryDisplayTag":1,"Rarity":"VeryRare","isVisible":true,"ItemName":{"Hash":600782605},"ItemDesc":{"Hash":371857150},"ItemBGDesc":{"Hash":371857150},"ItemIconPath":"SpriteOutput/AvatarRoundIcon/Avatar/1207.png","ItemFigureIconPath":"","ItemCurrencyIconPath":"","ItemAvatarIconPath":"","PileLimit":1,"UseMethod":"AutoConversionItem","CustomDataList":[],"ReturnItemIDList":[]},"201208":{"ID":201208,"ItemMainType":"Usable","ItemSubType":"HeadIcon","InventoryDisplayTag":1,"Rarity":"SuperRare","isVisible":true,"ItemName":{"Hash":600782620},"ItemDesc":{"Hash":371857150},"ItemBGDesc":{"Hash":371857150},"ItemIconPath":"SpriteOutput/AvatarRoundIcon/Avatar/1208.png","ItemFigureIconPath":"","ItemCurrencyIconPath":"","ItemAvatarIconPath":"","PileLimit":1,"UseMethod":"AutoConversionItem","CustomDataList":[],"ReturnItemIDList":[]},"201209":{"ID":201209,"ItemMainType":"Usable","ItemSubType":"HeadIcon","InventoryDisplayTag":1,"Rarity":"SuperRare","isVisible":true,"ItemName":{"Hash":600782619},"ItemDesc":{"Hash":371857150},"ItemBGDesc":{"Hash":371857150},"ItemIconPath":"SpriteOutput/AvatarRoundIcon/Avatar/1209.png","ItemFigureIconPath":"","ItemCurrencyIconPath":"","ItemAvatarIconPath":"","PileLimit":1,"UseMethod":"AutoConversionItem","CustomDataList":[],"ReturnItemIDList":[]},"201210":{"ID":201210,"ItemMainType":"Usable","ItemSubType":"HeadIcon","InventoryDisplayTag":1,"Rarity":"VeryRare","isVisible":true,"ItemName":{"Hash":-965301329},"ItemDesc":{"Hash":371857150},"ItemBGDesc":{"Hash":371857150},"ItemIconPath":"SpriteOutput/AvatarRoundIcon/Avatar/1210.png","ItemFigureIconPath":"","ItemCurrencyIconPath":"","ItemAvatarIconPath":"","PileLimit":1,"UseMethod":"AutoConversionItem","CustomDataList":[],"ReturnItemIDList":[]},"201211":{"ID":201211,"ItemMainType":"Usable","ItemSubType":"HeadIcon","InventoryDisplayTag":1,"Rarity":"SuperRare","isVisible":true,"ItemName":{"Hash":-965301330},"ItemDesc":{"Hash":371857150},"ItemBGDesc":{"Hash":371857150},"ItemIconPath":"SpriteOutput/AvatarRoundIcon/Avatar/1211.png","ItemFigureIconPath":"","ItemCurrencyIconPath":"","ItemAvatarIconPath":"","PileLimit":1,"UseMethod":"AutoConversionItem","CustomDataList":[],"ReturnItemIDList":[]},"201212":{"ID":201212,"ItemMainType":"Usable","ItemSubType":"HeadIcon","InventoryDisplayTag":1,"Rarity":"SuperRare","isVisible":true,"ItemName":{"Hash":-965301331},"ItemDesc":{"Hash":371857150},"ItemBGDesc":{"Hash":371857150},"ItemIconPath":"SpriteOutput/AvatarRoundIcon/Avatar/1212.png","ItemFigureIconPath":"","ItemCurrencyIconPath":"","ItemAvatarIconPath":"","PileLimit":1,"UseMethod":"AutoConversionItem","CustomDataList":[],"ReturnItemIDList":[]},"201213":{"ID":201213,"ItemMainType":"Usable","ItemSubType":"HeadIcon","InventoryDisplayTag":1,"Rarity":"SuperRare","isVisible":true,"ItemName":{"Hash":-965301332},"ItemDesc":{"Hash":371857150},"ItemBGDesc":{"Hash":371857150},"ItemIconPath":"SpriteOutput/AvatarRoundIcon/Avatar/1213.png","ItemFigureIconPath":"","ItemCurrencyIconPath":"","ItemAvatarIconPath":"","PileLimit":1,"UseMethod":"AutoConversionItem","CustomDataList":[],"ReturnItemIDList":[]},"201214":{"ID":201214,"ItemMainType":"Usable","ItemSubType":"HeadIcon","InventoryDisplayTag":1,"Rarity":"VeryRare","isVisible":true,"ItemName":{"Hash":-965301333},"ItemDesc":{"Hash":371857150},"ItemBGDesc":{"Hash":371857150},"ItemIconPath":"SpriteOutput/AvatarRoundIcon/Avatar/1214.png","ItemFigureIconPath":"","ItemCurrencyIconPath":"","ItemAvatarIconPath":"","PileLimit":1,"UseMethod":"AutoConversionItem","CustomDataList":[],"ReturnItemIDList":[]},"201215":{"ID":201215,"ItemMainType":"Usable","ItemSubType":"HeadIcon","InventoryDisplayTag":1,"Rarity":"VeryRare","isVisible":true,"ItemName":{"Hash":-965301334},"ItemDesc":{"Hash":371857150},"ItemBGDesc":{"Hash":371857150},"ItemIconPath":"SpriteOutput/AvatarRoundIcon/Avatar/1215.png","ItemFigureIconPath":"","ItemCurrencyIconPath":"","ItemAvatarIconPath":"","PileLimit":1,"UseMethod":"AutoConversionItem","CustomDataList":[],"ReturnItemIDList":[]},"201217":{"ID":201217,"ItemMainType":"Usable","ItemSubType":"HeadIcon","InventoryDisplayTag":1,"Rarity":"SuperRare","isVisible":true,"ItemName":{"Hash":-965301336},"ItemDesc":{"Hash":371857150},"ItemBGDesc":{"Hash":371857150},"ItemIconPath":"SpriteOutput/AvatarRoundIcon/Avatar/1217.png","ItemFigureIconPath":"","ItemCurrencyIconPath":"","ItemAvatarIconPath":"","PileLimit":1,"UseMethod":"AutoConversionItem","CustomDataList":[],"ReturnItemIDList":[]},"201218":{"ID":201218,"ItemMainType":"Usable","ItemSubType":"HeadIcon","InventoryDisplayTag":1,"Rarity":"SuperRare","isVisible":true,"ItemName":{"Hash":-965301321},"ItemDesc":{"Hash":371857150},"ItemBGDesc":{"Hash":371857150},"ItemIconPath":"SpriteOutput/AvatarRoundIcon/Avatar/1218.png","ItemFigureIconPath":"","ItemCurrencyIconPath":"","ItemAvatarIconPath":"","PileLimit":1,"UseMethod":"AutoConversionItem","CustomDataList":[],"ReturnItemIDList":[]},"201221":{"ID":201221,"ItemMainType":"Usable","ItemSubType":"HeadIcon","InventoryDisplayTag":1,"Rarity":"SuperRare","isVisible":true,"ItemName":{"Hash":-562016803},"ItemDesc":{"Hash":371857150},"ItemBGDesc":{"Hash":371857150},"ItemIconPath":"SpriteOutput/AvatarRoundIcon/Avatar/1221.png","ItemFigureIconPath":"","ItemCurrencyIconPath":"","ItemAvatarIconPath":"","PileLimit":1,"UseMethod":"AutoConversionItem","CustomDataList":[],"ReturnItemIDList":[]},"201224":{"ID":201224,"ItemMainType":"Usable","ItemSubType":"HeadIcon","InventoryDisplayTag":1,"Rarity":"VeryRare","isVisible":true,"ItemName":{"Hash":-1698676455},"ItemDesc":{"Hash":371857150},"ItemBGDesc":{"Hash":371857150},"ItemIconPath":"SpriteOutput/AvatarRoundIcon/Avatar/1224.png","ItemFigureIconPath":"","ItemCurrencyIconPath":"","ItemAvatarIconPath":"","PileLimit":1,"UseMethod":"AutoConversionItem","CustomDataList":[],"ReturnItemIDList":[]},"201301":{"ID":201301,"ItemMainType":"Usable","ItemSubType":"HeadIcon","InventoryDisplayTag":1,"Rarity":"VeryRare","isVisible":true,"ItemName":{"Hash":600782516},"ItemDesc":{"Hash":371857150},"ItemBGDesc":{"Hash":371857150},"ItemIconPath":"SpriteOutput/AvatarRoundIcon/Avatar/1301.png","ItemFigureIconPath":"","ItemCurrencyIconPath":"","ItemAvatarIconPath":"","PileLimit":1,"UseMethod":"AutoConversionItem","CustomDataList":[],"ReturnItemIDList":[]},"201302":{"ID":201302,"ItemMainType":"Usable","ItemSubType":"HeadIcon","InventoryDisplayTag":1,"Rarity":"SuperRare","isVisible":true,"ItemName":{"Hash":600782513},"ItemDesc":{"Hash":371857150},"ItemBGDesc":{"Hash":371857150},"ItemIconPath":"SpriteOutput/AvatarRoundIcon/Avatar/1302.png","ItemFigureIconPath":"","ItemCurrencyIconPath":"","ItemAvatarIconPath":"","PileLimit":1,"UseMethod":"AutoConversionItem","CustomDataList":[],"ReturnItemIDList":[]},"201303":{"ID":201303,"ItemMainType":"Usable","ItemSubType":"HeadIcon","InventoryDisplayTag":1,"Rarity":"SuperRare","isVisible":true,"ItemName":{"Hash":600782514},"ItemDesc":{"Hash":371857150},"ItemBGDesc":{"Hash":371857150},"ItemIconPath":"SpriteOutput/AvatarRoundIcon/Avatar/1303.png","ItemFigureIconPath":"","ItemCurrencyIconPath":"","ItemAvatarIconPath":"","PileLimit":1,"UseMethod":"AutoConversionItem","CustomDataList":[],"ReturnItemIDList":[]},"201304":{"ID":201304,"ItemMainType":"Usable","ItemSubType":"HeadIcon","InventoryDisplayTag":1,"Rarity":"SuperRare","isVisible":true,"ItemName":{"Hash":600782511},"ItemDesc":{"Hash":371857150},"ItemBGDesc":{"Hash":371857150},"ItemIconPath":"SpriteOutput/AvatarRoundIcon/Avatar/1304.png","ItemFigureIconPath":"","ItemCurrencyIconPath":"","ItemAvatarIconPath":"","PileLimit":1,"UseMethod":"AutoConversionItem","CustomDataList":[],"ReturnItemIDList":[]},"201305":{"ID":201305,"ItemMainType":"Usable","ItemSubType":"HeadIcon","InventoryDisplayTag":1,"Rarity":"SuperRare","isVisible":true,"ItemName":{"Hash":600782512},"ItemDesc":{"Hash":371857150},"ItemBGDesc":{"Hash":371857150},"ItemIconPath":"SpriteOutput/AvatarRoundIcon/Avatar/1305.png","ItemFigureIconPath":"","ItemCurrencyIconPath":"","ItemAvatarIconPath":"","PileLimit":1,"UseMethod":"AutoConversionItem","CustomDataList":[],"ReturnItemIDList":[]},"201306":{"ID":201306,"ItemMainType":"Usable","ItemSubType":"HeadIcon","InventoryDisplayTag":1,"Rarity":"SuperRare","isVisible":true,"ItemName":{"Hash":600782509},"ItemDesc":{"Hash":371857150},"ItemBGDesc":{"Hash":371857150},"ItemIconPath":"SpriteOutput/AvatarRoundIcon/Avatar/1306.png","ItemFigureIconPath":"","ItemCurrencyIconPath":"","ItemAvatarIconPath":"","PileLimit":1,"UseMethod":"AutoConversionItem","CustomDataList":[],"ReturnItemIDList":[]},"201307":{"ID":201307,"ItemMainType":"Usable","ItemSubType":"HeadIcon","InventoryDisplayTag":1,"Rarity":"SuperRare","isVisible":true,"ItemName":{"Hash":600782510},"ItemDesc":{"Hash":371857150},"ItemBGDesc":{"Hash":371857150},"ItemIconPath":"SpriteOutput/AvatarRoundIcon/Avatar/1307.png","ItemFigureIconPath":"","ItemCurrencyIconPath":"","ItemAvatarIconPath":"","PileLimit":1,"UseMethod":"AutoConversionItem","CustomDataList":[],"ReturnItemIDList":[]},"201308":{"ID":201308,"ItemMainType":"Usable","ItemSubType":"HeadIcon","InventoryDisplayTag":1,"Rarity":"SuperRare","isVisible":true,"ItemName":{"Hash":600782523},"ItemDesc":{"Hash":371857150},"ItemBGDesc":{"Hash":371857150},"ItemIconPath":"SpriteOutput/AvatarRoundIcon/Avatar/1308.png","ItemFigureIconPath":"","ItemCurrencyIconPath":"","ItemAvatarIconPath":"","PileLimit":1,"UseMethod":"AutoConversionItem","CustomDataList":[],"ReturnItemIDList":[]},"201309":{"ID":201309,"ItemMainType":"Usable","ItemSubType":"HeadIcon","InventoryDisplayTag":1,"Rarity":"SuperRare","isVisible":true,"ItemName":{"Hash":600782524},"ItemDesc":{"Hash":371857150},"ItemBGDesc":{"Hash":371857150},"ItemIconPath":"SpriteOutput/AvatarRoundIcon/Avatar/1309.png","ItemFigureIconPath":"","ItemCurrencyIconPath":"","ItemAvatarIconPath":"","PileLimit":1,"UseMethod":"AutoConversionItem","CustomDataList":[],"ReturnItemIDList":[]},"201310":{"ID":201310,"ItemMainType":"Usable","ItemSubType":"HeadIcon","InventoryDisplayTag":1,"Rarity":"SuperRare","isVisible":true,"ItemName":{"Hash":-965301426},"ItemDesc":{"Hash":371857150},"ItemBGDesc":{"Hash":371857150},"ItemIconPath":"SpriteOutput/AvatarRoundIcon/Avatar/1310.png","ItemFigureIconPath":"","ItemCurrencyIconPath":"","ItemAvatarIconPath":"","PileLimit":1,"UseMethod":"AutoConversionItem","CustomDataList":[],"ReturnItemIDList":[]},"201312":{"ID":201312,"ItemMainType":"Usable","ItemSubType":"HeadIcon","InventoryDisplayTag":1,"Rarity":"VeryRare","isVisible":true,"ItemName":{"Hash":-965301428},"ItemDesc":{"Hash":371857150},"ItemBGDesc":{"Hash":371857150},"ItemIconPath":"SpriteOutput/AvatarRoundIcon/Avatar/1312.png","ItemFigureIconPath":"","ItemCurrencyIconPath":"","ItemAvatarIconPath":"","PileLimit":1,"UseMethod":"AutoConversionItem","CustomDataList":[],"ReturnItemIDList":[]},"201314":{"ID":201314,"ItemMainType":"Usable","ItemSubType":"HeadIcon","InventoryDisplayTag":1,"Rarity":"SuperRare","isVisible":true,"ItemName":{"Hash":-965301430},"ItemDesc":{"Hash":371857150},"ItemBGDesc":{"Hash":371857150},"ItemIconPath":"SpriteOutput/AvatarRoundIcon/Avatar/1314.png","ItemFigureIconPath":"","ItemCurrencyIconPath":"","ItemAvatarIconPath":"","PileLimit":1,"UseMethod":"AutoConversionItem","CustomDataList":[],"ReturnItemIDList":[]},"201315":{"ID":201315,"ItemMainType":"Usable","ItemSubType":"HeadIcon","InventoryDisplayTag":1,"Rarity":"SuperRare","isVisible":true,"ItemName":{"Hash":-965301429},"ItemDesc":{"Hash":371857150},"ItemBGDesc":{"Hash":371857150},"ItemIconPath":"SpriteOutput/AvatarRoundIcon/Avatar/1315.png","ItemFigureIconPath":"","ItemCurrencyIconPath":"","ItemAvatarIconPath":"","PileLimit":1,"UseMethod":"AutoConversionItem","CustomDataList":[],"ReturnItemIDList":[]},"208001":{"ID":208001,"ItemMainType":"Usable","ItemSubType":"HeadIcon","InventoryDisplayTag":1,"Rarity":"SuperRare","isVisible":true,"ItemName":{"Hash":1258829581},"ItemDesc":{"Hash":371857150},"ItemBGDesc":{"Hash":371857150},"ItemIconPath":"SpriteOutput/AvatarRoundIcon/Avatar/8001.png","ItemFigureIconPath":"","ItemCurrencyIconPath":"","ItemAvatarIconPath":"","PileLimit":1,"UseMethod":"AutoConversionItem","CustomDataList":[],"ReturnItemIDList":[]},"208002":{"ID":208002,"ItemMainType":"Usable","ItemSubType":"HeadIcon","InventoryDisplayTag":1,"Rarity":"SuperRare","isVisible":true,"ItemName":{"Hash":1258829580},"ItemDesc":{"Hash":371857150},"ItemBGDesc":{"Hash":371857150},"ItemIconPath":"SpriteOutput/AvatarRoundIcon/Avatar/8002.png","ItemFigureIconPath":"","ItemCurrencyIconPath":"","ItemAvatarIconPath":"","PileLimit":1,"UseMethod":"AutoConversionItem","CustomDataList":[],"ReturnItemIDList":[]},"208003":{"ID":208003,"ItemMainType":"Usable","ItemSubType":"HeadIcon","InventoryDisplayTag":1,"Rarity":"SuperRare","isVisible":true,"ItemName":{"Hash":1258829579},"ItemDesc":{"Hash":371857150},"ItemBGDesc":{"Hash":371857150},"ItemIconPath":"SpriteOutput/AvatarRoundIcon/Avatar/8003.png","ItemFigureIconPath":"","ItemCurrencyIconPath":"","ItemAvatarIconPath":"","PileLimit":1,"UseMethod":"AutoConversionItem","CustomDataList":[],"ReturnItemIDList":[]},"208004":{"ID":208004,"ItemMainType":"Usable","ItemSubType":"HeadIcon","InventoryDisplayTag":1,"Rarity":"SuperRare","isVisible":true,"ItemName":{"Hash":1258829586},"ItemDesc":{"Hash":371857150},"ItemBGDesc":{"Hash":371857150},"ItemIconPath":"SpriteOutput/AvatarRoundIcon/Avatar/8004.png","ItemFigureIconPath":"","ItemCurrencyIconPath":"","ItemAvatarIconPath":"","PileLimit":1,"UseMethod":"AutoConversionItem","CustomDataList":[],"ReturnItemIDList":[]},"208005":{"ID":208005,"ItemMainType":"Usable","ItemSubType":"HeadIcon","InventoryDisplayTag":1,"Rarity":"SuperRare","isVisible":true,"ItemName":{"Hash":1258829585},"ItemDesc":{"Hash":371857150},"ItemBGDesc":{"Hash":371857150},"ItemIconPath":"SpriteOutput/AvatarRoundIcon/Avatar/8005.png","ItemFigureIconPath":"","ItemCurrencyIconPath":"","ItemAvatarIconPath":"","PileLimit":1,"UseMethod":"AutoConversionItem","CustomDataList":[],"ReturnItemIDList":[]},"208006":{"ID":208006,"ItemMainType":"Usable","ItemSubType":"HeadIcon","InventoryDisplayTag":1,"Rarity":"SuperRare","isVisible":true,"ItemName":{"Hash":1258829584},"ItemDesc":{"Hash":371857150},"ItemBGDesc":{"Hash":371857150},"ItemIconPath":"SpriteOutput/AvatarRoundIcon/Avatar/8006.png","ItemFigureIconPath":"","ItemCurrencyIconPath":"","ItemAvatarIconPath":"","PileLimit":1,"UseMethod":"AutoConversionItem","CustomDataList":[],"ReturnItemIDList":[]}}