{"20000":{"ID":20000,"ItemMainType":"Equipment","ItemSubType":"Equipment","InventoryDisplayTag":1,"Rarity":"Rare","isVisible":true,"ItemName":{"Hash":-64638617},"ItemDesc":{"Hash":-674811383},"ItemBGDesc":{"Hash":-43494578},"ItemIconPath":"SpriteOutput/ItemIcon/LightConeIcons/20000.png","ItemFigureIconPath":"SpriteOutput/LightConeMaxFigures/20000.png","ItemCurrencyIconPath":"0","ItemAvatarIconPath":"","PileLimit":9999,"CustomDataList":[],"IsSellable":true,"ReturnItemIDList":[{"ItemID":221,"ItemNum":1}],"SellType":"Sell"},"20001":{"ID":20001,"ItemMainType":"Equipment","ItemSubType":"Equipment","InventoryDisplayTag":1,"Rarity":"Rare","isVisible":true,"ItemName":{"Hash":1501445324},"ItemDesc":{"Hash":891272558},"ItemBGDesc":{"Hash":-1609578519},"ItemIconPath":"SpriteOutput/ItemIcon/LightConeIcons/20001.png","ItemFigureIconPath":"SpriteOutput/LightConeMaxFigures/20001.png","ItemCurrencyIconPath":"0","ItemAvatarIconPath":"","PileLimit":9999,"CustomDataList":[],"IsSellable":true,"ReturnItemIDList":[{"ItemID":221,"ItemNum":1}],"SellType":"Sell"},"20002":{"ID":20002,"ItemMainType":"Equipment","ItemSubType":"Equipment","InventoryDisplayTag":1,"Rarity":"Rare","isVisible":true,"ItemName":{"Hash":1098160797},"ItemDesc":{"Hash":-1837610797},"ItemBGDesc":{"Hash":1119304836},"ItemIconPath":"SpriteOutput/ItemIcon/LightConeIcons/20002.png","ItemFigureIconPath":"SpriteOutput/LightConeMaxFigures/20002.png","ItemCurrencyIconPath":"0","ItemAvatarIconPath":"","PileLimit":9999,"CustomDataList":[],"IsSellable":true,"ReturnItemIDList":[{"ItemID":221,"ItemNum":1}],"SellType":"Sell"},"20003":{"ID":20003,"ItemMainType":"Equipment","ItemSubType":"Equipment","InventoryDisplayTag":1,"Rarity":"Rare","isVisible":true,"ItemName":{"Hash":-1630722558},"ItemDesc":{"Hash":-271526856},"ItemBGDesc":{"Hash":-446779105},"ItemIconPath":"SpriteOutput/ItemIcon/LightConeIcons/20003.png","ItemFigureIconPath":"SpriteOutput/LightConeMaxFigures/20003.png","ItemCurrencyIconPath":"0","ItemAvatarIconPath":"","PileLimit":9999,"CustomDataList":[],"IsSellable":true,"ReturnItemIDList":[{"ItemID":221,"ItemNum":1}],"SellType":"Sell"},"20004":{"ID":20004,"ItemMainType":"Equipment","ItemSubType":"Equipment","InventoryDisplayTag":1,"Rarity":"Rare","isVisible":true,"ItemName":{"Hash":1904729851},"ItemDesc":{"Hash":1294557085},"ItemBGDesc":{"Hash":-2012863046},"ItemIconPath":"SpriteOutput/ItemIcon/LightConeIcons/20004.png","ItemFigureIconPath":"SpriteOutput/LightConeMaxFigures/20004.png","ItemCurrencyIconPath":"0","ItemAvatarIconPath":"","PileLimit":9999,"CustomDataList":[],"IsSellable":true,"ReturnItemIDList":[{"ItemID":221,"ItemNum":1}],"SellType":"Sell"},"20005":{"ID":20005,"ItemMainType":"Equipment","ItemSubType":"Equipment","InventoryDisplayTag":1,"Rarity":"Rare","isVisible":true,"ItemName":{"Hash":-824153504},"ItemDesc":{"Hash":-1434326270},"ItemBGDesc":{"Hash":716020309},"ItemIconPath":"SpriteOutput/ItemIcon/LightConeIcons/20005.png","ItemFigureIconPath":"SpriteOutput/LightConeMaxFigures/20005.png","ItemCurrencyIconPath":"0","ItemAvatarIconPath":"","PileLimit":9999,"CustomDataList":[],"IsSellable":true,"ReturnItemIDList":[{"ItemID":221,"ItemNum":1}],"SellType":"Sell"},"20006":{"ID":20006,"ItemMainType":"Equipment","ItemSubType":"Equipment","InventoryDisplayTag":1,"Rarity":"Rare","isVisible":true,"ItemName":{"Hash":-1227438031},"ItemDesc":{"Hash":131757671},"ItemBGDesc":{"Hash":-850063632},"ItemIconPath":"SpriteOutput/ItemIcon/LightConeIcons/20006.png","ItemFigureIconPath":"SpriteOutput/LightConeMaxFigures/20006.png","ItemCurrencyIconPath":"0","ItemAvatarIconPath":"","PileLimit":9999,"CustomDataList":[],"IsSellable":true,"ReturnItemIDList":[{"ItemID":221,"ItemNum":1}],"SellType":"Sell"},"20007":{"ID":20007,"ItemMainType":"Equipment","ItemSubType":"Equipment","InventoryDisplayTag":1,"Rarity":"Rare","isVisible":true,"ItemName":{"Hash":338645910},"ItemDesc":{"Hash":1697841612},"ItemBGDesc":{"Hash":1878819723},"ItemIconPath":"SpriteOutput/ItemIcon/LightConeIcons/20007.png","ItemFigureIconPath":"SpriteOutput/LightConeMaxFigures/20007.png","ItemCurrencyIconPath":"0","ItemAvatarIconPath":"","PileLimit":9999,"CustomDataList":[],"IsSellable":true,"ReturnItemIDList":[{"ItemID":221,"ItemNum":1}],"SellType":"Sell"},"20008":{"ID":20008,"ItemMainType":"Equipment","ItemSubType":"Equipment","InventoryDisplayTag":1,"Rarity":"Rare","isVisible":true,"ItemName":{"Hash":291591743},"ItemDesc":{"Hash":-318581023},"ItemBGDesc":{"Hash":312735782},"ItemIconPath":"SpriteOutput/ItemIcon/LightConeIcons/20008.png","ItemFigureIconPath":"SpriteOutput/LightConeMaxFigures/20008.png","ItemCurrencyIconPath":"0","ItemAvatarIconPath":"","PileLimit":9999,"CustomDataList":[],"IsSellable":true,"ReturnItemIDList":[{"ItemID":221,"ItemNum":1}],"SellType":"Sell"},"20009":{"ID":20009,"ItemMainType":"Equipment","ItemSubType":"Equipment","InventoryDisplayTag":1,"Rarity":"Rare","isVisible":true,"ItemName":{"Hash":1857675684},"ItemDesc":{"Hash":1247502918},"ItemBGDesc":{"Hash":-1253348159},"ItemIconPath":"SpriteOutput/ItemIcon/LightConeIcons/20009.png","ItemFigureIconPath":"SpriteOutput/LightConeMaxFigures/20009.png","ItemCurrencyIconPath":"0","ItemAvatarIconPath":"","PileLimit":9999,"CustomDataList":[],"IsSellable":true,"ReturnItemIDList":[{"ItemID":221,"ItemNum":1}],"SellType":"Sell"},"20010":{"ID":20010,"ItemMainType":"Equipment","ItemSubType":"Equipment","InventoryDisplayTag":1,"Rarity":"Rare","isVisible":true,"ItemName":{"Hash":-64638618},"ItemDesc":{"Hash":-674811384},"ItemBGDesc":{"Hash":-43494579},"ItemIconPath":"SpriteOutput/ItemIcon/LightConeIcons/20010.png","ItemFigureIconPath":"SpriteOutput/LightConeMaxFigures/20010.png","ItemCurrencyIconPath":"0","ItemAvatarIconPath":"","PileLimit":9999,"CustomDataList":[],"IsSellable":true,"ReturnItemIDList":[{"ItemID":221,"ItemNum":1}],"SellType":"Sell"},"20011":{"ID":20011,"ItemMainType":"Equipment","ItemSubType":"Equipment","InventoryDisplayTag":1,"Rarity":"Rare","isVisible":true,"ItemName":{"Hash":1501445323},"ItemDesc":{"Hash":891272557},"ItemBGDesc":{"Hash":-1609578520},"ItemIconPath":"SpriteOutput/ItemIcon/LightConeIcons/20011.png","ItemFigureIconPath":"SpriteOutput/LightConeMaxFigures/20011.png","ItemCurrencyIconPath":"0","ItemAvatarIconPath":"","PileLimit":9999,"CustomDataList":[],"IsSellable":true,"ReturnItemIDList":[{"ItemID":221,"ItemNum":1}],"SellType":"Sell"},"20012":{"ID":20012,"ItemMainType":"Equipment","ItemSubType":"Equipment","InventoryDisplayTag":1,"Rarity":"Rare","isVisible":true,"ItemName":{"Hash":1098160796},"ItemDesc":{"Hash":-1837610798},"ItemBGDesc":{"Hash":1119304835},"ItemIconPath":"SpriteOutput/ItemIcon/LightConeIcons/20012.png","ItemFigureIconPath":"SpriteOutput/LightConeMaxFigures/20012.png","ItemCurrencyIconPath":"0","ItemAvatarIconPath":"","PileLimit":9999,"CustomDataList":[],"IsSellable":true,"ReturnItemIDList":[{"ItemID":221,"ItemNum":1}],"SellType":"Sell"},"20013":{"ID":20013,"ItemMainType":"Equipment","ItemSubType":"Equipment","InventoryDisplayTag":1,"Rarity":"Rare","isVisible":true,"ItemName":{"Hash":-1630722559},"ItemDesc":{"Hash":-271526857},"ItemBGDesc":{"Hash":-446779106},"ItemIconPath":"SpriteOutput/ItemIcon/LightConeIcons/20013.png","ItemFigureIconPath":"SpriteOutput/LightConeMaxFigures/20013.png","ItemCurrencyIconPath":"0","ItemAvatarIconPath":"","PileLimit":9999,"CustomDataList":[],"IsSellable":true,"ReturnItemIDList":[{"ItemID":221,"ItemNum":1}],"SellType":"Sell"},"20014":{"ID":20014,"ItemMainType":"Equipment","ItemSubType":"Equipment","InventoryDisplayTag":1,"Rarity":"Rare","isVisible":true,"ItemName":{"Hash":1904729850},"ItemDesc":{"Hash":1294557084},"ItemBGDesc":{"Hash":-2012863047},"ItemIconPath":"SpriteOutput/ItemIcon/LightConeIcons/20014.png","ItemFigureIconPath":"SpriteOutput/LightConeMaxFigures/20014.png","ItemCurrencyIconPath":"0","ItemAvatarIconPath":"","PileLimit":9999,"CustomDataList":[],"IsSellable":true,"ReturnItemIDList":[{"ItemID":221,"ItemNum":1}],"SellType":"Sell"},"20015":{"ID":20015,"ItemMainType":"Equipment","ItemSubType":"Equipment","InventoryDisplayTag":1,"Rarity":"Rare","isVisible":true,"ItemName":{"Hash":-824153505},"ItemDesc":{"Hash":-1434326271},"ItemBGDesc":{"Hash":716020308},"ItemIconPath":"SpriteOutput/ItemIcon/LightConeIcons/20015.png","ItemFigureIconPath":"SpriteOutput/LightConeMaxFigures/20015.png","ItemCurrencyIconPath":"0","ItemAvatarIconPath":"","PileLimit":9999,"CustomDataList":[],"IsSellable":true,"ReturnItemIDList":[{"ItemID":221,"ItemNum":1}],"SellType":"Sell"},"20016":{"ID":20016,"ItemMainType":"Equipment","ItemSubType":"Equipment","InventoryDisplayTag":1,"Rarity":"Rare","isVisible":true,"ItemName":{"Hash":-1227438032},"ItemDesc":{"Hash":131757670},"ItemBGDesc":{"Hash":-850063633},"ItemIconPath":"SpriteOutput/ItemIcon/LightConeIcons/20016.png","ItemFigureIconPath":"SpriteOutput/LightConeMaxFigures/20016.png","ItemCurrencyIconPath":"0","ItemAvatarIconPath":"","PileLimit":9999,"CustomDataList":[],"IsSellable":true,"ReturnItemIDList":[{"ItemID":221,"ItemNum":1}],"SellType":"Sell"},"20017":{"ID":20017,"ItemMainType":"Equipment","ItemSubType":"Equipment","InventoryDisplayTag":1,"Rarity":"Rare","isVisible":true,"ItemName":{"Hash":338645909},"ItemDesc":{"Hash":1697841611},"ItemBGDesc":{"Hash":1878819722},"ItemIconPath":"SpriteOutput/ItemIcon/LightConeIcons/20017.png","ItemFigureIconPath":"SpriteOutput/LightConeMaxFigures/20017.png","ItemCurrencyIconPath":"0","ItemAvatarIconPath":"","PileLimit":9999,"CustomDataList":[],"IsSellable":true,"ReturnItemIDList":[{"ItemID":221,"ItemNum":1}],"SellType":"Sell"},"20018":{"ID":20018,"ItemMainType":"Equipment","ItemSubType":"Equipment","InventoryDisplayTag":1,"Rarity":"Rare","isVisible":true,"ItemName":{"Hash":291591742},"ItemDesc":{"Hash":-318581024},"ItemBGDesc":{"Hash":312735781},"ItemIconPath":"SpriteOutput/ItemIcon/LightConeIcons/20018.png","ItemFigureIconPath":"SpriteOutput/LightConeMaxFigures/20018.png","ItemCurrencyIconPath":"0","ItemAvatarIconPath":"","PileLimit":9999,"CustomDataList":[],"IsSellable":true,"ReturnItemIDList":[{"ItemID":221,"ItemNum":1}],"SellType":"Sell"},"20019":{"ID":20019,"ItemMainType":"Equipment","ItemSubType":"Equipment","InventoryDisplayTag":1,"Rarity":"Rare","isVisible":true,"ItemName":{"Hash":1857675683},"ItemDesc":{"Hash":1247502917},"ItemBGDesc":{"Hash":-1253348160},"ItemIconPath":"SpriteOutput/ItemIcon/LightConeIcons/20019.png","ItemFigureIconPath":"SpriteOutput/LightConeMaxFigures/20019.png","ItemCurrencyIconPath":"0","ItemAvatarIconPath":"","PileLimit":9999,"CustomDataList":[],"IsSellable":true,"ReturnItemIDList":[{"ItemID":221,"ItemNum":1}],"SellType":"Sell"},"20020":{"ID":20020,"ItemMainType":"Equipment","ItemSubType":"Equipment","InventoryDisplayTag":1,"Rarity":"Rare","isVisible":true,"ItemName":{"Hash":-64638615},"ItemDesc":{"Hash":-674811381},"ItemBGDesc":{"Hash":-43494580},"ItemIconPath":"SpriteOutput/ItemIcon/LightConeIcons/20020.png","ItemFigureIconPath":"SpriteOutput/LightConeMaxFigures/20020.png","ItemCurrencyIconPath":"0","ItemAvatarIconPath":"","PileLimit":9999,"CustomDataList":[],"IsSellable":true,"ReturnItemIDList":[{"ItemID":221,"ItemNum":1}],"SellType":"Sell"},"21000":{"ID":21000,"ItemMainType":"Equipment","ItemSubType":"Equipment","InventoryDisplayTag":1,"Rarity":"VeryRare","isVisible":true,"ItemName":{"Hash":-64638714},"ItemDesc":{"Hash":-674811480},"ItemBGDesc":{"Hash":-43494547},"ItemIconPath":"SpriteOutput/ItemIcon/LightConeIcons/21000.png","ItemFigureIconPath":"SpriteOutput/LightConeMaxFigures/21000.png","ItemCurrencyIconPath":"0","ItemAvatarIconPath":"","PileLimit":9999,"CustomDataList":[],"ReturnItemIDList":[]},"21001":{"ID":21001,"ItemMainType":"Equipment","ItemSubType":"Equipment","InventoryDisplayTag":1,"Rarity":"VeryRare","isVisible":true,"ItemName":{"Hash":1501445227},"ItemDesc":{"Hash":891272461},"ItemBGDesc":{"Hash":-1609578488},"ItemIconPath":"SpriteOutput/ItemIcon/LightConeIcons/21001.png","ItemFigureIconPath":"SpriteOutput/LightConeMaxFigures/21001.png","ItemCurrencyIconPath":"0","ItemAvatarIconPath":"","PileLimit":9999,"CustomDataList":[],"ReturnItemIDList":[]},"21002":{"ID":21002,"ItemMainType":"Equipment","ItemSubType":"Equipment","InventoryDisplayTag":1,"Rarity":"VeryRare","isVisible":true,"ItemName":{"Hash":1098160700},"ItemDesc":{"Hash":-1837610894},"ItemBGDesc":{"Hash":1119304867},"ItemIconPath":"SpriteOutput/ItemIcon/LightConeIcons/21002.png","ItemFigureIconPath":"SpriteOutput/LightConeMaxFigures/21002.png","ItemCurrencyIconPath":"0","ItemAvatarIconPath":"","PileLimit":9999,"CustomDataList":[],"ReturnItemIDList":[]},"21003":{"ID":21003,"ItemMainType":"Equipment","ItemSubType":"Equipment","InventoryDisplayTag":1,"Rarity":"VeryRare","isVisible":true,"ItemName":{"Hash":-1630722655},"ItemDesc":{"Hash":-271526953},"ItemBGDesc":{"Hash":-446779074},"ItemIconPath":"SpriteOutput/ItemIcon/LightConeIcons/21003.png","ItemFigureIconPath":"SpriteOutput/LightConeMaxFigures/21003.png","ItemCurrencyIconPath":"0","ItemAvatarIconPath":"","PileLimit":9999,"CustomDataList":[],"ReturnItemIDList":[]},"21004":{"ID":21004,"ItemMainType":"Equipment","ItemSubType":"Equipment","InventoryDisplayTag":1,"Rarity":"VeryRare","isVisible":true,"ItemName":{"Hash":1904729754},"ItemDesc":{"Hash":1294556988},"ItemBGDesc":{"Hash":-2012863015},"ItemIconPath":"SpriteOutput/ItemIcon/LightConeIcons/21004.png","ItemFigureIconPath":"SpriteOutput/LightConeMaxFigures/21004.png","ItemCurrencyIconPath":"0","ItemAvatarIconPath":"","PileLimit":9999,"CustomDataList":[],"ReturnItemIDList":[]},"21005":{"ID":21005,"ItemMainType":"Equipment","ItemSubType":"Equipment","InventoryDisplayTag":1,"Rarity":"VeryRare","isVisible":true,"ItemName":{"Hash":-824153601},"ItemDesc":{"Hash":-1434326367},"ItemBGDesc":{"Hash":716020340},"ItemIconPath":"SpriteOutput/ItemIcon/LightConeIcons/21005.png","ItemFigureIconPath":"SpriteOutput/LightConeMaxFigures/21005.png","ItemCurrencyIconPath":"0","ItemAvatarIconPath":"","PileLimit":9999,"CustomDataList":[],"ReturnItemIDList":[]},"21006":{"ID":21006,"ItemMainType":"Equipment","ItemSubType":"Equipment","InventoryDisplayTag":1,"Rarity":"VeryRare","isVisible":true,"ItemName":{"Hash":-1227438128},"ItemDesc":{"Hash":131757574},"ItemBGDesc":{"Hash":-850063601},"ItemIconPath":"SpriteOutput/ItemIcon/LightConeIcons/21006.png","ItemFigureIconPath":"SpriteOutput/LightConeMaxFigures/21006.png","ItemCurrencyIconPath":"0","ItemAvatarIconPath":"","PileLimit":9999,"CustomDataList":[],"ReturnItemIDList":[]},"21007":{"ID":21007,"ItemMainType":"Equipment","ItemSubType":"Equipment","InventoryDisplayTag":1,"Rarity":"VeryRare","isVisible":true,"ItemName":{"Hash":338645813},"ItemDesc":{"Hash":1697841515},"ItemBGDesc":{"Hash":1878819754},"ItemIconPath":"SpriteOutput/ItemIcon/LightConeIcons/21007.png","ItemFigureIconPath":"SpriteOutput/LightConeMaxFigures/21007.png","ItemCurrencyIconPath":"0","ItemAvatarIconPath":"","PileLimit":9999,"CustomDataList":[],"ReturnItemIDList":[]},"21008":{"ID":21008,"ItemMainType":"Equipment","ItemSubType":"Equipment","InventoryDisplayTag":1,"Rarity":"VeryRare","isVisible":true,"ItemName":{"Hash":291591646},"ItemDesc":{"Hash":-318581120},"ItemBGDesc":{"Hash":312735813},"ItemIconPath":"SpriteOutput/ItemIcon/LightConeIcons/21008.png","ItemFigureIconPath":"SpriteOutput/LightConeMaxFigures/21008.png","ItemCurrencyIconPath":"0","ItemAvatarIconPath":"","PileLimit":9999,"CustomDataList":[],"ReturnItemIDList":[]},"21009":{"ID":21009,"ItemMainType":"Equipment","ItemSubType":"Equipment","InventoryDisplayTag":1,"Rarity":"VeryRare","isVisible":true,"ItemName":{"Hash":1857675587},"ItemDesc":{"Hash":1247502821},"ItemBGDesc":{"Hash":-1253348128},"ItemIconPath":"SpriteOutput/ItemIcon/LightConeIcons/21009.png","ItemFigureIconPath":"SpriteOutput/LightConeMaxFigures/21009.png","ItemCurrencyIconPath":"0","ItemAvatarIconPath":"","PileLimit":9999,"CustomDataList":[],"ReturnItemIDList":[]},"21010":{"ID":21010,"ItemMainType":"Equipment","ItemSubType":"Equipment","InventoryDisplayTag":1,"Rarity":"VeryRare","isVisible":true,"ItemName":{"Hash":-64638713},"ItemDesc":{"Hash":-674811479},"ItemBGDesc":{"Hash":-43494546},"ItemIconPath":"SpriteOutput/ItemIcon/LightConeIcons/21010.png","ItemFigureIconPath":"SpriteOutput/LightConeMaxFigures/21010.png","ItemCurrencyIconPath":"0","ItemAvatarIconPath":"","PileLimit":9999,"CustomDataList":[],"ReturnItemIDList":[]},"21011":{"ID":21011,"ItemMainType":"Equipment","ItemSubType":"Equipment","InventoryDisplayTag":1,"Rarity":"VeryRare","isVisible":true,"ItemName":{"Hash":1501445228},"ItemDesc":{"Hash":891272462},"ItemBGDesc":{"Hash":-1609578487},"ItemIconPath":"SpriteOutput/ItemIcon/LightConeIcons/21011.png","ItemFigureIconPath":"SpriteOutput/LightConeMaxFigures/21011.png","ItemCurrencyIconPath":"0","ItemAvatarIconPath":"","PileLimit":9999,"CustomDataList":[],"ReturnItemIDList":[]},"21012":{"ID":21012,"ItemMainType":"Equipment","ItemSubType":"Equipment","InventoryDisplayTag":1,"Rarity":"VeryRare","isVisible":true,"ItemName":{"Hash":1098160701},"ItemDesc":{"Hash":-1837610893},"ItemBGDesc":{"Hash":1119304868},"ItemIconPath":"SpriteOutput/ItemIcon/LightConeIcons/21012.png","ItemFigureIconPath":"SpriteOutput/LightConeMaxFigures/21012.png","ItemCurrencyIconPath":"0","ItemAvatarIconPath":"","PileLimit":9999,"CustomDataList":[],"ReturnItemIDList":[]},"21013":{"ID":21013,"ItemMainType":"Equipment","ItemSubType":"Equipment","InventoryDisplayTag":1,"Rarity":"VeryRare","isVisible":true,"ItemName":{"Hash":-1630722654},"ItemDesc":{"Hash":-271526952},"ItemBGDesc":{"Hash":-446779073},"ItemIconPath":"SpriteOutput/ItemIcon/LightConeIcons/21013.png","ItemFigureIconPath":"SpriteOutput/LightConeMaxFigures/21013.png","ItemCurrencyIconPath":"0","ItemAvatarIconPath":"","PileLimit":9999,"CustomDataList":[],"ReturnItemIDList":[]},"21014":{"ID":21014,"ItemMainType":"Equipment","ItemSubType":"Equipment","InventoryDisplayTag":1,"Rarity":"VeryRare","isVisible":true,"ItemName":{"Hash":1904729755},"ItemDesc":{"Hash":1294556989},"ItemBGDesc":{"Hash":-2012863014},"ItemIconPath":"SpriteOutput/ItemIcon/LightConeIcons/21014.png","ItemFigureIconPath":"SpriteOutput/LightConeMaxFigures/21014.png","ItemCurrencyIconPath":"0","ItemAvatarIconPath":"","PileLimit":9999,"CustomDataList":[],"ReturnItemIDList":[]},"21015":{"ID":21015,"ItemMainType":"Equipment","ItemSubType":"Equipment","InventoryDisplayTag":1,"Rarity":"VeryRare","isVisible":true,"ItemName":{"Hash":-824153600},"ItemDesc":{"Hash":-1434326366},"ItemBGDesc":{"Hash":716020341},"ItemIconPath":"SpriteOutput/ItemIcon/LightConeIcons/21015.png","ItemFigureIconPath":"SpriteOutput/LightConeMaxFigures/21015.png","ItemCurrencyIconPath":"0","ItemAvatarIconPath":"","PileLimit":9999,"CustomDataList":[],"ReturnItemIDList":[]},"21016":{"ID":21016,"ItemMainType":"Equipment","ItemSubType":"Equipment","InventoryDisplayTag":1,"Rarity":"VeryRare","isVisible":true,"ItemName":{"Hash":-1227438127},"ItemDesc":{"Hash":131757575},"ItemBGDesc":{"Hash":-850063600},"ItemIconPath":"SpriteOutput/ItemIcon/LightConeIcons/21016.png","ItemFigureIconPath":"SpriteOutput/LightConeMaxFigures/21016.png","ItemCurrencyIconPath":"0","ItemAvatarIconPath":"","PileLimit":9999,"CustomDataList":[],"ReturnItemIDList":[]},"21017":{"ID":21017,"ItemMainType":"Equipment","ItemSubType":"Equipment","InventoryDisplayTag":1,"Rarity":"VeryRare","isVisible":true,"ItemName":{"Hash":338645814},"ItemDesc":{"Hash":1697841516},"ItemBGDesc":{"Hash":1878819755},"ItemIconPath":"SpriteOutput/ItemIcon/LightConeIcons/21017.png","ItemFigureIconPath":"SpriteOutput/LightConeMaxFigures/21017.png","ItemCurrencyIconPath":"0","ItemAvatarIconPath":"","PileLimit":9999,"CustomDataList":[],"ReturnItemIDList":[]},"21018":{"ID":21018,"ItemMainType":"Equipment","ItemSubType":"Equipment","InventoryDisplayTag":1,"Rarity":"VeryRare","isVisible":true,"ItemName":{"Hash":291591647},"ItemDesc":{"Hash":-318581119},"ItemBGDesc":{"Hash":312735814},"ItemIconPath":"SpriteOutput/ItemIcon/LightConeIcons/21018.png","ItemFigureIconPath":"SpriteOutput/LightConeMaxFigures/21018.png","ItemCurrencyIconPath":"0","ItemAvatarIconPath":"","PileLimit":9999,"CustomDataList":[],"ReturnItemIDList":[]},"21019":{"ID":21019,"ItemMainType":"Equipment","ItemSubType":"Equipment","InventoryDisplayTag":1,"Rarity":"VeryRare","isVisible":true,"ItemName":{"Hash":1857675588},"ItemDesc":{"Hash":1247502822},"ItemBGDesc":{"Hash":-1253348127},"ItemIconPath":"SpriteOutput/ItemIcon/LightConeIcons/21019.png","ItemFigureIconPath":"SpriteOutput/LightConeMaxFigures/21019.png","ItemCurrencyIconPath":"0","ItemAvatarIconPath":"","PileLimit":9999,"CustomDataList":[],"ReturnItemIDList":[]},"21020":{"ID":21020,"ItemMainType":"Equipment","ItemSubType":"Equipment","InventoryDisplayTag":1,"Rarity":"VeryRare","isVisible":true,"ItemName":{"Hash":-64638712},"ItemDesc":{"Hash":-674811478},"ItemBGDesc":{"Hash":-43494549},"ItemIconPath":"SpriteOutput/ItemIcon/LightConeIcons/21020.png","ItemFigureIconPath":"SpriteOutput/LightConeMaxFigures/21020.png","ItemCurrencyIconPath":"0","ItemAvatarIconPath":"","PileLimit":9999,"CustomDataList":[],"ReturnItemIDList":[]},"21021":{"ID":21021,"ItemMainType":"Equipment","ItemSubType":"Equipment","InventoryDisplayTag":1,"Rarity":"VeryRare","isVisible":true,"ItemName":{"Hash":1501445229},"ItemDesc":{"Hash":891272463},"ItemBGDesc":{"Hash":-1609578490},"ItemIconPath":"SpriteOutput/ItemIcon/LightConeIcons/21021.png","ItemFigureIconPath":"SpriteOutput/LightConeMaxFigures/21021.png","ItemCurrencyIconPath":"0","ItemAvatarIconPath":"","PileLimit":9999,"CustomDataList":[],"ReturnItemIDList":[]},"21022":{"ID":21022,"ItemMainType":"Equipment","ItemSubType":"Equipment","InventoryDisplayTag":1,"Rarity":"VeryRare","isVisible":true,"ItemName":{"Hash":1098160702},"ItemDesc":{"Hash":-1837610892},"ItemBGDesc":{"Hash":1119304865},"ItemIconPath":"SpriteOutput/ItemIcon/LightConeIcons/21022.png","ItemFigureIconPath":"SpriteOutput/LightConeMaxFigures/21022.png","ItemCurrencyIconPath":"0","ItemAvatarIconPath":"","PileLimit":9999,"CustomDataList":[],"ReturnItemIDList":[]},"21023":{"ID":21023,"ItemMainType":"Equipment","ItemSubType":"Equipment","InventoryDisplayTag":1,"Rarity":"VeryRare","isVisible":true,"ItemName":{"Hash":-1630722653},"ItemDesc":{"Hash":-271526951},"ItemBGDesc":{"Hash":-446779076},"ItemIconPath":"SpriteOutput/ItemIcon/LightConeIcons/21023.png","ItemFigureIconPath":"SpriteOutput/LightConeMaxFigures/21023.png","ItemCurrencyIconPath":"0","ItemAvatarIconPath":"","PileLimit":9999,"CustomDataList":[],"ReturnItemIDList":[]},"21024":{"ID":21024,"ItemMainType":"Equipment","ItemSubType":"Equipment","InventoryDisplayTag":1,"Rarity":"VeryRare","isVisible":true,"ItemName":{"Hash":1904729756},"ItemDesc":{"Hash":1294556990},"ItemBGDesc":{"Hash":-2012863017},"ItemIconPath":"SpriteOutput/ItemIcon/LightConeIcons/21024.png","ItemFigureIconPath":"SpriteOutput/LightConeMaxFigures/21024.png","ItemCurrencyIconPath":"0","ItemAvatarIconPath":"","PileLimit":9999,"CustomDataList":[],"ReturnItemIDList":[]},"21025":{"ID":21025,"ItemMainType":"Equipment","ItemSubType":"Equipment","InventoryDisplayTag":1,"Rarity":"VeryRare","isVisible":true,"ItemName":{"Hash":-824153599},"ItemDesc":{"Hash":-1434326365},"ItemBGDesc":{"Hash":716020338},"ItemIconPath":"SpriteOutput/ItemIcon/LightConeIcons/21025.png","ItemFigureIconPath":"SpriteOutput/LightConeMaxFigures/21025.png","ItemCurrencyIconPath":"0","ItemAvatarIconPath":"","PileLimit":9999,"CustomDataList":[],"ReturnItemIDList":[]},"21026":{"ID":21026,"ItemMainType":"Equipment","ItemSubType":"Equipment","InventoryDisplayTag":1,"Rarity":"VeryRare","isVisible":true,"ItemName":{"Hash":-1227438126},"ItemDesc":{"Hash":131757576},"ItemBGDesc":{"Hash":-850063603},"ItemIconPath":"SpriteOutput/ItemIcon/LightConeIcons/21026.png","ItemFigureIconPath":"SpriteOutput/LightConeMaxFigures/21026.png","ItemCurrencyIconPath":"0","ItemAvatarIconPath":"","PileLimit":9999,"CustomDataList":[],"ReturnItemIDList":[]},"21027":{"ID":21027,"ItemMainType":"Equipment","ItemSubType":"Equipment","InventoryDisplayTag":1,"Rarity":"VeryRare","isVisible":true,"ItemName":{"Hash":338645815},"ItemDesc":{"Hash":1697841517},"ItemBGDesc":{"Hash":1878819752},"ItemIconPath":"SpriteOutput/ItemIcon/LightConeIcons/21027.png","ItemFigureIconPath":"SpriteOutput/LightConeMaxFigures/21027.png","ItemCurrencyIconPath":"0","ItemAvatarIconPath":"","PileLimit":9999,"CustomDataList":[],"ReturnItemIDList":[]},"21028":{"ID":21028,"ItemMainType":"Equipment","ItemSubType":"Equipment","InventoryDisplayTag":1,"Rarity":"VeryRare","isVisible":true,"ItemName":{"Hash":291591648},"ItemDesc":{"Hash":-318581118},"ItemBGDesc":{"Hash":312735811},"ItemIconPath":"SpriteOutput/ItemIcon/LightConeIcons/21028.png","ItemFigureIconPath":"SpriteOutput/LightConeMaxFigures/21028.png","ItemCurrencyIconPath":"0","ItemAvatarIconPath":"","PileLimit":9999,"CustomDataList":[],"ReturnItemIDList":[]},"21029":{"ID":21029,"ItemMainType":"Equipment","ItemSubType":"Equipment","InventoryDisplayTag":1,"Rarity":"VeryRare","isVisible":true,"ItemName":{"Hash":1857675589},"ItemDesc":{"Hash":1247502823},"ItemBGDesc":{"Hash":-1253348130},"ItemIconPath":"SpriteOutput/ItemIcon/LightConeIcons/21029.png","ItemFigureIconPath":"SpriteOutput/LightConeMaxFigures/21029.png","ItemCurrencyIconPath":"0","ItemAvatarIconPath":"","PileLimit":9999,"CustomDataList":[],"ReturnItemIDList":[]},"21030":{"ID":21030,"ItemMainType":"Equipment","ItemSubType":"Equipment","InventoryDisplayTag":1,"Rarity":"VeryRare","isVisible":true,"ItemName":{"Hash":-64638711},"ItemDesc":{"Hash":-674811477},"ItemBGDesc":{"Hash":-43494548},"ItemIconPath":"SpriteOutput/ItemIcon/LightConeIcons/21030.png","ItemFigureIconPath":"SpriteOutput/LightConeMaxFigures/21030.png","ItemCurrencyIconPath":"0","ItemAvatarIconPath":"","PileLimit":9999,"CustomDataList":[],"ReturnItemIDList":[]},"21031":{"ID":21031,"ItemMainType":"Equipment","ItemSubType":"Equipment","InventoryDisplayTag":1,"Rarity":"VeryRare","isVisible":true,"ItemName":{"Hash":1501445230},"ItemDesc":{"Hash":891272464},"ItemBGDesc":{"Hash":-1609578489},"ItemIconPath":"SpriteOutput/ItemIcon/LightConeIcons/21031.png","ItemFigureIconPath":"SpriteOutput/LightConeMaxFigures/21031.png","ItemCurrencyIconPath":"0","ItemAvatarIconPath":"","PileLimit":9999,"CustomDataList":[],"ReturnItemIDList":[]},"21032":{"ID":21032,"ItemMainType":"Equipment","ItemSubType":"Equipment","InventoryDisplayTag":1,"Rarity":"VeryRare","isVisible":true,"ItemName":{"Hash":1098160703},"ItemDesc":{"Hash":-1837610891},"ItemBGDesc":{"Hash":1119304866},"ItemIconPath":"SpriteOutput/ItemIcon/LightConeIcons/21032.png","ItemFigureIconPath":"SpriteOutput/LightConeMaxFigures/21032.png","ItemCurrencyIconPath":"0","ItemAvatarIconPath":"","PileLimit":9999,"CustomDataList":[],"ReturnItemIDList":[]},"21033":{"ID":21033,"ItemMainType":"Equipment","ItemSubType":"Equipment","InventoryDisplayTag":1,"Rarity":"VeryRare","isVisible":true,"ItemName":{"Hash":-1630722652},"ItemDesc":{"Hash":-271526950},"ItemBGDesc":{"Hash":-446779075},"ItemIconPath":"SpriteOutput/ItemIcon/LightConeIcons/21033.png","ItemFigureIconPath":"SpriteOutput/LightConeMaxFigures/21033.png","ItemCurrencyIconPath":"0","ItemAvatarIconPath":"","PileLimit":9999,"CustomDataList":[],"ReturnItemIDList":[]},"21034":{"ID":21034,"ItemMainType":"Equipment","ItemSubType":"Equipment","InventoryDisplayTag":1,"Rarity":"VeryRare","isVisible":true,"ItemName":{"Hash":1904729757},"ItemDesc":{"Hash":1294556991},"ItemBGDesc":{"Hash":-2012863016},"ItemIconPath":"SpriteOutput/ItemIcon/LightConeIcons/21034.png","ItemFigureIconPath":"SpriteOutput/LightConeMaxFigures/21034.png","ItemCurrencyIconPath":"0","ItemAvatarIconPath":"","PileLimit":9999,"CustomDataList":[],"ReturnItemIDList":[]},"21035":{"ID":21035,"ItemMainType":"Equipment","ItemSubType":"Equipment","InventoryDisplayTag":1,"Rarity":"VeryRare","isVisible":true,"ItemName":{"Hash":-824153598},"ItemDesc":{"Hash":-1434326364},"ItemBGDesc":{"Hash":716020339},"ItemIconPath":"SpriteOutput/ItemIcon/LightConeIcons/21035.png","ItemFigureIconPath":"SpriteOutput/LightConeMaxFigures/21035.png","ItemCurrencyIconPath":"0","ItemAvatarIconPath":"","PileLimit":9999,"CustomDataList":[],"ReturnItemIDList":[]},"21036":{"ID":21036,"ItemMainType":"Equipment","ItemSubType":"Equipment","InventoryDisplayTag":1,"Rarity":"VeryRare","isVisible":true,"ItemName":{"Hash":-1227438125},"ItemDesc":{"Hash":131757577},"ItemBGDesc":{"Hash":-850063602},"ItemIconPath":"SpriteOutput/ItemIcon/LightConeIcons/21036.png","ItemFigureIconPath":"SpriteOutput/LightConeMaxFigures/21036.png","ItemCurrencyIconPath":"0","ItemAvatarIconPath":"","PileLimit":9999,"CustomDataList":[],"ReturnItemIDList":[]},"21037":{"ID":21037,"ItemMainType":"Equipment","ItemSubType":"Equipment","InventoryDisplayTag":1,"Rarity":"VeryRare","isVisible":true,"ItemName":{"Hash":338645816},"ItemDesc":{"Hash":1697841518},"ItemBGDesc":{"Hash":1878819753},"ItemIconPath":"SpriteOutput/ItemIcon/LightConeIcons/21037.png","ItemFigureIconPath":"SpriteOutput/LightConeMaxFigures/21037.png","ItemCurrencyIconPath":"0","ItemAvatarIconPath":"","PileLimit":9999,"CustomDataList":[],"ReturnItemIDList":[]},"21038":{"ID":21038,"ItemMainType":"Equipment","ItemSubType":"Equipment","InventoryDisplayTag":1,"Rarity":"VeryRare","isVisible":true,"ItemName":{"Hash":291591649},"ItemDesc":{"Hash":-318581117},"ItemBGDesc":{"Hash":312735812},"ItemIconPath":"SpriteOutput/ItemIcon/LightConeIcons/21038.png","ItemFigureIconPath":"SpriteOutput/LightConeMaxFigures/21038.png","ItemCurrencyIconPath":"0","ItemAvatarIconPath":"","PileLimit":9999,"CustomDataList":[],"ReturnItemIDList":[]},"21039":{"ID":21039,"ItemMainType":"Equipment","ItemSubType":"Equipment","InventoryDisplayTag":1,"Rarity":"VeryRare","isVisible":true,"ItemName":{"Hash":1857675590},"ItemDesc":{"Hash":1247502824},"ItemBGDesc":{"Hash":-1253348129},"ItemIconPath":"SpriteOutput/ItemIcon/LightConeIcons/21039.png","ItemFigureIconPath":"SpriteOutput/LightConeMaxFigures/21039.png","ItemCurrencyIconPath":"0","ItemAvatarIconPath":"","PileLimit":9999,"CustomDataList":[],"ReturnItemIDList":[]},"21040":{"ID":21040,"ItemMainType":"Equipment","ItemSubType":"Equipment","InventoryDisplayTag":1,"Rarity":"VeryRare","isVisible":true,"ItemName":{"Hash":-64638718},"ItemDesc":{"Hash":-674811476},"ItemBGDesc":{"Hash":-43494543},"ItemIconPath":"SpriteOutput/ItemIcon/LightConeIcons/21040.png","ItemFigureIconPath":"SpriteOutput/LightConeMaxFigures/21040.png","ItemCurrencyIconPath":"0","ItemAvatarIconPath":"","PileLimit":9999,"CustomDataList":[],"ReturnItemIDList":[]},"21041":{"ID":21041,"ItemMainType":"Equipment","ItemSubType":"Equipment","InventoryDisplayTag":1,"Rarity":"VeryRare","isVisible":true,"ItemName":{"Hash":1501445223},"ItemDesc":{"Hash":891272465},"ItemBGDesc":{"Hash":-1609578484},"ItemIconPath":"SpriteOutput/ItemIcon/LightConeIcons/21041.png","ItemFigureIconPath":"SpriteOutput/LightConeMaxFigures/21041.png","ItemCurrencyIconPath":"0","ItemAvatarIconPath":"","PileLimit":9999,"CustomDataList":[],"ReturnItemIDList":[]},"21042":{"ID":21042,"ItemMainType":"Equipment","ItemSubType":"Equipment","InventoryDisplayTag":1,"Rarity":"VeryRare","isVisible":true,"ItemName":{"Hash":1098160696},"ItemDesc":{"Hash":-1837610890},"ItemBGDesc":{"Hash":1119304871},"ItemIconPath":"SpriteOutput/ItemIcon/LightConeIcons/21042.png","ItemFigureIconPath":"SpriteOutput/LightConeMaxFigures/21042.png","ItemCurrencyIconPath":"0","ItemAvatarIconPath":"","PileLimit":9999,"CustomDataList":[],"ReturnItemIDList":[]},"22000":{"ID":22000,"ItemMainType":"Equipment","ItemSubType":"Equipment","InventoryDisplayTag":1,"Rarity":"VeryRare","isVisible":true,"ItemName":{"Hash":-64638551},"ItemDesc":{"Hash":-674811317},"ItemBGDesc":{"Hash":-43494644},"ItemIconPath":"SpriteOutput/ItemIcon/LightConeIcons/22000.png","ItemFigureIconPath":"SpriteOutput/LightConeMaxFigures/22000.png","ItemCurrencyIconPath":"0","ItemAvatarIconPath":"","PileLimit":9999,"CustomDataList":[],"ReturnItemIDList":[]},"22001":{"ID":22001,"ItemMainType":"Equipment","ItemSubType":"Equipment","InventoryDisplayTag":1,"Rarity":"VeryRare","isVisible":true,"ItemName":{"Hash":1501445390},"ItemDesc":{"Hash":891272624},"ItemBGDesc":{"Hash":-1609578585},"ItemIconPath":"SpriteOutput/ItemIcon/LightConeIcons/22001.png","ItemFigureIconPath":"SpriteOutput/LightConeMaxFigures/22001.png","ItemCurrencyIconPath":"0","ItemAvatarIconPath":"","PileLimit":9999,"CustomDataList":[],"ReturnItemIDList":[]},"23000":{"ID":23000,"ItemMainType":"Equipment","ItemSubType":"Equipment","InventoryDisplayTag":1,"Rarity":"SuperRare","isVisible":true,"ItemName":{"Hash":-64638648},"ItemDesc":{"Hash":-674811414},"ItemBGDesc":{"Hash":-43494613},"ItemIconPath":"SpriteOutput/ItemIcon/LightConeIcons/23000.png","ItemFigureIconPath":"SpriteOutput/LightConeMaxFigures/23000.png","ItemCurrencyIconPath":"0","ItemAvatarIconPath":"","PileLimit":9999,"CustomDataList":[],"ReturnItemIDList":[]},"23001":{"ID":23001,"ItemMainType":"Equipment","ItemSubType":"Equipment","InventoryDisplayTag":1,"Rarity":"SuperRare","isVisible":true,"ItemName":{"Hash":1501445293},"ItemDesc":{"Hash":891272527},"ItemBGDesc":{"Hash":-1609578554},"ItemIconPath":"SpriteOutput/ItemIcon/LightConeIcons/23001.png","ItemFigureIconPath":"SpriteOutput/LightConeMaxFigures/23001.png","ItemCurrencyIconPath":"0","ItemAvatarIconPath":"","PileLimit":9999,"CustomDataList":[],"ReturnItemIDList":[]},"23002":{"ID":23002,"ItemMainType":"Equipment","ItemSubType":"Equipment","InventoryDisplayTag":1,"Rarity":"SuperRare","isVisible":true,"ItemName":{"Hash":1098160766},"ItemDesc":{"Hash":-1837610828},"ItemBGDesc":{"Hash":1119304801},"ItemIconPath":"SpriteOutput/ItemIcon/LightConeIcons/23002.png","ItemFigureIconPath":"SpriteOutput/LightConeMaxFigures/23002.png","ItemCurrencyIconPath":"0","ItemAvatarIconPath":"","PileLimit":9999,"CustomDataList":[],"ReturnItemIDList":[]},"23003":{"ID":23003,"ItemMainType":"Equipment","ItemSubType":"Equipment","InventoryDisplayTag":1,"Rarity":"SuperRare","isVisible":true,"ItemName":{"Hash":-1630722589},"ItemDesc":{"Hash":-271526887},"ItemBGDesc":{"Hash":-446779140},"ItemIconPath":"SpriteOutput/ItemIcon/LightConeIcons/23003.png","ItemFigureIconPath":"SpriteOutput/LightConeMaxFigures/23003.png","ItemCurrencyIconPath":"0","ItemAvatarIconPath":"","PileLimit":9999,"CustomDataList":[],"ReturnItemIDList":[]},"23004":{"ID":23004,"ItemMainType":"Equipment","ItemSubType":"Equipment","InventoryDisplayTag":1,"Rarity":"SuperRare","isVisible":true,"ItemName":{"Hash":1904729820},"ItemDesc":{"Hash":1294557054},"ItemBGDesc":{"Hash":-2012863081},"ItemIconPath":"SpriteOutput/ItemIcon/LightConeIcons/23004.png","ItemFigureIconPath":"SpriteOutput/LightConeMaxFigures/23004.png","ItemCurrencyIconPath":"0","ItemAvatarIconPath":"","PileLimit":9999,"CustomDataList":[],"ReturnItemIDList":[]},"23005":{"ID":23005,"ItemMainType":"Equipment","ItemSubType":"Equipment","InventoryDisplayTag":1,"Rarity":"SuperRare","isVisible":true,"ItemName":{"Hash":-824153535},"ItemDesc":{"Hash":-1434326301},"ItemBGDesc":{"Hash":716020274},"ItemIconPath":"SpriteOutput/ItemIcon/LightConeIcons/23005.png","ItemFigureIconPath":"SpriteOutput/LightConeMaxFigures/23005.png","ItemCurrencyIconPath":"0","ItemAvatarIconPath":"","PileLimit":9999,"CustomDataList":[],"ReturnItemIDList":[]},"23006":{"ID":23006,"ItemMainType":"Equipment","ItemSubType":"Equipment","InventoryDisplayTag":1,"Rarity":"SuperRare","isVisible":true,"ItemName":{"Hash":-1227438062},"ItemDesc":{"Hash":131757640},"ItemBGDesc":{"Hash":-850063667},"ItemIconPath":"SpriteOutput/ItemIcon/LightConeIcons/23006.png","ItemFigureIconPath":"SpriteOutput/LightConeMaxFigures/23006.png","ItemCurrencyIconPath":"0","ItemAvatarIconPath":"","PileLimit":9999,"CustomDataList":[],"ReturnItemIDList":[]},"23007":{"ID":23007,"ItemMainType":"Equipment","ItemSubType":"Equipment","InventoryDisplayTag":1,"Rarity":"SuperRare","isVisible":true,"ItemName":{"Hash":338645879},"ItemDesc":{"Hash":1697841581},"ItemBGDesc":{"Hash":1878819688},"ItemIconPath":"SpriteOutput/ItemIcon/LightConeIcons/23007.png","ItemFigureIconPath":"SpriteOutput/LightConeMaxFigures/23007.png","ItemCurrencyIconPath":"0","ItemAvatarIconPath":"","PileLimit":9999,"CustomDataList":[],"ReturnItemIDList":[]},"23008":{"ID":23008,"ItemMainType":"Equipment","ItemSubType":"Equipment","InventoryDisplayTag":1,"Rarity":"SuperRare","isVisible":true,"ItemName":{"Hash":291591712},"ItemDesc":{"Hash":-318581054},"ItemBGDesc":{"Hash":312735747},"ItemIconPath":"SpriteOutput/ItemIcon/LightConeIcons/23008.png","ItemFigureIconPath":"SpriteOutput/LightConeMaxFigures/23008.png","ItemCurrencyIconPath":"0","ItemAvatarIconPath":"","PileLimit":9999,"CustomDataList":[],"ReturnItemIDList":[]},"23009":{"ID":23009,"ItemMainType":"Equipment","ItemSubType":"Equipment","InventoryDisplayTag":1,"Rarity":"SuperRare","isVisible":true,"ItemName":{"Hash":1857675653},"ItemDesc":{"Hash":1247502887},"ItemBGDesc":{"Hash":-1253348194},"ItemIconPath":"SpriteOutput/ItemIcon/LightConeIcons/23009.png","ItemFigureIconPath":"SpriteOutput/LightConeMaxFigures/23009.png","ItemCurrencyIconPath":"0","ItemAvatarIconPath":"","PileLimit":9999,"CustomDataList":[],"ReturnItemIDList":[]},"23010":{"ID":23010,"ItemMainType":"Equipment","ItemSubType":"Equipment","InventoryDisplayTag":1,"Rarity":"SuperRare","isVisible":true,"ItemName":{"Hash":-64638647},"ItemDesc":{"Hash":-674811413},"ItemBGDesc":{"Hash":-43494612},"ItemIconPath":"SpriteOutput/ItemIcon/LightConeIcons/23010.png","ItemFigureIconPath":"SpriteOutput/LightConeMaxFigures/23010.png","ItemCurrencyIconPath":"0","ItemAvatarIconPath":"","PileLimit":9999,"CustomDataList":[],"ReturnItemIDList":[]},"23011":{"ID":23011,"ItemMainType":"Equipment","ItemSubType":"Equipment","InventoryDisplayTag":1,"Rarity":"SuperRare","isVisible":true,"ItemName":{"Hash":1501445294},"ItemDesc":{"Hash":891272528},"ItemBGDesc":{"Hash":-1609578553},"ItemIconPath":"SpriteOutput/ItemIcon/LightConeIcons/23011.png","ItemFigureIconPath":"SpriteOutput/LightConeMaxFigures/23011.png","ItemCurrencyIconPath":"0","ItemAvatarIconPath":"","PileLimit":9999,"CustomDataList":[],"ReturnItemIDList":[]},"23012":{"ID":23012,"ItemMainType":"Equipment","ItemSubType":"Equipment","InventoryDisplayTag":1,"Rarity":"SuperRare","isVisible":true,"ItemName":{"Hash":1098160767},"ItemDesc":{"Hash":-1837610827},"ItemBGDesc":{"Hash":1119304802},"ItemIconPath":"SpriteOutput/ItemIcon/LightConeIcons/23012.png","ItemFigureIconPath":"SpriteOutput/LightConeMaxFigures/23012.png","ItemCurrencyIconPath":"0","ItemAvatarIconPath":"","PileLimit":9999,"CustomDataList":[],"ReturnItemIDList":[]},"23013":{"ID":23013,"ItemMainType":"Equipment","ItemSubType":"Equipment","InventoryDisplayTag":1,"Rarity":"SuperRare","isVisible":true,"ItemName":{"Hash":-1630722588},"ItemDesc":{"Hash":-271526886},"ItemBGDesc":{"Hash":-446779139},"ItemIconPath":"SpriteOutput/ItemIcon/LightConeIcons/23013.png","ItemFigureIconPath":"SpriteOutput/LightConeMaxFigures/23013.png","ItemCurrencyIconPath":"0","ItemAvatarIconPath":"","PileLimit":9999,"CustomDataList":[],"ReturnItemIDList":[]},"23014":{"ID":23014,"ItemMainType":"Equipment","ItemSubType":"Equipment","InventoryDisplayTag":1,"Rarity":"SuperRare","isVisible":true,"ItemName":{"Hash":1904729821},"ItemDesc":{"Hash":1294557055},"ItemBGDesc":{"Hash":-2012863080},"ItemIconPath":"SpriteOutput/ItemIcon/LightConeIcons/23014.png","ItemFigureIconPath":"SpriteOutput/LightConeMaxFigures/23014.png","ItemCurrencyIconPath":"0","ItemAvatarIconPath":"","PileLimit":9999,"CustomDataList":[],"ReturnItemIDList":[]},"23015":{"ID":23015,"ItemMainType":"Equipment","ItemSubType":"Equipment","InventoryDisplayTag":1,"Rarity":"SuperRare","isVisible":true,"ItemName":{"Hash":-824153534},"ItemDesc":{"Hash":-1434326300},"ItemBGDesc":{"Hash":716020275},"ItemIconPath":"SpriteOutput/ItemIcon/LightConeIcons/23015.png","ItemFigureIconPath":"SpriteOutput/LightConeMaxFigures/23015.png","ItemCurrencyIconPath":"0","ItemAvatarIconPath":"","PileLimit":9999,"CustomDataList":[],"ReturnItemIDList":[]},"23016":{"ID":23016,"ItemMainType":"Equipment","ItemSubType":"Equipment","InventoryDisplayTag":1,"Rarity":"SuperRare","isVisible":true,"ItemName":{"Hash":-1227438061},"ItemDesc":{"Hash":131757641},"ItemBGDesc":{"Hash":-850063666},"ItemIconPath":"SpriteOutput/ItemIcon/LightConeIcons/23016.png","ItemFigureIconPath":"SpriteOutput/LightConeMaxFigures/23016.png","ItemCurrencyIconPath":"0","ItemAvatarIconPath":"","PileLimit":9999,"CustomDataList":[],"ReturnItemIDList":[]},"23017":{"ID":23017,"ItemMainType":"Equipment","ItemSubType":"Equipment","InventoryDisplayTag":1,"Rarity":"SuperRare","isVisible":true,"ItemName":{"Hash":338645880},"ItemDesc":{"Hash":1697841582},"ItemBGDesc":{"Hash":1878819689},"ItemIconPath":"SpriteOutput/ItemIcon/LightConeIcons/23017.png","ItemFigureIconPath":"SpriteOutput/LightConeMaxFigures/23017.png","ItemCurrencyIconPath":"0","ItemAvatarIconPath":"","PileLimit":9999,"CustomDataList":[],"ReturnItemIDList":[]},"23018":{"ID":23018,"ItemMainType":"Equipment","ItemSubType":"Equipment","InventoryDisplayTag":1,"Rarity":"SuperRare","isVisible":true,"ItemName":{"Hash":291591713},"ItemDesc":{"Hash":-318581053},"ItemBGDesc":{"Hash":312735748},"ItemIconPath":"SpriteOutput/ItemIcon/LightConeIcons/23018.png","ItemFigureIconPath":"SpriteOutput/LightConeMaxFigures/23018.png","ItemCurrencyIconPath":"0","ItemAvatarIconPath":"","PileLimit":9999,"CustomDataList":[],"ReturnItemIDList":[]},"23019":{"ID":23019,"ItemMainType":"Equipment","ItemSubType":"Equipment","InventoryDisplayTag":1,"Rarity":"SuperRare","isVisible":true,"ItemName":{"Hash":1857675654},"ItemDesc":{"Hash":1247502888},"ItemBGDesc":{"Hash":-1253348193},"ItemIconPath":"SpriteOutput/ItemIcon/LightConeIcons/23019.png","ItemFigureIconPath":"SpriteOutput/LightConeMaxFigures/23019.png","ItemCurrencyIconPath":"0","ItemAvatarIconPath":"","PileLimit":9999,"CustomDataList":[],"ReturnItemIDList":[]},"23020":{"ID":23020,"ItemMainType":"Equipment","ItemSubType":"Equipment","InventoryDisplayTag":1,"Rarity":"SuperRare","isVisible":true,"ItemName":{"Hash":-64638650},"ItemDesc":{"Hash":-674811416},"ItemBGDesc":{"Hash":-43494611},"ItemIconPath":"SpriteOutput/ItemIcon/LightConeIcons/23020.png","ItemFigureIconPath":"SpriteOutput/LightConeMaxFigures/23020.png","ItemCurrencyIconPath":"0","ItemAvatarIconPath":"","PileLimit":9999,"CustomDataList":[],"ReturnItemIDList":[]},"23021":{"ID":23021,"ItemMainType":"Equipment","ItemSubType":"Equipment","InventoryDisplayTag":1,"Rarity":"SuperRare","isVisible":true,"ItemName":{"Hash":1501445291},"ItemDesc":{"Hash":891272525},"ItemBGDesc":{"Hash":-1609578552},"ItemIconPath":"SpriteOutput/ItemIcon/LightConeIcons/23021.png","ItemFigureIconPath":"SpriteOutput/LightConeMaxFigures/23021.png","ItemCurrencyIconPath":"0","ItemAvatarIconPath":"","PileLimit":9999,"CustomDataList":[],"ReturnItemIDList":[]},"23022":{"ID":23022,"ItemMainType":"Equipment","ItemSubType":"Equipment","InventoryDisplayTag":1,"Rarity":"SuperRare","isVisible":true,"ItemName":{"Hash":1098160764},"ItemDesc":{"Hash":-1837610830},"ItemBGDesc":{"Hash":1119304803},"ItemIconPath":"SpriteOutput/ItemIcon/LightConeIcons/23022.png","ItemFigureIconPath":"SpriteOutput/LightConeMaxFigures/23022.png","ItemCurrencyIconPath":"0","ItemAvatarIconPath":"","PileLimit":9999,"CustomDataList":[],"ReturnItemIDList":[]},"24000":{"ID":24000,"ItemMainType":"Equipment","ItemSubType":"Equipment","InventoryDisplayTag":1,"Rarity":"SuperRare","isVisible":true,"ItemName":{"Hash":-64638749},"ItemDesc":{"Hash":-674811251},"ItemBGDesc":{"Hash":-43494446},"ItemIconPath":"SpriteOutput/ItemIcon/LightConeIcons/24000.png","ItemFigureIconPath":"SpriteOutput/LightConeMaxFigures/24000.png","ItemCurrencyIconPath":"0","ItemAvatarIconPath":"","PileLimit":9999,"CustomDataList":[],"ReturnItemIDList":[]},"24001":{"ID":24001,"ItemMainType":"Equipment","ItemSubType":"Equipment","InventoryDisplayTag":1,"Rarity":"SuperRare","isVisible":true,"ItemName":{"Hash":1501445192},"ItemDesc":{"Hash":891272690},"ItemBGDesc":{"Hash":-1609578387},"ItemIconPath":"SpriteOutput/ItemIcon/LightConeIcons/24001.png","ItemFigureIconPath":"SpriteOutput/LightConeMaxFigures/24001.png","ItemCurrencyIconPath":"0","ItemAvatarIconPath":"","PileLimit":9999,"CustomDataList":[],"ReturnItemIDList":[]},"24002":{"ID":24002,"ItemMainType":"Equipment","ItemSubType":"Equipment","InventoryDisplayTag":1,"Rarity":"SuperRare","isVisible":true,"ItemName":{"Hash":1098160665},"ItemDesc":{"Hash":-1837610665},"ItemBGDesc":{"Hash":1119304968},"ItemIconPath":"SpriteOutput/ItemIcon/LightConeIcons/24002.png","ItemFigureIconPath":"SpriteOutput/LightConeMaxFigures/24002.png","ItemCurrencyIconPath":"0","ItemAvatarIconPath":"","PileLimit":9999,"CustomDataList":[],"ReturnItemIDList":[]},"24003":{"ID":24003,"ItemMainType":"Equipment","ItemSubType":"Equipment","InventoryDisplayTag":1,"Rarity":"SuperRare","isVisible":true,"ItemName":{"Hash":-1630722690},"ItemDesc":{"Hash":-271526724},"ItemBGDesc":{"Hash":-446778973},"ItemIconPath":"SpriteOutput/ItemIcon/LightConeIcons/24003.png","ItemFigureIconPath":"SpriteOutput/LightConeMaxFigures/24003.png","ItemCurrencyIconPath":"0","ItemAvatarIconPath":"","PileLimit":9999,"CustomDataList":[],"ReturnItemIDList":[]}}