{"1001":{"ID":1001,"ItemMainType":"AvatarCard","ItemSubType":"AvatarCard","InventoryDisplayTag":1,"Rarity":"VeryRare","ItemName":{"Hash":600782545},"ItemDesc":{"Hash":371857150},"ItemBGDesc":{"Hash":-1153249202},"ItemIconPath":"SpriteOutput/AvatarIcon/Avatar/1001.png","ItemFigureIconPath":"SpriteOutput/AvatarIcon/Avatar/1001.png","ItemCurrencyIconPath":"","ItemAvatarIconPath":"SpriteOutput/AvatarShopIcon/Avatar/1001.png","PileLimit":1,"CustomDataList":[],"ReturnItemIDList":[]},"1002":{"ID":1002,"ItemMainType":"AvatarCard","ItemSubType":"AvatarCard","InventoryDisplayTag":1,"Rarity":"VeryRare","ItemName":{"Hash":600782548},"ItemDesc":{"Hash":371857150},"ItemBGDesc":{"Hash":-1153249203},"ItemIconPath":"SpriteOutput/AvatarIcon/Avatar/1002.png","ItemFigureIconPath":"SpriteOutput/AvatarIcon/Avatar/1002.png","ItemCurrencyIconPath":"","ItemAvatarIconPath":"SpriteOutput/AvatarShopIcon/Avatar/1002.png","PileLimit":1,"CustomDataList":[],"ReturnItemIDList":[]},"1003":{"ID":1003,"ItemMainType":"AvatarCard","ItemSubType":"AvatarCard","InventoryDisplayTag":1,"Rarity":"SuperRare","ItemName":{"Hash":600782547},"ItemDesc":{"Hash":371857150},"ItemBGDesc":{"Hash":-1153249204},"ItemIconPath":"SpriteOutput/AvatarIcon/Avatar/1003.png","ItemFigureIconPath":"SpriteOutput/AvatarIcon/Avatar/1003.png","ItemCurrencyIconPath":"","ItemAvatarIconPath":"SpriteOutput/AvatarShopIcon/Avatar/1003.png","PileLimit":1,"CustomDataList":[],"ReturnItemIDList":[]},"1004":{"ID":1004,"ItemMainType":"AvatarCard","ItemSubType":"AvatarCard","InventoryDisplayTag":1,"Rarity":"SuperRare","ItemName":{"Hash":600782542},"ItemDesc":{"Hash":371857150},"ItemBGDesc":{"Hash":-1153249197},"ItemIconPath":"SpriteOutput/AvatarIcon/Avatar/1004.png","ItemFigureIconPath":"SpriteOutput/AvatarIcon/Avatar/1004.png","ItemCurrencyIconPath":"","ItemAvatarIconPath":"SpriteOutput/AvatarShopIcon/Avatar/1004.png","PileLimit":1,"CustomDataList":[],"ReturnItemIDList":[]},"1005":{"ID":1005,"ItemMainType":"AvatarCard","ItemSubType":"AvatarCard","InventoryDisplayTag":1,"Rarity":"SuperRare","ItemName":{"Hash":600782541},"ItemDesc":{"Hash":371857150},"ItemBGDesc":{"Hash":-1153249198},"ItemIconPath":"SpriteOutput/AvatarIcon/Avatar/1005.png","ItemFigureIconPath":"SpriteOutput/AvatarIcon/Avatar/1005.png","ItemCurrencyIconPath":"","ItemAvatarIconPath":"SpriteOutput/AvatarShopIcon/Avatar/1005.png","PileLimit":1,"CustomDataList":[],"ReturnItemIDList":[]},"1006":{"ID":1006,"ItemMainType":"AvatarCard","ItemSubType":"AvatarCard","InventoryDisplayTag":1,"Rarity":"SuperRare","ItemName":{"Hash":600782544},"ItemDesc":{"Hash":371857150},"ItemBGDesc":{"Hash":-1153249199},"ItemIconPath":"SpriteOutput/AvatarIcon/Avatar/1006.png","ItemFigureIconPath":"SpriteOutput/AvatarIcon/Avatar/1006.png","ItemCurrencyIconPath":"","ItemAvatarIconPath":"SpriteOutput/AvatarShopIcon/Avatar/1006.png","PileLimit":1,"CustomDataList":[],"ReturnItemIDList":[]},"1008":{"ID":1008,"ItemMainType":"AvatarCard","ItemSubType":"AvatarCard","InventoryDisplayTag":1,"Rarity":"VeryRare","ItemName":{"Hash":600782554},"ItemDesc":{"Hash":371857150},"ItemBGDesc":{"Hash":-1153249193},"ItemIconPath":"SpriteOutput/AvatarIcon/Avatar/1008.png","ItemFigureIconPath":"SpriteOutput/AvatarIcon/Avatar/1008.png","ItemCurrencyIconPath":"","ItemAvatarIconPath":"SpriteOutput/AvatarShopIcon/Avatar/1008.png","PileLimit":1,"CustomDataList":[],"ReturnItemIDList":[]},"1009":{"ID":1009,"ItemMainType":"AvatarCard","ItemSubType":"AvatarCard","InventoryDisplayTag":1,"Rarity":"VeryRare","ItemName":{"Hash":600782553},"ItemDesc":{"Hash":371857150},"ItemBGDesc":{"Hash":-1153249194},"ItemIconPath":"SpriteOutput/AvatarIcon/Avatar/1009.png","ItemFigureIconPath":"SpriteOutput/AvatarIcon/Avatar/1009.png","ItemCurrencyIconPath":"","ItemAvatarIconPath":"SpriteOutput/AvatarShopIcon/Avatar/1009.png","PileLimit":1,"CustomDataList":[],"ReturnItemIDList":[]},"1013":{"ID":1013,"ItemMainType":"AvatarCard","ItemSubType":"AvatarCard","InventoryDisplayTag":1,"Rarity":"VeryRare","ItemName":{"Hash":-965301394},"ItemDesc":{"Hash":371857150},"ItemBGDesc":{"Hash":412834737},"ItemIconPath":"SpriteOutput/AvatarIcon/Avatar/1013.png","ItemFigureIconPath":"SpriteOutput/AvatarIcon/Avatar/1013.png","ItemCurrencyIconPath":"","ItemAvatarIconPath":"SpriteOutput/AvatarShopIcon/Avatar/1013.png","PileLimit":1,"CustomDataList":[],"ReturnItemIDList":[]},"1101":{"ID":1101,"ItemMainType":"AvatarCard","ItemSubType":"AvatarCard","InventoryDisplayTag":1,"Rarity":"SuperRare","ItemName":{"Hash":600782450},"ItemDesc":{"Hash":371857150},"ItemBGDesc":{"Hash":-1153249169},"ItemIconPath":"SpriteOutput/AvatarIcon/Avatar/1101.png","ItemFigureIconPath":"SpriteOutput/AvatarIcon/Avatar/1101.png","ItemCurrencyIconPath":"","ItemAvatarIconPath":"SpriteOutput/AvatarShopIcon/Avatar/1101.png","PileLimit":1,"CustomDataList":[],"ReturnItemIDList":[]},"1102":{"ID":1102,"ItemMainType":"AvatarCard","ItemSubType":"AvatarCard","InventoryDisplayTag":1,"Rarity":"SuperRare","ItemName":{"Hash":600782451},"ItemDesc":{"Hash":371857150},"ItemBGDesc":{"Hash":-1153249172},"ItemIconPath":"SpriteOutput/AvatarIcon/Avatar/1102.png","ItemFigureIconPath":"SpriteOutput/AvatarIcon/Avatar/1102.png","ItemCurrencyIconPath":"","ItemAvatarIconPath":"SpriteOutput/AvatarShopIcon/Avatar/1102.png","PileLimit":1,"CustomDataList":[],"ReturnItemIDList":[]},"1103":{"ID":1103,"ItemMainType":"AvatarCard","ItemSubType":"AvatarCard","InventoryDisplayTag":1,"Rarity":"VeryRare","ItemName":{"Hash":600782452},"ItemDesc":{"Hash":371857150},"ItemBGDesc":{"Hash":-1153249171},"ItemIconPath":"SpriteOutput/AvatarIcon/Avatar/1103.png","ItemFigureIconPath":"SpriteOutput/AvatarIcon/Avatar/1103.png","ItemCurrencyIconPath":"","ItemAvatarIconPath":"SpriteOutput/AvatarShopIcon/Avatar/1103.png","PileLimit":1,"CustomDataList":[],"ReturnItemIDList":[]},"1104":{"ID":1104,"ItemMainType":"AvatarCard","ItemSubType":"AvatarCard","InventoryDisplayTag":1,"Rarity":"SuperRare","ItemName":{"Hash":600782445},"ItemDesc":{"Hash":371857150},"ItemBGDesc":{"Hash":-1153249166},"ItemIconPath":"SpriteOutput/AvatarIcon/Avatar/1104.png","ItemFigureIconPath":"SpriteOutput/AvatarIcon/Avatar/1104.png","ItemCurrencyIconPath":"","ItemAvatarIconPath":"SpriteOutput/AvatarShopIcon/Avatar/1104.png","PileLimit":1,"CustomDataList":[],"ReturnItemIDList":[]},"1105":{"ID":1105,"ItemMainType":"AvatarCard","ItemSubType":"AvatarCard","InventoryDisplayTag":1,"Rarity":"VeryRare","ItemName":{"Hash":600782446},"ItemDesc":{"Hash":371857150},"ItemBGDesc":{"Hash":-1153249165},"ItemIconPath":"SpriteOutput/AvatarIcon/Avatar/1105.png","ItemFigureIconPath":"SpriteOutput/AvatarIcon/Avatar/1105.png","ItemCurrencyIconPath":"","ItemAvatarIconPath":"SpriteOutput/AvatarShopIcon/Avatar/1105.png","PileLimit":1,"CustomDataList":[],"ReturnItemIDList":[]},"1106":{"ID":1106,"ItemMainType":"AvatarCard","ItemSubType":"AvatarCard","InventoryDisplayTag":1,"Rarity":"VeryRare","ItemName":{"Hash":600782447},"ItemDesc":{"Hash":371857150},"ItemBGDesc":{"Hash":-1153249168},"ItemIconPath":"SpriteOutput/AvatarIcon/Avatar/1106.png","ItemFigureIconPath":"SpriteOutput/AvatarIcon/Avatar/1106.png","ItemCurrencyIconPath":"","ItemAvatarIconPath":"SpriteOutput/AvatarShopIcon/Avatar/1106.png","PileLimit":1,"CustomDataList":[],"ReturnItemIDList":[]},"1107":{"ID":1107,"ItemMainType":"AvatarCard","ItemSubType":"AvatarCard","InventoryDisplayTag":1,"Rarity":"SuperRare","ItemName":{"Hash":600782448},"ItemDesc":{"Hash":371857150},"ItemBGDesc":{"Hash":-1153249167},"ItemIconPath":"SpriteOutput/AvatarIcon/Avatar/1107.png","ItemFigureIconPath":"SpriteOutput/AvatarIcon/Avatar/1107.png","ItemCurrencyIconPath":"","ItemAvatarIconPath":"SpriteOutput/AvatarShopIcon/Avatar/1107.png","PileLimit":1,"CustomDataList":[],"ReturnItemIDList":[]},"1108":{"ID":1108,"ItemMainType":"AvatarCard","ItemSubType":"AvatarCard","InventoryDisplayTag":1,"Rarity":"VeryRare","ItemName":{"Hash":600782457},"ItemDesc":{"Hash":371857150},"ItemBGDesc":{"Hash":-1153249162},"ItemIconPath":"SpriteOutput/AvatarIcon/Avatar/1108.png","ItemFigureIconPath":"SpriteOutput/AvatarIcon/Avatar/1108.png","ItemCurrencyIconPath":"","ItemAvatarIconPath":"SpriteOutput/AvatarShopIcon/Avatar/1108.png","PileLimit":1,"CustomDataList":[],"ReturnItemIDList":[]},"1109":{"ID":1109,"ItemMainType":"AvatarCard","ItemSubType":"AvatarCard","InventoryDisplayTag":1,"Rarity":"VeryRare","ItemName":{"Hash":600782458},"ItemDesc":{"Hash":371857150},"ItemBGDesc":{"Hash":-1153249161},"ItemIconPath":"SpriteOutput/AvatarIcon/Avatar/1109.png","ItemFigureIconPath":"SpriteOutput/AvatarIcon/Avatar/1109.png","ItemCurrencyIconPath":"","ItemAvatarIconPath":"SpriteOutput/AvatarShopIcon/Avatar/1109.png","PileLimit":1,"CustomDataList":[],"ReturnItemIDList":[]},"1110":{"ID":1110,"ItemMainType":"AvatarCard","ItemSubType":"AvatarCard","InventoryDisplayTag":1,"Rarity":"VeryRare","ItemName":{"Hash":-965301492},"ItemDesc":{"Hash":371857150},"ItemBGDesc":{"Hash":412834771},"ItemIconPath":"SpriteOutput/AvatarIcon/Avatar/1110.png","ItemFigureIconPath":"SpriteOutput/AvatarIcon/Avatar/1110.png","ItemCurrencyIconPath":"","ItemAvatarIconPath":"SpriteOutput/AvatarShopIcon/Avatar/1110.png","PileLimit":1,"CustomDataList":[],"ReturnItemIDList":[]},"1111":{"ID":1111,"ItemMainType":"AvatarCard","ItemSubType":"AvatarCard","InventoryDisplayTag":1,"Rarity":"VeryRare","ItemName":{"Hash":-965301491},"ItemDesc":{"Hash":371857150},"ItemBGDesc":{"Hash":412834772},"ItemIconPath":"SpriteOutput/AvatarIcon/Avatar/1111.png","ItemFigureIconPath":"SpriteOutput/AvatarIcon/Avatar/1111.png","ItemCurrencyIconPath":"","ItemAvatarIconPath":"SpriteOutput/AvatarShopIcon/Avatar/1111.png","PileLimit":1,"CustomDataList":[],"ReturnItemIDList":[]},"1112":{"ID":1112,"ItemMainType":"AvatarCard","ItemSubType":"AvatarCard","InventoryDisplayTag":1,"Rarity":"SuperRare","ItemName":{"Hash":-965301490},"ItemDesc":{"Hash":371857150},"ItemBGDesc":{"Hash":412834769},"ItemIconPath":"SpriteOutput/AvatarIcon/Avatar/1112.png","ItemFigureIconPath":"SpriteOutput/AvatarIcon/Avatar/1112.png","ItemCurrencyIconPath":"","ItemAvatarIconPath":"SpriteOutput/AvatarShopIcon/Avatar/1112.png","PileLimit":1,"CustomDataList":[],"ReturnItemIDList":[]},"1201":{"ID":1201,"ItemMainType":"AvatarCard","ItemSubType":"AvatarCard","InventoryDisplayTag":1,"Rarity":"VeryRare","ItemName":{"Hash":600782611},"ItemDesc":{"Hash":371857150},"ItemBGDesc":{"Hash":-1153249268},"ItemIconPath":"SpriteOutput/AvatarIcon/Avatar/1201.png","ItemFigureIconPath":"SpriteOutput/AvatarIcon/Avatar/1201.png","ItemCurrencyIconPath":"","ItemAvatarIconPath":"SpriteOutput/AvatarShopIcon/Avatar/1201.png","PileLimit":1,"CustomDataList":[],"ReturnItemIDList":[]},"1202":{"ID":1202,"ItemMainType":"AvatarCard","ItemSubType":"AvatarCard","InventoryDisplayTag":1,"Rarity":"VeryRare","ItemName":{"Hash":600782610},"ItemDesc":{"Hash":371857150},"ItemBGDesc":{"Hash":-1153249265},"ItemIconPath":"SpriteOutput/AvatarIcon/Avatar/1202.png","ItemFigureIconPath":"SpriteOutput/AvatarIcon/Avatar/1202.png","ItemCurrencyIconPath":"","ItemAvatarIconPath":"SpriteOutput/AvatarShopIcon/Avatar/1202.png","PileLimit":1,"CustomDataList":[],"ReturnItemIDList":[]},"1203":{"ID":1203,"ItemMainType":"AvatarCard","ItemSubType":"AvatarCard","InventoryDisplayTag":1,"Rarity":"SuperRare","ItemName":{"Hash":600782609},"ItemDesc":{"Hash":371857150},"ItemBGDesc":{"Hash":-1153249266},"ItemIconPath":"SpriteOutput/AvatarIcon/Avatar/1203.png","ItemFigureIconPath":"SpriteOutput/AvatarIcon/Avatar/1203.png","ItemCurrencyIconPath":"","ItemAvatarIconPath":"SpriteOutput/AvatarShopIcon/Avatar/1203.png","PileLimit":1,"CustomDataList":[],"ReturnItemIDList":[]},"1204":{"ID":1204,"ItemMainType":"AvatarCard","ItemSubType":"AvatarCard","InventoryDisplayTag":1,"Rarity":"SuperRare","ItemName":{"Hash":600782608},"ItemDesc":{"Hash":371857150},"ItemBGDesc":{"Hash":-1153249263},"ItemIconPath":"SpriteOutput/AvatarIcon/Avatar/1204.png","ItemFigureIconPath":"SpriteOutput/AvatarIcon/Avatar/1204.png","ItemCurrencyIconPath":"","ItemAvatarIconPath":"SpriteOutput/AvatarShopIcon/Avatar/1204.png","PileLimit":1,"CustomDataList":[],"ReturnItemIDList":[]},"1205":{"ID":1205,"ItemMainType":"AvatarCard","ItemSubType":"AvatarCard","InventoryDisplayTag":1,"Rarity":"SuperRare","ItemName":{"Hash":600782607},"ItemDesc":{"Hash":371857150},"ItemBGDesc":{"Hash":-1153249264},"ItemIconPath":"SpriteOutput/AvatarIcon/Avatar/1205.png","ItemFigureIconPath":"SpriteOutput/AvatarIcon/Avatar/1205.png","ItemCurrencyIconPath":"","ItemAvatarIconPath":"SpriteOutput/AvatarShopIcon/Avatar/1205.png","PileLimit":1,"CustomDataList":[],"ReturnItemIDList":[]},"1206":{"ID":1206,"ItemMainType":"AvatarCard","ItemSubType":"AvatarCard","InventoryDisplayTag":1,"Rarity":"VeryRare","ItemName":{"Hash":600782606},"ItemDesc":{"Hash":371857150},"ItemBGDesc":{"Hash":-1153249261},"ItemIconPath":"SpriteOutput/AvatarIcon/Avatar/1206.png","ItemFigureIconPath":"SpriteOutput/AvatarIcon/Avatar/1206.png","ItemCurrencyIconPath":"","ItemAvatarIconPath":"SpriteOutput/AvatarShopIcon/Avatar/1206.png","PileLimit":1,"CustomDataList":[],"ReturnItemIDList":[]},"1207":{"ID":1207,"ItemMainType":"AvatarCard","ItemSubType":"AvatarCard","InventoryDisplayTag":1,"Rarity":"VeryRare","ItemName":{"Hash":600782605},"ItemDesc":{"Hash":371857150},"ItemBGDesc":{"Hash":-1153249262},"ItemIconPath":"SpriteOutput/AvatarIcon/Avatar/1207.png","ItemFigureIconPath":"SpriteOutput/AvatarIcon/Avatar/1207.png","ItemCurrencyIconPath":"","ItemAvatarIconPath":"SpriteOutput/AvatarShopIcon/Avatar/1207.png","PileLimit":1,"CustomDataList":[],"ReturnItemIDList":[]},"1208":{"ID":1208,"ItemMainType":"AvatarCard","ItemSubType":"AvatarCard","InventoryDisplayTag":1,"Rarity":"SuperRare","ItemName":{"Hash":600782620},"ItemDesc":{"Hash":371857150},"ItemBGDesc":{"Hash":-1153249259},"ItemIconPath":"SpriteOutput/AvatarIcon/Avatar/1208.png","ItemFigureIconPath":"SpriteOutput/AvatarIcon/Avatar/1208.png","ItemCurrencyIconPath":"","ItemAvatarIconPath":"SpriteOutput/AvatarShopIcon/Avatar/1208.png","PileLimit":1,"CustomDataList":[],"ReturnItemIDList":[]},"1209":{"ID":1209,"ItemMainType":"AvatarCard","ItemSubType":"AvatarCard","InventoryDisplayTag":1,"Rarity":"SuperRare","ItemName":{"Hash":600782619},"ItemDesc":{"Hash":371857150},"ItemBGDesc":{"Hash":-1153249260},"ItemIconPath":"SpriteOutput/AvatarIcon/Avatar/1209.png","ItemFigureIconPath":"SpriteOutput/AvatarIcon/Avatar/1209.png","ItemCurrencyIconPath":"","ItemAvatarIconPath":"SpriteOutput/AvatarShopIcon/Avatar/1209.png","PileLimit":1,"CustomDataList":[],"ReturnItemIDList":[]},"1210":{"ID":1210,"ItemMainType":"AvatarCard","ItemSubType":"AvatarCard","InventoryDisplayTag":1,"Rarity":"VeryRare","ItemName":{"Hash":-965301329},"ItemDesc":{"Hash":371857150},"ItemBGDesc":{"Hash":412834674},"ItemIconPath":"SpriteOutput/AvatarIcon/Avatar/1210.png","ItemFigureIconPath":"SpriteOutput/AvatarIcon/Avatar/1210.png","ItemCurrencyIconPath":"","ItemAvatarIconPath":"SpriteOutput/AvatarShopIcon/Avatar/1210.png","PileLimit":1,"CustomDataList":[],"ReturnItemIDList":[]},"1211":{"ID":1211,"ItemMainType":"AvatarCard","ItemSubType":"AvatarCard","InventoryDisplayTag":1,"Rarity":"SuperRare","ItemName":{"Hash":-965301330},"ItemDesc":{"Hash":371857150},"ItemBGDesc":{"Hash":412834673},"ItemIconPath":"SpriteOutput/AvatarIcon/Avatar/1211.png","ItemFigureIconPath":"SpriteOutput/AvatarIcon/Avatar/1211.png","ItemCurrencyIconPath":"","ItemAvatarIconPath":"SpriteOutput/AvatarShopIcon/Avatar/1211.png","PileLimit":1,"CustomDataList":[],"ReturnItemIDList":[]},"1212":{"ID":1212,"ItemMainType":"AvatarCard","ItemSubType":"AvatarCard","InventoryDisplayTag":1,"Rarity":"SuperRare","ItemName":{"Hash":-965301331},"ItemDesc":{"Hash":371857150},"ItemBGDesc":{"Hash":412834676},"ItemIconPath":"SpriteOutput/AvatarIcon/Avatar/1212.png","ItemFigureIconPath":"SpriteOutput/AvatarIcon/Avatar/1212.png","ItemCurrencyIconPath":"","ItemAvatarIconPath":"SpriteOutput/AvatarShopIcon/Avatar/1212.png","PileLimit":1,"CustomDataList":[],"ReturnItemIDList":[]},"1213":{"ID":1213,"ItemMainType":"AvatarCard","ItemSubType":"AvatarCard","InventoryDisplayTag":1,"Rarity":"SuperRare","ItemName":{"Hash":-965301332},"ItemDesc":{"Hash":371857150},"ItemBGDesc":{"Hash":412834675},"ItemIconPath":"SpriteOutput/AvatarIcon/Avatar/1213.png","ItemFigureIconPath":"SpriteOutput/AvatarIcon/Avatar/1213.png","ItemCurrencyIconPath":"","ItemAvatarIconPath":"SpriteOutput/AvatarShopIcon/Avatar/1213.png","PileLimit":1,"CustomDataList":[],"ReturnItemIDList":[]},"1214":{"ID":1214,"ItemMainType":"AvatarCard","ItemSubType":"AvatarCard","InventoryDisplayTag":1,"Rarity":"VeryRare","ItemName":{"Hash":-965301333},"ItemDesc":{"Hash":371857150},"ItemBGDesc":{"Hash":412834678},"ItemIconPath":"SpriteOutput/AvatarIcon/Avatar/1214.png","ItemFigureIconPath":"SpriteOutput/AvatarIcon/Avatar/1214.png","ItemCurrencyIconPath":"","ItemAvatarIconPath":"SpriteOutput/AvatarShopIcon/Avatar/1214.png","PileLimit":1,"CustomDataList":[],"ReturnItemIDList":[]},"1215":{"ID":1215,"ItemMainType":"AvatarCard","ItemSubType":"AvatarCard","InventoryDisplayTag":1,"Rarity":"VeryRare","ItemName":{"Hash":-965301334},"ItemDesc":{"Hash":371857150},"ItemBGDesc":{"Hash":412834677},"ItemIconPath":"SpriteOutput/AvatarIcon/Avatar/1215.png","ItemFigureIconPath":"SpriteOutput/AvatarIcon/Avatar/1215.png","ItemCurrencyIconPath":"","ItemAvatarIconPath":"SpriteOutput/AvatarShopIcon/Avatar/1215.png","PileLimit":1,"CustomDataList":[],"ReturnItemIDList":[]},"1217":{"ID":1217,"ItemMainType":"AvatarCard","ItemSubType":"AvatarCard","InventoryDisplayTag":1,"Rarity":"SuperRare","ItemName":{"Hash":-965301336},"ItemDesc":{"Hash":371857150},"ItemBGDesc":{"Hash":412834679},"ItemIconPath":"SpriteOutput/AvatarIcon/Avatar/1217.png","ItemFigureIconPath":"SpriteOutput/AvatarIcon/Avatar/1217.png","ItemCurrencyIconPath":"","ItemAvatarIconPath":"SpriteOutput/AvatarShopIcon/Avatar/1217.png","PileLimit":1,"CustomDataList":[],"ReturnItemIDList":[]},"1218":{"ID":1218,"ItemMainType":"AvatarCard","ItemSubType":"AvatarCard","InventoryDisplayTag":1,"Rarity":"SuperRare","ItemName":{"Hash":-965301321},"ItemDesc":{"Hash":371857150},"ItemBGDesc":{"Hash":412834682},"ItemIconPath":"SpriteOutput/AvatarIcon/Avatar/1218.png","ItemFigureIconPath":"SpriteOutput/AvatarIcon/Avatar/1218.png","ItemCurrencyIconPath":"","ItemAvatarIconPath":"SpriteOutput/AvatarShopIcon/Avatar/1218.png","PileLimit":1,"CustomDataList":[],"ReturnItemIDList":[]},"1221":{"ID":1221,"ItemMainType":"AvatarCard","ItemSubType":"AvatarCard","InventoryDisplayTag":1,"Rarity":"SuperRare","ItemName":{"Hash":-562016803},"ItemDesc":{"Hash":371857150},"ItemBGDesc":{"Hash":1978918614},"ItemIconPath":"SpriteOutput/AvatarIcon/Avatar/1221.png","ItemFigureIconPath":"SpriteOutput/AvatarIcon/Avatar/1221.png","ItemCurrencyIconPath":"","ItemAvatarIconPath":"SpriteOutput/AvatarShopIcon/Avatar/1221.png","PileLimit":1,"CustomDataList":[],"ReturnItemIDList":[]},"1224":{"ID":1224,"ItemMainType":"AvatarCard","ItemSubType":"AvatarCard","InventoryDisplayTag":1,"Rarity":"VeryRare","ItemName":{"Hash":-562016806},"ItemDesc":{"Hash":371857150},"ItemBGDesc":{"Hash":1978918619},"ItemIconPath":"SpriteOutput/AvatarIcon/Avatar/1224.png","ItemFigureIconPath":"SpriteOutput/AvatarIcon/Avatar/1224.png","ItemCurrencyIconPath":"","ItemAvatarIconPath":"SpriteOutput/AvatarShopIcon/Avatar/1224.png","PileLimit":1,"CustomDataList":[],"ReturnItemIDList":[]},"1301":{"ID":1301,"ItemMainType":"AvatarCard","ItemSubType":"AvatarCard","InventoryDisplayTag":1,"Rarity":"VeryRare","ItemName":{"Hash":600782516},"ItemDesc":{"Hash":371857150},"ItemBGDesc":{"Hash":-1153249235},"ItemIconPath":"SpriteOutput/AvatarIcon/Avatar/1301.png","ItemFigureIconPath":"SpriteOutput/AvatarIcon/Avatar/1301.png","ItemCurrencyIconPath":"","ItemAvatarIconPath":"SpriteOutput/AvatarShopIcon/Avatar/1301.png","PileLimit":1,"CustomDataList":[],"ReturnItemIDList":[]},"1302":{"ID":1302,"ItemMainType":"AvatarCard","ItemSubType":"AvatarCard","InventoryDisplayTag":1,"Rarity":"SuperRare","ItemName":{"Hash":600782513},"ItemDesc":{"Hash":371857150},"ItemBGDesc":{"Hash":-1153249234},"ItemIconPath":"SpriteOutput/AvatarIcon/Avatar/1302.png","ItemFigureIconPath":"SpriteOutput/AvatarIcon/Avatar/1302.png","ItemCurrencyIconPath":"","ItemAvatarIconPath":"SpriteOutput/AvatarShopIcon/Avatar/1302.png","PileLimit":1,"CustomDataList":[],"ReturnItemIDList":[]},"1303":{"ID":1303,"ItemMainType":"AvatarCard","ItemSubType":"AvatarCard","InventoryDisplayTag":1,"Rarity":"SuperRare","ItemName":{"Hash":600782514},"ItemDesc":{"Hash":371857150},"ItemBGDesc":{"Hash":-1153249233},"ItemIconPath":"SpriteOutput/AvatarIcon/Avatar/1303.png","ItemFigureIconPath":"SpriteOutput/AvatarIcon/Avatar/1303.png","ItemCurrencyIconPath":"","ItemAvatarIconPath":"SpriteOutput/AvatarShopIcon/Avatar/1303.png","PileLimit":1,"CustomDataList":[],"ReturnItemIDList":[]},"1304":{"ID":1304,"ItemMainType":"AvatarCard","ItemSubType":"AvatarCard","InventoryDisplayTag":1,"Rarity":"SuperRare","ItemName":{"Hash":600782511},"ItemDesc":{"Hash":371857150},"ItemBGDesc":{"Hash":-1153249232},"ItemIconPath":"SpriteOutput/AvatarIcon/Avatar/1304.png","ItemFigureIconPath":"SpriteOutput/AvatarIcon/Avatar/1304.png","ItemCurrencyIconPath":"","ItemAvatarIconPath":"SpriteOutput/AvatarShopIcon/Avatar/1304.png","PileLimit":1,"CustomDataList":[],"ReturnItemIDList":[]},"1305":{"ID":1305,"ItemMainType":"AvatarCard","ItemSubType":"AvatarCard","InventoryDisplayTag":1,"Rarity":"SuperRare","ItemName":{"Hash":600782512},"ItemDesc":{"Hash":371857150},"ItemBGDesc":{"Hash":-1153249231},"ItemIconPath":"SpriteOutput/AvatarIcon/Avatar/1305.png","ItemFigureIconPath":"SpriteOutput/AvatarIcon/Avatar/1305.png","ItemCurrencyIconPath":"","ItemAvatarIconPath":"SpriteOutput/AvatarShopIcon/Avatar/1305.png","PileLimit":1,"CustomDataList":[],"ReturnItemIDList":[]},"1306":{"ID":1306,"ItemMainType":"AvatarCard","ItemSubType":"AvatarCard","InventoryDisplayTag":1,"Rarity":"SuperRare","ItemName":{"Hash":600782509},"ItemDesc":{"Hash":371857150},"ItemBGDesc":{"Hash":-1153249230},"ItemIconPath":"SpriteOutput/AvatarIcon/Avatar/1306.png","ItemFigureIconPath":"SpriteOutput/AvatarIcon/Avatar/1306.png","ItemCurrencyIconPath":"","ItemAvatarIconPath":"SpriteOutput/AvatarShopIcon/Avatar/1306.png","PileLimit":1,"CustomDataList":[],"ReturnItemIDList":[]},"1307":{"ID":1307,"ItemMainType":"AvatarCard","ItemSubType":"AvatarCard","InventoryDisplayTag":1,"Rarity":"SuperRare","ItemName":{"Hash":600782510},"ItemDesc":{"Hash":371857150},"ItemBGDesc":{"Hash":-1153249229},"ItemIconPath":"SpriteOutput/AvatarIcon/Avatar/1307.png","ItemFigureIconPath":"SpriteOutput/AvatarIcon/Avatar/1307.png","ItemCurrencyIconPath":"","ItemAvatarIconPath":"SpriteOutput/AvatarShopIcon/Avatar/1307.png","PileLimit":1,"CustomDataList":[],"ReturnItemIDList":[]},"1308":{"ID":1308,"ItemMainType":"AvatarCard","ItemSubType":"AvatarCard","InventoryDisplayTag":1,"Rarity":"SuperRare","ItemName":{"Hash":600782523},"ItemDesc":{"Hash":371857150},"ItemBGDesc":{"Hash":-1153249228},"ItemIconPath":"SpriteOutput/AvatarIcon/Avatar/1308.png","ItemFigureIconPath":"SpriteOutput/AvatarIcon/Avatar/1308.png","ItemCurrencyIconPath":"","ItemAvatarIconPath":"SpriteOutput/AvatarShopIcon/Avatar/1308.png","PileLimit":1,"CustomDataList":[],"ReturnItemIDList":[]},"1309":{"ID":1309,"ItemMainType":"AvatarCard","ItemSubType":"AvatarCard","InventoryDisplayTag":1,"Rarity":"SuperRare","ItemName":{"Hash":600782524},"ItemDesc":{"Hash":371857150},"ItemBGDesc":{"Hash":-1153249227},"ItemIconPath":"SpriteOutput/AvatarIcon/Avatar/1309.png","ItemFigureIconPath":"SpriteOutput/AvatarIcon/Avatar/1309.png","ItemCurrencyIconPath":"","ItemAvatarIconPath":"SpriteOutput/AvatarShopIcon/Avatar/1309.png","PileLimit":1,"CustomDataList":[],"ReturnItemIDList":[]},"1310":{"ID":1310,"ItemMainType":"AvatarCard","ItemSubType":"AvatarCard","InventoryDisplayTag":1,"Rarity":"SuperRare","ItemName":{"Hash":-965301426},"ItemDesc":{"Hash":371857150},"ItemBGDesc":{"Hash":412834705},"ItemIconPath":"SpriteOutput/AvatarIcon/Avatar/1310.png","ItemFigureIconPath":"SpriteOutput/AvatarIcon/Avatar/1310.png","ItemCurrencyIconPath":"","ItemAvatarIconPath":"SpriteOutput/AvatarShopIcon/Avatar/1310.png","PileLimit":1,"CustomDataList":[],"ReturnItemIDList":[]},"1312":{"ID":1312,"ItemMainType":"AvatarCard","ItemSubType":"AvatarCard","InventoryDisplayTag":1,"Rarity":"VeryRare","ItemName":{"Hash":-965301428},"ItemDesc":{"Hash":371857150},"ItemBGDesc":{"Hash":412834707},"ItemIconPath":"SpriteOutput/AvatarIcon/Avatar/1312.png","ItemFigureIconPath":"SpriteOutput/AvatarIcon/Avatar/1312.png","ItemCurrencyIconPath":"","ItemAvatarIconPath":"SpriteOutput/AvatarShopIcon/Avatar/1312.png","PileLimit":1,"CustomDataList":[],"ReturnItemIDList":[]},"1314":{"ID":1314,"ItemMainType":"AvatarCard","ItemSubType":"AvatarCard","InventoryDisplayTag":1,"Rarity":"SuperRare","ItemName":{"Hash":-965301430},"ItemDesc":{"Hash":371857150},"ItemBGDesc":{"Hash":412834709},"ItemIconPath":"SpriteOutput/AvatarIcon/Avatar/1314.png","ItemFigureIconPath":"SpriteOutput/AvatarIcon/Avatar/1314.png","ItemCurrencyIconPath":"","ItemAvatarIconPath":"SpriteOutput/AvatarShopIcon/Avatar/1314.png","PileLimit":1,"CustomDataList":[],"ReturnItemIDList":[]},"1315":{"ID":1315,"ItemMainType":"AvatarCard","ItemSubType":"AvatarCard","InventoryDisplayTag":1,"Rarity":"SuperRare","ItemName":{"Hash":-965301429},"ItemDesc":{"Hash":371857150},"ItemBGDesc":{"Hash":412834710},"ItemIconPath":"SpriteOutput/AvatarIcon/Avatar/1315.png","ItemFigureIconPath":"SpriteOutput/AvatarIcon/Avatar/1315.png","ItemCurrencyIconPath":"","ItemAvatarIconPath":"SpriteOutput/AvatarShopIcon/Avatar/1315.png","PileLimit":1,"CustomDataList":[],"ReturnItemIDList":[]},"7005":{"ID":7005,"ItemMainType":"AvatarCard","ItemSubType":"AvatarCard","InventoryDisplayTag":1,"Rarity":"SuperRare","ItemName":{"Hash":600782541},"ItemDesc":{"Hash":371857150},"ItemBGDesc":{"Hash":-1153249198},"ItemIconPath":"SpriteOutput/AvatarIcon/Avatar/1005.png","ItemFigureIconPath":"SpriteOutput/AvatarIcon/Avatar/1005.png","ItemCurrencyIconPath":"","ItemAvatarIconPath":"SpriteOutput/AvatarShopIcon/Avatar/1005.png","PileLimit":1,"CustomDataList":[],"ReturnItemIDList":[]},"7006":{"ID":7006,"ItemMainType":"AvatarCard","ItemSubType":"AvatarCard","InventoryDisplayTag":1,"Rarity":"SuperRare","ItemName":{"Hash":600782544},"ItemDesc":{"Hash":371857150},"ItemBGDesc":{"Hash":-1153249199},"ItemIconPath":"SpriteOutput/AvatarIcon/Avatar/1006.png","ItemFigureIconPath":"SpriteOutput/AvatarIcon/Avatar/1006.png","ItemCurrencyIconPath":"","ItemAvatarIconPath":"SpriteOutput/AvatarShopIcon/Avatar/1006.png","PileLimit":1,"CustomDataList":[],"ReturnItemIDList":[]},"7205":{"ID":7205,"ItemMainType":"AvatarCard","ItemSubType":"AvatarCard","InventoryDisplayTag":1,"Rarity":"SuperRare","ItemName":{"Hash":600782607},"ItemDesc":{"Hash":371857150},"ItemBGDesc":{"Hash":-1153249264},"ItemIconPath":"SpriteOutput/AvatarIcon/Avatar/1205.png","ItemFigureIconPath":"SpriteOutput/AvatarIcon/Avatar/1205.png","ItemCurrencyIconPath":"","ItemAvatarIconPath":"SpriteOutput/AvatarShopIcon/Avatar/1205.png","PileLimit":1,"CustomDataList":[],"ReturnItemIDList":[]},"7212":{"ID":7212,"ItemMainType":"AvatarCard","ItemSubType":"AvatarCard","InventoryDisplayTag":1,"Rarity":"SuperRare","ItemName":{"Hash":-965301331},"ItemDesc":{"Hash":371857150},"ItemBGDesc":{"Hash":412834676},"ItemIconPath":"SpriteOutput/AvatarIcon/Avatar/1212.png","ItemFigureIconPath":"SpriteOutput/AvatarIcon/Avatar/1212.png","ItemCurrencyIconPath":"","ItemAvatarIconPath":"SpriteOutput/AvatarShopIcon/Avatar/1212.png","PileLimit":1,"CustomDataList":[],"ReturnItemIDList":[]},"7213":{"ID":7213,"ItemMainType":"AvatarCard","ItemSubType":"AvatarCard","InventoryDisplayTag":1,"Rarity":"SuperRare","ItemName":{"Hash":-965301332},"ItemDesc":{"Hash":371857150},"ItemBGDesc":{"Hash":412834675},"ItemIconPath":"SpriteOutput/AvatarIcon/Avatar/1213.png","ItemFigureIconPath":"SpriteOutput/AvatarIcon/Avatar/1213.png","ItemCurrencyIconPath":"","ItemAvatarIconPath":"SpriteOutput/AvatarShopIcon/Avatar/1213.png","PileLimit":1,"CustomDataList":[],"ReturnItemIDList":[]},"8001":{"ID":8001,"ItemMainType":"AvatarCard","ItemSubType":"AvatarCard","InventoryDisplayTag":1,"Rarity":"SuperRare","ItemName":{"Hash":775444452},"ItemDesc":{"Hash":371857150},"ItemBGDesc":{"Hash":-696262293},"ItemIconPath":"SpriteOutput/AvatarIcon/Avatar/8001.png","ItemFigureIconPath":"SpriteOutput/AvatarIcon/Avatar/8001.png","ItemCurrencyIconPath":"","ItemAvatarIconPath":"SpriteOutput/AvatarShopIcon/Avatar/8001.png","PileLimit":1,"CustomDataList":[],"ReturnItemIDList":[]},"8002":{"ID":8002,"ItemMainType":"AvatarCard","ItemSubType":"AvatarCard","InventoryDisplayTag":1,"Rarity":"SuperRare","ItemName":{"Hash":775444455},"ItemDesc":{"Hash":371857150},"ItemBGDesc":{"Hash":-696262294},"ItemIconPath":"SpriteOutput/AvatarIcon/Avatar/8002.png","ItemFigureIconPath":"SpriteOutput/AvatarIcon/Avatar/8002.png","ItemCurrencyIconPath":"","ItemAvatarIconPath":"SpriteOutput/AvatarShopIcon/Avatar/8002.png","PileLimit":1,"CustomDataList":[],"ReturnItemIDList":[]},"8003":{"ID":8003,"ItemMainType":"AvatarCard","ItemSubType":"AvatarCard","InventoryDisplayTag":1,"Rarity":"SuperRare","ItemName":{"Hash":775444454},"ItemDesc":{"Hash":371857150},"ItemBGDesc":{"Hash":-696262295},"ItemIconPath":"SpriteOutput/AvatarIcon/Avatar/8003.png","ItemFigureIconPath":"SpriteOutput/AvatarIcon/Avatar/8003.png","ItemCurrencyIconPath":"","ItemAvatarIconPath":"SpriteOutput/AvatarShopIcon/Avatar/8003.png","PileLimit":1,"CustomDataList":[],"ReturnItemIDList":[]},"8004":{"ID":8004,"ItemMainType":"AvatarCard","ItemSubType":"AvatarCard","InventoryDisplayTag":1,"Rarity":"SuperRare","ItemName":{"Hash":775444449},"ItemDesc":{"Hash":371857150},"ItemBGDesc":{"Hash":-696262288},"ItemIconPath":"SpriteOutput/AvatarIcon/Avatar/8004.png","ItemFigureIconPath":"SpriteOutput/AvatarIcon/Avatar/8004.png","ItemCurrencyIconPath":"","ItemAvatarIconPath":"SpriteOutput/AvatarShopIcon/Avatar/8004.png","PileLimit":1,"CustomDataList":[],"ReturnItemIDList":[]},"8005":{"ID":8005,"ItemMainType":"AvatarCard","ItemSubType":"AvatarCard","InventoryDisplayTag":1,"Rarity":"SuperRare","ItemName":{"Hash":775444448},"ItemDesc":{"Hash":371857150},"ItemBGDesc":{"Hash":-696262289},"ItemIconPath":"SpriteOutput/AvatarIcon/Avatar/8005.png","ItemFigureIconPath":"SpriteOutput/AvatarIcon/Avatar/8005.png","ItemCurrencyIconPath":"","ItemAvatarIconPath":"SpriteOutput/AvatarShopIcon/Avatar/8005.png","PileLimit":1,"CustomDataList":[],"ReturnItemIDList":[]},"8006":{"ID":8006,"ItemMainType":"AvatarCard","ItemSubType":"AvatarCard","InventoryDisplayTag":1,"Rarity":"SuperRare","ItemName":{"Hash":775444451},"ItemDesc":{"Hash":371857150},"ItemBGDesc":{"Hash":-696262290},"ItemIconPath":"SpriteOutput/AvatarIcon/Avatar/8006.png","ItemFigureIconPath":"SpriteOutput/AvatarIcon/Avatar/8006.png","ItemCurrencyIconPath":"","ItemAvatarIconPath":"SpriteOutput/AvatarShopIcon/Avatar/8006.png","PileLimit":1,"CustomDataList":[],"ReturnItemIDList":[]}}