{"1001":{"ID":1001,"ItemMainType":"AvatarCard","ItemSubType":"AvatarCard","InventoryDisplayTag":1,"Rarity":"VeryRare","ItemName":{"Hash":5115085844323377115},"ItemBGDesc":{"Hash":13926276512027878662},"ItemIconPath":"SpriteOutput/AvatarIcon/Avatar/1001.png","ItemFigureIconPath":"SpriteOutput/AvatarIcon/Avatar/1001.png","ItemCurrencyIconPath":"","ItemAvatarIconPath":"SpriteOutput/AvatarShopIcon/Avatar/1001.png","PileLimit":1,"CustomDataList":[],"ReturnItemIDList":[]},"1002":{"ID":1002,"ItemMainType":"AvatarCard","ItemSubType":"AvatarCard","InventoryDisplayTag":1,"Rarity":"VeryRare","ItemName":{"Hash":3869350091089856242},"ItemBGDesc":{"Hash":18068337028353250265},"ItemIconPath":"SpriteOutput/AvatarIcon/Avatar/1002.png","ItemFigureIconPath":"SpriteOutput/AvatarIcon/Avatar/1002.png","ItemCurrencyIconPath":"","ItemAvatarIconPath":"SpriteOutput/AvatarShopIcon/Avatar/1002.png","PileLimit":1,"CustomDataList":[],"ReturnItemIDList":[]},"1003":{"ID":1003,"ItemMainType":"AvatarCard","ItemSubType":"AvatarCard","InventoryDisplayTag":1,"Rarity":"SuperRare","ItemName":{"Hash":5042135322231124724},"ItemBGDesc":{"Hash":7695541638729653752},"ItemIconPath":"SpriteOutput/AvatarIcon/Avatar/1003.png","ItemFigureIconPath":"SpriteOutput/AvatarIcon/Avatar/1003.png","ItemCurrencyIconPath":"","ItemAvatarIconPath":"SpriteOutput/AvatarShopIcon/Avatar/1003.png","PileLimit":1,"CustomDataList":[],"ReturnItemIDList":[]},"1004":{"ID":1004,"ItemMainType":"AvatarCard","ItemSubType":"AvatarCard","InventoryDisplayTag":1,"Rarity":"SuperRare","ItemName":{"Hash":15025272592372511654},"ItemBGDesc":{"Hash":13249050483759206492},"ItemIconPath":"SpriteOutput/AvatarIcon/Avatar/1004.png","ItemFigureIconPath":"SpriteOutput/AvatarIcon/Avatar/1004.png","ItemCurrencyIconPath":"","ItemAvatarIconPath":"SpriteOutput/AvatarShopIcon/Avatar/1004.png","PileLimit":1,"CustomDataList":[],"ReturnItemIDList":[]},"1005":{"ID":1005,"ItemMainType":"AvatarCard","ItemSubType":"AvatarCard","InventoryDisplayTag":1,"Rarity":"SuperRare","ItemName":{"Hash":17971987663123144710},"ItemBGDesc":{"Hash":12520891687463310754},"ItemIconPath":"SpriteOutput/AvatarIcon/Avatar/1005.png","ItemFigureIconPath":"SpriteOutput/AvatarIcon/Avatar/1005.png","ItemCurrencyIconPath":"","ItemAvatarIconPath":"SpriteOutput/AvatarShopIcon/Avatar/1005.png","PileLimit":1,"CustomDataList":[],"ReturnItemIDList":[]},"1006":{"ID":1006,"ItemMainType":"AvatarCard","ItemSubType":"AvatarCard","InventoryDisplayTag":1,"Rarity":"SuperRare","ItemName":{"Hash":14770842601085118193},"ItemBGDesc":{"Hash":7532950590530175151},"ItemIconPath":"SpriteOutput/AvatarIcon/Avatar/1006.png","ItemFigureIconPath":"SpriteOutput/AvatarIcon/Avatar/1006.png","ItemCurrencyIconPath":"","ItemAvatarIconPath":"SpriteOutput/AvatarShopIcon/Avatar/1006.png","PileLimit":1,"CustomDataList":[],"ReturnItemIDList":[]},"1008":{"ID":1008,"ItemMainType":"AvatarCard","ItemSubType":"AvatarCard","InventoryDisplayTag":1,"Rarity":"VeryRare","ItemName":{"Hash":17631083677950067730},"ItemBGDesc":{"Hash":12150946342542839125},"ItemIconPath":"SpriteOutput/AvatarIcon/Avatar/1008.png","ItemFigureIconPath":"SpriteOutput/AvatarIcon/Avatar/1008.png","ItemCurrencyIconPath":"","ItemAvatarIconPath":"SpriteOutput/AvatarShopIcon/Avatar/1008.png","PileLimit":1,"CustomDataList":[],"ReturnItemIDList":[]},"1009":{"ID":1009,"ItemMainType":"AvatarCard","ItemSubType":"AvatarCard","InventoryDisplayTag":1,"Rarity":"VeryRare","ItemName":{"Hash":9470728750048426445},"ItemBGDesc":{"Hash":959985818580114324},"ItemIconPath":"SpriteOutput/AvatarIcon/Avatar/1009.png","ItemFigureIconPath":"SpriteOutput/AvatarIcon/Avatar/1009.png","ItemCurrencyIconPath":"","ItemAvatarIconPath":"SpriteOutput/AvatarShopIcon/Avatar/1009.png","PileLimit":1,"CustomDataList":[],"ReturnItemIDList":[]},"1013":{"ID":1013,"ItemMainType":"AvatarCard","ItemSubType":"AvatarCard","InventoryDisplayTag":1,"Rarity":"VeryRare","ItemName":{"Hash":7411809582374456143},"ItemBGDesc":{"Hash":8212834695963575798},"ItemIconPath":"SpriteOutput/AvatarIcon/Avatar/1013.png","ItemFigureIconPath":"SpriteOutput/AvatarIcon/Avatar/1013.png","ItemCurrencyIconPath":"","ItemAvatarIconPath":"SpriteOutput/AvatarShopIcon/Avatar/1013.png","PileLimit":1,"CustomDataList":[],"ReturnItemIDList":[]},"1014":{"ID":1014,"ItemMainType":"AvatarCard","ItemSubType":"AvatarCard","InventoryDisplayTag":1,"Rarity":"SuperRare","ItemName":{"Hash":9372088759984559843},"ItemBGDesc":{"Hash":15294814221316395218},"ItemIconPath":"SpriteOutput/AvatarIcon/Avatar/1014.png","ItemFigureIconPath":"SpriteOutput/AvatarIcon/Avatar/1014.png","ItemCurrencyIconPath":"","ItemAvatarIconPath":"SpriteOutput/AvatarShopIcon/Avatar/1014.png","PileLimit":1,"CustomDataList":[],"ReturnItemIDList":[]},"1015":{"ID":1015,"ItemMainType":"AvatarCard","ItemSubType":"AvatarCard","InventoryDisplayTag":1,"Rarity":"SuperRare","ItemName":{"Hash":1437620868509008963},"ItemBGDesc":{"Hash":4301027939252314781},"ItemIconPath":"SpriteOutput/AvatarIcon/Avatar/1015.png","ItemFigureIconPath":"SpriteOutput/AvatarIcon/Avatar/1015.png","ItemCurrencyIconPath":"","ItemAvatarIconPath":"SpriteOutput/AvatarShopIcon/Avatar/1015.png","PileLimit":1,"CustomDataList":[],"ReturnItemIDList":[]},"1101":{"ID":1101,"ItemMainType":"AvatarCard","ItemSubType":"AvatarCard","InventoryDisplayTag":1,"Rarity":"SuperRare","ItemName":{"Hash":14518544540550519411},"ItemBGDesc":{"Hash":11433705198091580906},"ItemIconPath":"SpriteOutput/AvatarIcon/Avatar/1101.png","ItemFigureIconPath":"SpriteOutput/AvatarIcon/Avatar/1101.png","ItemCurrencyIconPath":"","ItemAvatarIconPath":"SpriteOutput/AvatarShopIcon/Avatar/1101.png","PileLimit":1,"CustomDataList":[],"ReturnItemIDList":[]},"1102":{"ID":1102,"ItemMainType":"AvatarCard","ItemSubType":"AvatarCard","InventoryDisplayTag":1,"Rarity":"SuperRare","ItemName":{"Hash":17353897821742878233},"ItemBGDesc":{"Hash":5457158553544815622},"ItemIconPath":"SpriteOutput/AvatarIcon/Avatar/1102.png","ItemFigureIconPath":"SpriteOutput/AvatarIcon/Avatar/1102.png","ItemCurrencyIconPath":"","ItemAvatarIconPath":"SpriteOutput/AvatarShopIcon/Avatar/1102.png","PileLimit":1,"CustomDataList":[],"ReturnItemIDList":[]},"1103":{"ID":1103,"ItemMainType":"AvatarCard","ItemSubType":"AvatarCard","InventoryDisplayTag":1,"Rarity":"VeryRare","ItemName":{"Hash":1649429220830105164},"ItemBGDesc":{"Hash":9083788990248396726},"ItemIconPath":"SpriteOutput/AvatarIcon/Avatar/1103.png","ItemFigureIconPath":"SpriteOutput/AvatarIcon/Avatar/1103.png","ItemCurrencyIconPath":"","ItemAvatarIconPath":"SpriteOutput/AvatarShopIcon/Avatar/1103.png","PileLimit":1,"CustomDataList":[],"ReturnItemIDList":[]},"1104":{"ID":1104,"ItemMainType":"AvatarCard","ItemSubType":"AvatarCard","InventoryDisplayTag":1,"Rarity":"SuperRare","ItemName":{"Hash":18160318969085971217},"ItemBGDesc":{"Hash":13387669363114031768},"ItemIconPath":"SpriteOutput/AvatarIcon/Avatar/1104.png","ItemFigureIconPath":"SpriteOutput/AvatarIcon/Avatar/1104.png","ItemCurrencyIconPath":"","ItemAvatarIconPath":"SpriteOutput/AvatarShopIcon/Avatar/1104.png","PileLimit":1,"CustomDataList":[],"ReturnItemIDList":[]},"1105":{"ID":1105,"ItemMainType":"AvatarCard","ItemSubType":"AvatarCard","InventoryDisplayTag":1,"Rarity":"VeryRare","ItemName":{"Hash":12475743942650817835},"ItemBGDesc":{"Hash":11327252347441229736},"ItemIconPath":"SpriteOutput/AvatarIcon/Avatar/1105.png","ItemFigureIconPath":"SpriteOutput/AvatarIcon/Avatar/1105.png","ItemCurrencyIconPath":"","ItemAvatarIconPath":"SpriteOutput/AvatarShopIcon/Avatar/1105.png","PileLimit":1,"CustomDataList":[],"ReturnItemIDList":[]},"1106":{"ID":1106,"ItemMainType":"AvatarCard","ItemSubType":"AvatarCard","InventoryDisplayTag":1,"Rarity":"VeryRare","ItemName":{"Hash":2338390270647331301},"ItemBGDesc":{"Hash":18263788905438377308},"ItemIconPath":"SpriteOutput/AvatarIcon/Avatar/1106.png","ItemFigureIconPath":"SpriteOutput/AvatarIcon/Avatar/1106.png","ItemCurrencyIconPath":"","ItemAvatarIconPath":"SpriteOutput/AvatarShopIcon/Avatar/1106.png","PileLimit":1,"CustomDataList":[],"ReturnItemIDList":[]},"1107":{"ID":1107,"ItemMainType":"AvatarCard","ItemSubType":"AvatarCard","InventoryDisplayTag":1,"Rarity":"SuperRare","ItemName":{"Hash":13398450758264356807},"ItemBGDesc":{"Hash":959658597592275957},"ItemIconPath":"SpriteOutput/AvatarIcon/Avatar/1107.png","ItemFigureIconPath":"SpriteOutput/AvatarIcon/Avatar/1107.png","ItemCurrencyIconPath":"","ItemAvatarIconPath":"SpriteOutput/AvatarShopIcon/Avatar/1107.png","PileLimit":1,"CustomDataList":[],"ReturnItemIDList":[]},"1108":{"ID":1108,"ItemMainType":"AvatarCard","ItemSubType":"AvatarCard","InventoryDisplayTag":1,"Rarity":"VeryRare","ItemName":{"Hash":5735896817940833244},"ItemBGDesc":{"Hash":6019653393317426773},"ItemIconPath":"SpriteOutput/AvatarIcon/Avatar/1108.png","ItemFigureIconPath":"SpriteOutput/AvatarIcon/Avatar/1108.png","ItemCurrencyIconPath":"","ItemAvatarIconPath":"SpriteOutput/AvatarShopIcon/Avatar/1108.png","PileLimit":1,"CustomDataList":[],"ReturnItemIDList":[]},"1109":{"ID":1109,"ItemMainType":"AvatarCard","ItemSubType":"AvatarCard","InventoryDisplayTag":1,"Rarity":"VeryRare","ItemName":{"Hash":11109027835119172869},"ItemBGDesc":{"Hash":15907181906011100973},"ItemIconPath":"SpriteOutput/AvatarIcon/Avatar/1109.png","ItemFigureIconPath":"SpriteOutput/AvatarIcon/Avatar/1109.png","ItemCurrencyIconPath":"","ItemAvatarIconPath":"SpriteOutput/AvatarShopIcon/Avatar/1109.png","PileLimit":1,"CustomDataList":[],"ReturnItemIDList":[]},"1110":{"ID":1110,"ItemMainType":"AvatarCard","ItemSubType":"AvatarCard","InventoryDisplayTag":1,"Rarity":"VeryRare","ItemName":{"Hash":2062850784206713502},"ItemBGDesc":{"Hash":15782678123029121426},"ItemIconPath":"SpriteOutput/AvatarIcon/Avatar/1110.png","ItemFigureIconPath":"SpriteOutput/AvatarIcon/Avatar/1110.png","ItemCurrencyIconPath":"","ItemAvatarIconPath":"SpriteOutput/AvatarShopIcon/Avatar/1110.png","PileLimit":1,"CustomDataList":[],"ReturnItemIDList":[]},"1111":{"ID":1111,"ItemMainType":"AvatarCard","ItemSubType":"AvatarCard","InventoryDisplayTag":1,"Rarity":"VeryRare","ItemName":{"Hash":15566077819411668462},"ItemBGDesc":{"Hash":2270643304712921188},"ItemIconPath":"SpriteOutput/AvatarIcon/Avatar/1111.png","ItemFigureIconPath":"SpriteOutput/AvatarIcon/Avatar/1111.png","ItemCurrencyIconPath":"","ItemAvatarIconPath":"SpriteOutput/AvatarShopIcon/Avatar/1111.png","PileLimit":1,"CustomDataList":[],"ReturnItemIDList":[]},"1112":{"ID":1112,"ItemMainType":"AvatarCard","ItemSubType":"AvatarCard","InventoryDisplayTag":1,"Rarity":"SuperRare","ItemName":{"Hash":15226212072402028165},"ItemBGDesc":{"Hash":4735798187003139027},"ItemIconPath":"SpriteOutput/AvatarIcon/Avatar/1112.png","ItemFigureIconPath":"SpriteOutput/AvatarIcon/Avatar/1112.png","ItemCurrencyIconPath":"","ItemAvatarIconPath":"SpriteOutput/AvatarShopIcon/Avatar/1112.png","PileLimit":1,"CustomDataList":[],"ReturnItemIDList":[]},"1201":{"ID":1201,"ItemMainType":"AvatarCard","ItemSubType":"AvatarCard","InventoryDisplayTag":1,"Rarity":"VeryRare","ItemName":{"Hash":3419221133453758170},"ItemBGDesc":{"Hash":6136276566897868994},"ItemIconPath":"SpriteOutput/AvatarIcon/Avatar/1201.png","ItemFigureIconPath":"SpriteOutput/AvatarIcon/Avatar/1201.png","ItemCurrencyIconPath":"","ItemAvatarIconPath":"SpriteOutput/AvatarShopIcon/Avatar/1201.png","PileLimit":1,"CustomDataList":[],"ReturnItemIDList":[]},"1202":{"ID":1202,"ItemMainType":"AvatarCard","ItemSubType":"AvatarCard","InventoryDisplayTag":1,"Rarity":"VeryRare","ItemName":{"Hash":14360657256988459531},"ItemBGDesc":{"Hash":4794612222699999289},"ItemIconPath":"SpriteOutput/AvatarIcon/Avatar/1202.png","ItemFigureIconPath":"SpriteOutput/AvatarIcon/Avatar/1202.png","ItemCurrencyIconPath":"","ItemAvatarIconPath":"SpriteOutput/AvatarShopIcon/Avatar/1202.png","PileLimit":1,"CustomDataList":[],"ReturnItemIDList":[]},"1203":{"ID":1203,"ItemMainType":"AvatarCard","ItemSubType":"AvatarCard","InventoryDisplayTag":1,"Rarity":"SuperRare","ItemName":{"Hash":5837555938913912043},"ItemBGDesc":{"Hash":14412435893717620789},"ItemIconPath":"SpriteOutput/AvatarIcon/Avatar/1203.png","ItemFigureIconPath":"SpriteOutput/AvatarIcon/Avatar/1203.png","ItemCurrencyIconPath":"","ItemAvatarIconPath":"SpriteOutput/AvatarShopIcon/Avatar/1203.png","PileLimit":1,"CustomDataList":[],"ReturnItemIDList":[]},"1204":{"ID":1204,"ItemMainType":"AvatarCard","ItemSubType":"AvatarCard","InventoryDisplayTag":1,"Rarity":"SuperRare","ItemName":{"Hash":549117368712968119},"ItemBGDesc":{"Hash":18235824032596813426},"ItemIconPath":"SpriteOutput/AvatarIcon/Avatar/1204.png","ItemFigureIconPath":"SpriteOutput/AvatarIcon/Avatar/1204.png","ItemCurrencyIconPath":"","ItemAvatarIconPath":"SpriteOutput/AvatarShopIcon/Avatar/1204.png","PileLimit":1,"CustomDataList":[],"ReturnItemIDList":[]},"1205":{"ID":1205,"ItemMainType":"AvatarCard","ItemSubType":"AvatarCard","InventoryDisplayTag":1,"Rarity":"SuperRare","ItemName":{"Hash":3356833710672837530},"ItemBGDesc":{"Hash":6670310855090454759},"ItemIconPath":"SpriteOutput/AvatarIcon/Avatar/1205.png","ItemFigureIconPath":"SpriteOutput/AvatarIcon/Avatar/1205.png","ItemCurrencyIconPath":"","ItemAvatarIconPath":"SpriteOutput/AvatarShopIcon/Avatar/1205.png","PileLimit":1,"CustomDataList":[],"ReturnItemIDList":[]},"1206":{"ID":1206,"ItemMainType":"AvatarCard","ItemSubType":"AvatarCard","InventoryDisplayTag":1,"Rarity":"VeryRare","ItemName":{"Hash":13672338877230879390},"ItemBGDesc":{"Hash":3371144389959394257},"ItemIconPath":"SpriteOutput/AvatarIcon/Avatar/1206.png","ItemFigureIconPath":"SpriteOutput/AvatarIcon/Avatar/1206.png","ItemCurrencyIconPath":"","ItemAvatarIconPath":"SpriteOutput/AvatarShopIcon/Avatar/1206.png","PileLimit":1,"CustomDataList":[],"ReturnItemIDList":[]},"1207":{"ID":1207,"ItemMainType":"AvatarCard","ItemSubType":"AvatarCard","InventoryDisplayTag":1,"Rarity":"VeryRare","ItemName":{"Hash":11629243616284813901},"ItemBGDesc":{"Hash":3837253245466097040},"ItemIconPath":"SpriteOutput/AvatarIcon/Avatar/1207.png","ItemFigureIconPath":"SpriteOutput/AvatarIcon/Avatar/1207.png","ItemCurrencyIconPath":"","ItemAvatarIconPath":"SpriteOutput/AvatarShopIcon/Avatar/1207.png","PileLimit":1,"CustomDataList":[],"ReturnItemIDList":[]},"1208":{"ID":1208,"ItemMainType":"AvatarCard","ItemSubType":"AvatarCard","InventoryDisplayTag":1,"Rarity":"SuperRare","ItemName":{"Hash":13389040383005744343},"ItemBGDesc":{"Hash":4632148192459082546},"ItemIconPath":"SpriteOutput/AvatarIcon/Avatar/1208.png","ItemFigureIconPath":"SpriteOutput/AvatarIcon/Avatar/1208.png","ItemCurrencyIconPath":"","ItemAvatarIconPath":"SpriteOutput/AvatarShopIcon/Avatar/1208.png","PileLimit":1,"CustomDataList":[],"ReturnItemIDList":[]},"1209":{"ID":1209,"ItemMainType":"AvatarCard","ItemSubType":"AvatarCard","InventoryDisplayTag":1,"Rarity":"SuperRare","ItemName":{"Hash":15804635470238539021},"ItemBGDesc":{"Hash":2799318048942794047},"ItemIconPath":"SpriteOutput/AvatarIcon/Avatar/1209.png","ItemFigureIconPath":"SpriteOutput/AvatarIcon/Avatar/1209.png","ItemCurrencyIconPath":"","ItemAvatarIconPath":"SpriteOutput/AvatarShopIcon/Avatar/1209.png","PileLimit":1,"CustomDataList":[],"ReturnItemIDList":[]},"1210":{"ID":1210,"ItemMainType":"AvatarCard","ItemSubType":"AvatarCard","InventoryDisplayTag":1,"Rarity":"VeryRare","ItemName":{"Hash":1509869960444959279},"ItemBGDesc":{"Hash":15707171897375569929},"ItemIconPath":"SpriteOutput/AvatarIcon/Avatar/1210.png","ItemFigureIconPath":"SpriteOutput/AvatarIcon/Avatar/1210.png","ItemCurrencyIconPath":"","ItemAvatarIconPath":"SpriteOutput/AvatarShopIcon/Avatar/1210.png","PileLimit":1,"CustomDataList":[],"ReturnItemIDList":[]},"1211":{"ID":1211,"ItemMainType":"AvatarCard","ItemSubType":"AvatarCard","InventoryDisplayTag":1,"Rarity":"SuperRare","ItemName":{"Hash":6877400896704106399},"ItemBGDesc":{"Hash":16392835187671009577},"ItemIconPath":"SpriteOutput/AvatarIcon/Avatar/1211.png","ItemFigureIconPath":"SpriteOutput/AvatarIcon/Avatar/1211.png","ItemCurrencyIconPath":"","ItemAvatarIconPath":"SpriteOutput/AvatarShopIcon/Avatar/1211.png","PileLimit":1,"CustomDataList":[],"ReturnItemIDList":[]},"1212":{"ID":1212,"ItemMainType":"AvatarCard","ItemSubType":"AvatarCard","InventoryDisplayTag":1,"Rarity":"SuperRare","ItemName":{"Hash":11738297586856503534},"ItemBGDesc":{"Hash":4484552851539176783},"ItemIconPath":"SpriteOutput/AvatarIcon/Avatar/1212.png","ItemFigureIconPath":"SpriteOutput/AvatarIcon/Avatar/1212.png","ItemCurrencyIconPath":"","ItemAvatarIconPath":"SpriteOutput/AvatarShopIcon/Avatar/1212.png","PileLimit":1,"CustomDataList":[],"ReturnItemIDList":[]},"1213":{"ID":1213,"ItemMainType":"AvatarCard","ItemSubType":"AvatarCard","InventoryDisplayTag":1,"Rarity":"SuperRare","ItemName":{"Hash":7813352231729052219},"ItemBGDesc":{"Hash":16408626050517947026},"ItemIconPath":"SpriteOutput/AvatarIcon/Avatar/1213.png","ItemFigureIconPath":"SpriteOutput/AvatarIcon/Avatar/1213.png","ItemCurrencyIconPath":"","ItemAvatarIconPath":"SpriteOutput/AvatarShopIcon/Avatar/1213.png","PileLimit":1,"CustomDataList":[],"ReturnItemIDList":[]},"1214":{"ID":1214,"ItemMainType":"AvatarCard","ItemSubType":"AvatarCard","InventoryDisplayTag":1,"Rarity":"VeryRare","ItemName":{"Hash":9128366191277193885},"ItemBGDesc":{"Hash":2489355841672704977},"ItemIconPath":"SpriteOutput/AvatarIcon/Avatar/1214.png","ItemFigureIconPath":"SpriteOutput/AvatarIcon/Avatar/1214.png","ItemCurrencyIconPath":"","ItemAvatarIconPath":"SpriteOutput/AvatarShopIcon/Avatar/1214.png","PileLimit":1,"CustomDataList":[],"ReturnItemIDList":[]},"1215":{"ID":1215,"ItemMainType":"AvatarCard","ItemSubType":"AvatarCard","InventoryDisplayTag":1,"Rarity":"VeryRare","ItemName":{"Hash":2818850904187841631},"ItemBGDesc":{"Hash":8435580516382233655},"ItemIconPath":"SpriteOutput/AvatarIcon/Avatar/1215.png","ItemFigureIconPath":"SpriteOutput/AvatarIcon/Avatar/1215.png","ItemCurrencyIconPath":"","ItemAvatarIconPath":"SpriteOutput/AvatarShopIcon/Avatar/1215.png","PileLimit":1,"CustomDataList":[],"ReturnItemIDList":[]},"1217":{"ID":1217,"ItemMainType":"AvatarCard","ItemSubType":"AvatarCard","InventoryDisplayTag":1,"Rarity":"SuperRare","ItemName":{"Hash":13732459133464344554},"ItemBGDesc":{"Hash":1041171957636657384},"ItemIconPath":"SpriteOutput/AvatarIcon/Avatar/1217.png","ItemFigureIconPath":"SpriteOutput/AvatarIcon/Avatar/1217.png","ItemCurrencyIconPath":"","ItemAvatarIconPath":"SpriteOutput/AvatarShopIcon/Avatar/1217.png","PileLimit":1,"CustomDataList":[],"ReturnItemIDList":[]},"1218":{"ID":1218,"ItemMainType":"AvatarCard","ItemSubType":"AvatarCard","InventoryDisplayTag":1,"Rarity":"SuperRare","ItemName":{"Hash":2510987975113568679},"ItemBGDesc":{"Hash":9819430114994200027},"ItemIconPath":"SpriteOutput/AvatarIcon/Avatar/1218.png","ItemFigureIconPath":"SpriteOutput/AvatarIcon/Avatar/1218.png","ItemCurrencyIconPath":"","ItemAvatarIconPath":"SpriteOutput/AvatarShopIcon/Avatar/1218.png","PileLimit":1,"CustomDataList":[],"ReturnItemIDList":[]},"1220":{"ID":1220,"ItemMainType":"AvatarCard","ItemSubType":"AvatarCard","InventoryDisplayTag":1,"Rarity":"SuperRare","ItemName":{"Hash":13107076760059040887},"ItemBGDesc":{"Hash":17991751566533269801},"ItemIconPath":"SpriteOutput/AvatarIcon/Avatar/1220.png","ItemFigureIconPath":"SpriteOutput/AvatarIcon/Avatar/1220.png","ItemCurrencyIconPath":"","ItemAvatarIconPath":"SpriteOutput/AvatarShopIcon/Avatar/1220.png","PileLimit":1,"CustomDataList":[],"ReturnItemIDList":[]},"1221":{"ID":1221,"ItemMainType":"AvatarCard","ItemSubType":"AvatarCard","InventoryDisplayTag":1,"Rarity":"SuperRare","ItemName":{"Hash":17679221432940853494},"ItemBGDesc":{"Hash":2743988435356028151},"ItemIconPath":"SpriteOutput/AvatarIcon/Avatar/1221.png","ItemFigureIconPath":"SpriteOutput/AvatarIcon/Avatar/1221.png","ItemCurrencyIconPath":"","ItemAvatarIconPath":"SpriteOutput/AvatarShopIcon/Avatar/1221.png","PileLimit":1,"CustomDataList":[],"ReturnItemIDList":[]},"1222":{"ID":1222,"ItemMainType":"AvatarCard","ItemSubType":"AvatarCard","InventoryDisplayTag":1,"Rarity":"SuperRare","ItemName":{"Hash":2561629049200969992},"ItemBGDesc":{"Hash":11737860551167668000},"ItemIconPath":"SpriteOutput/AvatarIcon/Avatar/1222.png","ItemFigureIconPath":"SpriteOutput/AvatarIcon/Avatar/1222.png","ItemCurrencyIconPath":"","ItemAvatarIconPath":"SpriteOutput/AvatarShopIcon/Avatar/1222.png","PileLimit":1,"CustomDataList":[],"ReturnItemIDList":[]},"1223":{"ID":1223,"ItemMainType":"AvatarCard","ItemSubType":"AvatarCard","InventoryDisplayTag":1,"Rarity":"VeryRare","ItemName":{"Hash":1584582279159275507},"ItemBGDesc":{"Hash":14967950756024898980},"ItemIconPath":"SpriteOutput/AvatarIcon/Avatar/1223.png","ItemFigureIconPath":"SpriteOutput/AvatarIcon/Avatar/1223.png","ItemCurrencyIconPath":"","ItemAvatarIconPath":"SpriteOutput/AvatarShopIcon/Avatar/1223.png","PileLimit":1,"CustomDataList":[],"ReturnItemIDList":[]},"1224":{"ID":1224,"ItemMainType":"AvatarCard","ItemSubType":"AvatarCard","InventoryDisplayTag":1,"Rarity":"VeryRare","ItemName":{"Hash":8906367329214579527},"ItemBGDesc":{"Hash":6064196825165938242},"ItemIconPath":"SpriteOutput/AvatarIcon/Avatar/1224.png","ItemFigureIconPath":"SpriteOutput/AvatarIcon/Avatar/1224.png","ItemCurrencyIconPath":"","ItemAvatarIconPath":"SpriteOutput/AvatarShopIcon/Avatar/1224.png","PileLimit":1,"CustomDataList":[],"ReturnItemIDList":[]},"1225":{"ID":1225,"ItemMainType":"AvatarCard","ItemSubType":"AvatarCard","InventoryDisplayTag":1,"Rarity":"SuperRare","ItemName":{"Hash":651879080647261727},"ItemBGDesc":{"Hash":6726186670162023351},"ItemIconPath":"SpriteOutput/AvatarIcon/Avatar/1225.png","ItemFigureIconPath":"SpriteOutput/AvatarIcon/Avatar/1225.png","ItemCurrencyIconPath":"","ItemAvatarIconPath":"SpriteOutput/AvatarShopIcon/Avatar/1225.png","PileLimit":1,"CustomDataList":[],"ReturnItemIDList":[]},"1301":{"ID":1301,"ItemMainType":"AvatarCard","ItemSubType":"AvatarCard","InventoryDisplayTag":1,"Rarity":"VeryRare","ItemName":{"Hash":3060886254820913304},"ItemBGDesc":{"Hash":8913603437898897548},"ItemIconPath":"SpriteOutput/AvatarIcon/Avatar/1301.png","ItemFigureIconPath":"SpriteOutput/AvatarIcon/Avatar/1301.png","ItemCurrencyIconPath":"","ItemAvatarIconPath":"SpriteOutput/AvatarShopIcon/Avatar/1301.png","PileLimit":1,"CustomDataList":[],"ReturnItemIDList":[]},"1302":{"ID":1302,"ItemMainType":"AvatarCard","ItemSubType":"AvatarCard","InventoryDisplayTag":1,"Rarity":"SuperRare","ItemName":{"Hash":2965454927405314222},"ItemBGDesc":{"Hash":4600978281541995880},"ItemIconPath":"SpriteOutput/AvatarIcon/Avatar/1302.png","ItemFigureIconPath":"SpriteOutput/AvatarIcon/Avatar/1302.png","ItemCurrencyIconPath":"","ItemAvatarIconPath":"SpriteOutput/AvatarShopIcon/Avatar/1302.png","PileLimit":1,"CustomDataList":[],"ReturnItemIDList":[]},"1303":{"ID":1303,"ItemMainType":"AvatarCard","ItemSubType":"AvatarCard","InventoryDisplayTag":1,"Rarity":"SuperRare","ItemName":{"Hash":13688128057143769918},"ItemBGDesc":{"Hash":8168803170978695644},"ItemIconPath":"SpriteOutput/AvatarIcon/Avatar/1303.png","ItemFigureIconPath":"SpriteOutput/AvatarIcon/Avatar/1303.png","ItemCurrencyIconPath":"","ItemAvatarIconPath":"SpriteOutput/AvatarShopIcon/Avatar/1303.png","PileLimit":1,"CustomDataList":[],"ReturnItemIDList":[]},"1304":{"ID":1304,"ItemMainType":"AvatarCard","ItemSubType":"AvatarCard","InventoryDisplayTag":1,"Rarity":"SuperRare","ItemName":{"Hash":11150317685053262587},"ItemBGDesc":{"Hash":4479330392957980592},"ItemIconPath":"SpriteOutput/AvatarIcon/Avatar/1304.png","ItemFigureIconPath":"SpriteOutput/AvatarIcon/Avatar/1304.png","ItemCurrencyIconPath":"","ItemAvatarIconPath":"SpriteOutput/AvatarShopIcon/Avatar/1304.png","PileLimit":1,"CustomDataList":[],"ReturnItemIDList":[]},"1305":{"ID":1305,"ItemMainType":"AvatarCard","ItemSubType":"AvatarCard","InventoryDisplayTag":1,"Rarity":"SuperRare","ItemName":{"Hash":11636837374634843002},"ItemBGDesc":{"Hash":12655365229642392961},"ItemIconPath":"SpriteOutput/AvatarIcon/Avatar/1305.png","ItemFigureIconPath":"SpriteOutput/AvatarIcon/Avatar/1305.png","ItemCurrencyIconPath":"","ItemAvatarIconPath":"SpriteOutput/AvatarShopIcon/Avatar/1305.png","PileLimit":1,"CustomDataList":[],"ReturnItemIDList":[]},"1306":{"ID":1306,"ItemMainType":"AvatarCard","ItemSubType":"AvatarCard","InventoryDisplayTag":1,"Rarity":"SuperRare","ItemName":{"Hash":3903726831038823813},"ItemBGDesc":{"Hash":4444837895877752160},"ItemIconPath":"SpriteOutput/AvatarIcon/Avatar/1306.png","ItemFigureIconPath":"SpriteOutput/AvatarIcon/Avatar/1306.png","ItemCurrencyIconPath":"","ItemAvatarIconPath":"SpriteOutput/AvatarShopIcon/Avatar/1306.png","PileLimit":1,"CustomDataList":[],"ReturnItemIDList":[]},"1307":{"ID":1307,"ItemMainType":"AvatarCard","ItemSubType":"AvatarCard","InventoryDisplayTag":1,"Rarity":"SuperRare","ItemName":{"Hash":5018790562258487347},"ItemBGDesc":{"Hash":10342476054407740460},"ItemIconPath":"SpriteOutput/AvatarIcon/Avatar/1307.png","ItemFigureIconPath":"SpriteOutput/AvatarIcon/Avatar/1307.png","ItemCurrencyIconPath":"","ItemAvatarIconPath":"SpriteOutput/AvatarShopIcon/Avatar/1307.png","PileLimit":1,"CustomDataList":[],"ReturnItemIDList":[]},"1308":{"ID":1308,"ItemMainType":"AvatarCard","ItemSubType":"AvatarCard","InventoryDisplayTag":1,"Rarity":"SuperRare","ItemName":{"Hash":18440926914989729078},"ItemBGDesc":{"Hash":9025930810731485625},"ItemIconPath":"SpriteOutput/AvatarIcon/Avatar/1308.png","ItemFigureIconPath":"SpriteOutput/AvatarIcon/Avatar/1308.png","ItemCurrencyIconPath":"","ItemAvatarIconPath":"SpriteOutput/AvatarShopIcon/Avatar/1308.png","PileLimit":1,"CustomDataList":[],"ReturnItemIDList":[]},"1309":{"ID":1309,"ItemMainType":"AvatarCard","ItemSubType":"AvatarCard","InventoryDisplayTag":1,"Rarity":"SuperRare","ItemName":{"Hash":3349270274739166470},"ItemBGDesc":{"Hash":12476588429218154212},"ItemIconPath":"SpriteOutput/AvatarIcon/Avatar/1309.png","ItemFigureIconPath":"SpriteOutput/AvatarIcon/Avatar/1309.png","ItemCurrencyIconPath":"","ItemAvatarIconPath":"SpriteOutput/AvatarShopIcon/Avatar/1309.png","PileLimit":1,"CustomDataList":[],"ReturnItemIDList":[]},"1310":{"ID":1310,"ItemMainType":"AvatarCard","ItemSubType":"AvatarCard","InventoryDisplayTag":1,"Rarity":"SuperRare","ItemName":{"Hash":13234519276364091725},"ItemBGDesc":{"Hash":15255315679890665754},"ItemIconPath":"SpriteOutput/AvatarIcon/Avatar/1310.png","ItemFigureIconPath":"SpriteOutput/AvatarIcon/Avatar/1310.png","ItemCurrencyIconPath":"","ItemAvatarIconPath":"SpriteOutput/AvatarShopIcon/Avatar/1310.png","PileLimit":1,"CustomDataList":[],"ReturnItemIDList":[]},"1312":{"ID":1312,"ItemMainType":"AvatarCard","ItemSubType":"AvatarCard","InventoryDisplayTag":1,"Rarity":"VeryRare","ItemName":{"Hash":17299411025683702593},"ItemBGDesc":{"Hash":12884324769973107881},"ItemIconPath":"SpriteOutput/AvatarIcon/Avatar/1312.png","ItemFigureIconPath":"SpriteOutput/AvatarIcon/Avatar/1312.png","ItemCurrencyIconPath":"","ItemAvatarIconPath":"SpriteOutput/AvatarShopIcon/Avatar/1312.png","PileLimit":1,"CustomDataList":[],"ReturnItemIDList":[]},"1313":{"ID":1313,"ItemMainType":"AvatarCard","ItemSubType":"AvatarCard","InventoryDisplayTag":1,"Rarity":"SuperRare","ItemName":{"Hash":17867327443487075939},"ItemBGDesc":{"Hash":18125055936295202462},"ItemIconPath":"SpriteOutput/AvatarIcon/Avatar/1313.png","ItemFigureIconPath":"SpriteOutput/AvatarIcon/Avatar/1313.png","ItemCurrencyIconPath":"","ItemAvatarIconPath":"SpriteOutput/AvatarShopIcon/Avatar/1313.png","PileLimit":1,"CustomDataList":[],"ReturnItemIDList":[]},"1314":{"ID":1314,"ItemMainType":"AvatarCard","ItemSubType":"AvatarCard","InventoryDisplayTag":1,"Rarity":"SuperRare","ItemName":{"Hash":6668976355980619939},"ItemBGDesc":{"Hash":15921631771300076307},"ItemIconPath":"SpriteOutput/AvatarIcon/Avatar/1314.png","ItemFigureIconPath":"SpriteOutput/AvatarIcon/Avatar/1314.png","ItemCurrencyIconPath":"","ItemAvatarIconPath":"SpriteOutput/AvatarShopIcon/Avatar/1314.png","PileLimit":1,"CustomDataList":[],"ReturnItemIDList":[]},"1315":{"ID":1315,"ItemMainType":"AvatarCard","ItemSubType":"AvatarCard","InventoryDisplayTag":1,"Rarity":"SuperRare","ItemName":{"Hash":7578681482047514324},"ItemBGDesc":{"Hash":5207715217727661997},"ItemIconPath":"SpriteOutput/AvatarIcon/Avatar/1315.png","ItemFigureIconPath":"SpriteOutput/AvatarIcon/Avatar/1315.png","ItemCurrencyIconPath":"","ItemAvatarIconPath":"SpriteOutput/AvatarShopIcon/Avatar/1315.png","PileLimit":1,"CustomDataList":[],"ReturnItemIDList":[]},"1317":{"ID":1317,"ItemMainType":"AvatarCard","ItemSubType":"AvatarCard","InventoryDisplayTag":1,"Rarity":"SuperRare","ItemName":{"Hash":12067314941960781810},"ItemBGDesc":{"Hash":18189184440081642851},"ItemIconPath":"SpriteOutput/AvatarIcon/Avatar/1317.png","ItemFigureIconPath":"SpriteOutput/AvatarIcon/Avatar/1317.png","ItemCurrencyIconPath":"","ItemAvatarIconPath":"SpriteOutput/AvatarShopIcon/Avatar/1317.png","PileLimit":1,"CustomDataList":[],"ReturnItemIDList":[]},"1401":{"ID":1401,"ItemMainType":"AvatarCard","ItemSubType":"AvatarCard","InventoryDisplayTag":1,"Rarity":"SuperRare","ItemName":{"Hash":6740380140533147012},"ItemBGDesc":{"Hash":3020500700923189312},"ItemIconPath":"SpriteOutput/AvatarIcon/Avatar/1401.png","ItemFigureIconPath":"SpriteOutput/AvatarIcon/Avatar/1401.png","ItemCurrencyIconPath":"","ItemAvatarIconPath":"SpriteOutput/AvatarShopIcon/Avatar/1401.png","PileLimit":1,"CustomDataList":[],"ReturnItemIDList":[]},"1402":{"ID":1402,"ItemMainType":"AvatarCard","ItemSubType":"AvatarCard","InventoryDisplayTag":1,"Rarity":"SuperRare","ItemName":{"Hash":13822380258667560896},"ItemBGDesc":{"Hash":16766074230158485445},"ItemIconPath":"SpriteOutput/AvatarIcon/Avatar/1402.png","ItemFigureIconPath":"SpriteOutput/AvatarIcon/Avatar/1402.png","ItemCurrencyIconPath":"","ItemAvatarIconPath":"SpriteOutput/AvatarShopIcon/Avatar/1402.png","PileLimit":1,"CustomDataList":[],"ReturnItemIDList":[]},"1403":{"ID":1403,"ItemMainType":"AvatarCard","ItemSubType":"AvatarCard","InventoryDisplayTag":1,"Rarity":"SuperRare","ItemName":{"Hash":16012994626183804302},"ItemBGDesc":{"Hash":17789125127080357309},"ItemIconPath":"SpriteOutput/AvatarIcon/Avatar/1403.png","ItemFigureIconPath":"SpriteOutput/AvatarIcon/Avatar/1403.png","ItemCurrencyIconPath":"","ItemAvatarIconPath":"SpriteOutput/AvatarShopIcon/Avatar/1403.png","PileLimit":1,"CustomDataList":[],"ReturnItemIDList":[]},"1404":{"ID":1404,"ItemMainType":"AvatarCard","ItemSubType":"AvatarCard","InventoryDisplayTag":1,"Rarity":"SuperRare","ItemName":{"Hash":12470922671224494824},"ItemBGDesc":{"Hash":2202140054589762467},"ItemIconPath":"SpriteOutput/AvatarIcon/Avatar/1404.png","ItemFigureIconPath":"SpriteOutput/AvatarIcon/Avatar/1404.png","ItemCurrencyIconPath":"","ItemAvatarIconPath":"SpriteOutput/AvatarShopIcon/Avatar/1404.png","PileLimit":1,"CustomDataList":[],"ReturnItemIDList":[]},"1405":{"ID":1405,"ItemMainType":"AvatarCard","ItemSubType":"AvatarCard","InventoryDisplayTag":1,"Rarity":"SuperRare","ItemName":{"Hash":2487725207673725705},"ItemBGDesc":{"Hash":14673730067404646472},"ItemIconPath":"SpriteOutput/AvatarIcon/Avatar/1405.png","ItemFigureIconPath":"SpriteOutput/AvatarIcon/Avatar/1405.png","ItemCurrencyIconPath":"","ItemAvatarIconPath":"SpriteOutput/AvatarShopIcon/Avatar/1405.png","PileLimit":1,"CustomDataList":[],"ReturnItemIDList":[]},"1406":{"ID":1406,"ItemMainType":"AvatarCard","ItemSubType":"AvatarCard","InventoryDisplayTag":1,"Rarity":"SuperRare","ItemName":{"Hash":14222662856368022002},"ItemBGDesc":{"Hash":11374011735500394289},"ItemIconPath":"SpriteOutput/AvatarIcon/Avatar/1406.png","ItemFigureIconPath":"SpriteOutput/AvatarIcon/Avatar/1406.png","ItemCurrencyIconPath":"","ItemAvatarIconPath":"SpriteOutput/AvatarShopIcon/Avatar/1406.png","PileLimit":1,"CustomDataList":[],"ReturnItemIDList":[]},"1407":{"ID":1407,"ItemMainType":"AvatarCard","ItemSubType":"AvatarCard","InventoryDisplayTag":1,"Rarity":"SuperRare","ItemName":{"Hash":6984371319907023658},"ItemBGDesc":{"Hash":2212734167494113644},"ItemIconPath":"SpriteOutput/AvatarIcon/Avatar/1407.png","ItemFigureIconPath":"SpriteOutput/AvatarIcon/Avatar/1407.png","ItemCurrencyIconPath":"","ItemAvatarIconPath":"SpriteOutput/AvatarShopIcon/Avatar/1407.png","PileLimit":1,"CustomDataList":[],"ReturnItemIDList":[]},"1408":{"ID":1408,"ItemMainType":"AvatarCard","ItemSubType":"AvatarCard","InventoryDisplayTag":1,"Rarity":"SuperRare","ItemName":{"Hash":13315198762677031796},"ItemBGDesc":{"Hash":15613242544020109171},"ItemIconPath":"SpriteOutput/AvatarIcon/Avatar/1408.png","ItemFigureIconPath":"SpriteOutput/AvatarIcon/Avatar/1408.png","ItemCurrencyIconPath":"","ItemAvatarIconPath":"SpriteOutput/AvatarShopIcon/Avatar/1408.png","PileLimit":1,"CustomDataList":[],"ReturnItemIDList":[]},"1409":{"ID":1409,"ItemMainType":"AvatarCard","ItemSubType":"AvatarCard","InventoryDisplayTag":1,"Rarity":"SuperRare","ItemName":{"Hash":2830993507950404448},"ItemBGDesc":{"Hash":4785247739181468000},"ItemIconPath":"SpriteOutput/AvatarIcon/Avatar/1409.png","ItemFigureIconPath":"SpriteOutput/AvatarIcon/Avatar/1409.png","ItemCurrencyIconPath":"","ItemAvatarIconPath":"SpriteOutput/AvatarShopIcon/Avatar/1409.png","PileLimit":1,"CustomDataList":[],"ReturnItemIDList":[]},"1410":{"ID":1410,"ItemMainType":"AvatarCard","ItemSubType":"AvatarCard","InventoryDisplayTag":1,"Rarity":"SuperRare","ItemName":{"Hash":12813239449618601866},"ItemBGDesc":{"Hash":6992655682384019049},"ItemIconPath":"SpriteOutput/AvatarIcon/Avatar/1410.png","ItemFigureIconPath":"SpriteOutput/AvatarIcon/Avatar/1410.png","ItemCurrencyIconPath":"","ItemAvatarIconPath":"SpriteOutput/AvatarShopIcon/Avatar/1410.png","PileLimit":1,"CustomDataList":[],"ReturnItemIDList":[]},"1412":{"ID":1412,"ItemMainType":"AvatarCard","ItemSubType":"AvatarCard","InventoryDisplayTag":1,"Rarity":"SuperRare","ItemName":{"Hash":1020591963288157359},"ItemBGDesc":{"Hash":15504649062939495838},"ItemIconPath":"SpriteOutput/AvatarIcon/Avatar/1412.png","ItemFigureIconPath":"SpriteOutput/AvatarIcon/Avatar/1412.png","ItemCurrencyIconPath":"","ItemAvatarIconPath":"SpriteOutput/AvatarShopIcon/Avatar/1412.png","PileLimit":1,"CustomDataList":[],"ReturnItemIDList":[]},"7005":{"ID":7005,"ItemMainType":"AvatarCard","ItemSubType":"AvatarCard","InventoryDisplayTag":1,"Rarity":"SuperRare","ItemName":{"Hash":17971987663123144710},"ItemBGDesc":{"Hash":12520891687463310754},"ItemIconPath":"SpriteOutput/AvatarIcon/Avatar/1005.png","ItemFigureIconPath":"SpriteOutput/AvatarIcon/Avatar/1005.png","ItemCurrencyIconPath":"","ItemAvatarIconPath":"SpriteOutput/AvatarShopIcon/Avatar/1005.png","PileLimit":1,"CustomDataList":[],"ReturnItemIDList":[]},"7006":{"ID":7006,"ItemMainType":"AvatarCard","ItemSubType":"AvatarCard","InventoryDisplayTag":1,"Rarity":"SuperRare","ItemName":{"Hash":14770842601085118193},"ItemBGDesc":{"Hash":7532950590530175151},"ItemIconPath":"SpriteOutput/AvatarIcon/Avatar/1006.png","ItemFigureIconPath":"SpriteOutput/AvatarIcon/Avatar/1006.png","ItemCurrencyIconPath":"","ItemAvatarIconPath":"SpriteOutput/AvatarShopIcon/Avatar/1006.png","PileLimit":1,"CustomDataList":[],"ReturnItemIDList":[]},"7205":{"ID":7205,"ItemMainType":"AvatarCard","ItemSubType":"AvatarCard","InventoryDisplayTag":1,"Rarity":"SuperRare","ItemName":{"Hash":3356833710672837530},"ItemBGDesc":{"Hash":6670310855090454759},"ItemIconPath":"SpriteOutput/AvatarIcon/Avatar/1205.png","ItemFigureIconPath":"SpriteOutput/AvatarIcon/Avatar/1205.png","ItemCurrencyIconPath":"","ItemAvatarIconPath":"SpriteOutput/AvatarShopIcon/Avatar/1205.png","PileLimit":1,"CustomDataList":[],"ReturnItemIDList":[]},"7212":{"ID":7212,"ItemMainType":"AvatarCard","ItemSubType":"AvatarCard","InventoryDisplayTag":1,"Rarity":"SuperRare","ItemName":{"Hash":11738297586856503534},"ItemBGDesc":{"Hash":4484552851539176783},"ItemIconPath":"SpriteOutput/AvatarIcon/Avatar/1212.png","ItemFigureIconPath":"SpriteOutput/AvatarIcon/Avatar/1212.png","ItemCurrencyIconPath":"","ItemAvatarIconPath":"SpriteOutput/AvatarShopIcon/Avatar/1212.png","PileLimit":1,"CustomDataList":[],"ReturnItemIDList":[]},"7213":{"ID":7213,"ItemMainType":"AvatarCard","ItemSubType":"AvatarCard","InventoryDisplayTag":1,"Rarity":"SuperRare","ItemName":{"Hash":7813352231729052219},"ItemBGDesc":{"Hash":16408626050517947026},"ItemIconPath":"SpriteOutput/AvatarIcon/Avatar/1213.png","ItemFigureIconPath":"SpriteOutput/AvatarIcon/Avatar/1213.png","ItemCurrencyIconPath":"","ItemAvatarIconPath":"SpriteOutput/AvatarShopIcon/Avatar/1213.png","PileLimit":1,"CustomDataList":[],"ReturnItemIDList":[]},"8001":{"ID":8001,"ItemMainType":"AvatarCard","ItemSubType":"AvatarCard","InventoryDisplayTag":1,"Rarity":"SuperRare","ItemName":{"Hash":1976568521562450739},"ItemBGDesc":{"Hash":8623253761789416013},"ItemIconPath":"SpriteOutput/AvatarIcon/Avatar/8001.png","ItemFigureIconPath":"SpriteOutput/AvatarIcon/Avatar/8001.png","ItemCurrencyIconPath":"","ItemAvatarIconPath":"SpriteOutput/AvatarShopIcon/Avatar/8001.png","PileLimit":1,"CustomDataList":[],"ReturnItemIDList":[]},"8002":{"ID":8002,"ItemMainType":"AvatarCard","ItemSubType":"AvatarCard","InventoryDisplayTag":1,"Rarity":"SuperRare","ItemName":{"Hash":7690244458380719962},"ItemBGDesc":{"Hash":6840159390808803969},"ItemIconPath":"SpriteOutput/AvatarIcon/Avatar/8002.png","ItemFigureIconPath":"SpriteOutput/AvatarIcon/Avatar/8002.png","ItemCurrencyIconPath":"","ItemAvatarIconPath":"SpriteOutput/AvatarShopIcon/Avatar/8002.png","PileLimit":1,"CustomDataList":[],"ReturnItemIDList":[]},"8003":{"ID":8003,"ItemMainType":"AvatarCard","ItemSubType":"AvatarCard","InventoryDisplayTag":1,"Rarity":"SuperRare","ItemName":{"Hash":843675498473073723},"ItemBGDesc":{"Hash":14276210274715233799},"ItemIconPath":"SpriteOutput/AvatarIcon/Avatar/8003.png","ItemFigureIconPath":"SpriteOutput/AvatarIcon/Avatar/8003.png","ItemCurrencyIconPath":"","ItemAvatarIconPath":"SpriteOutput/AvatarShopIcon/Avatar/8003.png","PileLimit":1,"CustomDataList":[],"ReturnItemIDList":[]},"8004":{"ID":8004,"ItemMainType":"AvatarCard","ItemSubType":"AvatarCard","InventoryDisplayTag":1,"Rarity":"SuperRare","ItemName":{"Hash":17780708058441906105},"ItemBGDesc":{"Hash":5489447058930825224},"ItemIconPath":"SpriteOutput/AvatarIcon/Avatar/8004.png","ItemFigureIconPath":"SpriteOutput/AvatarIcon/Avatar/8004.png","ItemCurrencyIconPath":"","ItemAvatarIconPath":"SpriteOutput/AvatarShopIcon/Avatar/8004.png","PileLimit":1,"CustomDataList":[],"ReturnItemIDList":[]},"8005":{"ID":8005,"ItemMainType":"AvatarCard","ItemSubType":"AvatarCard","InventoryDisplayTag":1,"Rarity":"SuperRare","ItemName":{"Hash":13558080314770586224},"ItemBGDesc":{"Hash":18409500564764213903},"ItemIconPath":"SpriteOutput/AvatarIcon/Avatar/8005.png","ItemFigureIconPath":"SpriteOutput/AvatarIcon/Avatar/8005.png","ItemCurrencyIconPath":"","ItemAvatarIconPath":"SpriteOutput/AvatarShopIcon/Avatar/8005.png","PileLimit":1,"CustomDataList":[],"ReturnItemIDList":[]},"8006":{"ID":8006,"ItemMainType":"AvatarCard","ItemSubType":"AvatarCard","InventoryDisplayTag":1,"Rarity":"SuperRare","ItemName":{"Hash":17272011220817158832},"ItemBGDesc":{"Hash":13423788308202289533},"ItemIconPath":"SpriteOutput/AvatarIcon/Avatar/8006.png","ItemFigureIconPath":"SpriteOutput/AvatarIcon/Avatar/8006.png","ItemCurrencyIconPath":"","ItemAvatarIconPath":"SpriteOutput/AvatarShopIcon/Avatar/8006.png","PileLimit":1,"CustomDataList":[],"ReturnItemIDList":[]},"8007":{"ID":8007,"ItemMainType":"AvatarCard","ItemSubType":"AvatarCard","InventoryDisplayTag":1,"Rarity":"SuperRare","ItemName":{"Hash":5678285269191571327},"ItemBGDesc":{"Hash":5810347610525955535},"ItemIconPath":"SpriteOutput/AvatarIcon/Avatar/8007.png","ItemFigureIconPath":"SpriteOutput/AvatarIcon/Avatar/8007.png","ItemCurrencyIconPath":"","ItemAvatarIconPath":"SpriteOutput/AvatarShopIcon/Avatar/8007.png","PileLimit":1,"CustomDataList":[],"ReturnItemIDList":[]},"8008":{"ID":8008,"ItemMainType":"AvatarCard","ItemSubType":"AvatarCard","InventoryDisplayTag":1,"Rarity":"SuperRare","ItemName":{"Hash":11594356747830498161},"ItemBGDesc":{"Hash":2302116145881169254},"ItemIconPath":"SpriteOutput/AvatarIcon/Avatar/8008.png","ItemFigureIconPath":"SpriteOutput/AvatarIcon/Avatar/8008.png","ItemCurrencyIconPath":"","ItemAvatarIconPath":"SpriteOutput/AvatarShopIcon/Avatar/8008.png","PileLimit":1,"CustomDataList":[],"ReturnItemIDList":[]}}