{"1001":{"ID":1001,"ItemMainType":"AvatarCard","ItemSubType":"AvatarCard","InventoryDisplayTag":1,"Rarity":"VeryRare","ItemName":{"Hash":600782545},"ItemDesc":{"Hash":371857150},"ItemBGDesc":{"Hash":-1153249202},"ItemIconPath":"SpriteOutput/AvatarIcon/1001.png","ItemFigureIconPath":"SpriteOutput/AvatarIcon/1001.png","ItemCurrencyIconPath":"","ItemAvatarIconPath":"SpriteOutput/AvatarShopIcon/1001.png","PileLimit":1,"CustomDataList":[],"ReturnItemIDList":[]},"1002":{"ID":1002,"ItemMainType":"AvatarCard","ItemSubType":"AvatarCard","InventoryDisplayTag":1,"Rarity":"VeryRare","ItemName":{"Hash":600782548},"ItemDesc":{"Hash":371857150},"ItemBGDesc":{"Hash":-1153249203},"ItemIconPath":"SpriteOutput/AvatarIcon/1002.png","ItemFigureIconPath":"SpriteOutput/AvatarIcon/1002.png","ItemCurrencyIconPath":"","ItemAvatarIconPath":"SpriteOutput/AvatarShopIcon/1002.png","PileLimit":1,"CustomDataList":[],"ReturnItemIDList":[]},"1003":{"ID":1003,"ItemMainType":"AvatarCard","ItemSubType":"AvatarCard","InventoryDisplayTag":1,"Rarity":"SuperRare","ItemName":{"Hash":600782547},"ItemDesc":{"Hash":371857150},"ItemBGDesc":{"Hash":-1153249204},"ItemIconPath":"SpriteOutput/AvatarIcon/1003.png","ItemFigureIconPath":"SpriteOutput/AvatarIcon/1003.png","ItemCurrencyIconPath":"","ItemAvatarIconPath":"SpriteOutput/AvatarShopIcon/1003.png","PileLimit":1,"CustomDataList":[],"ReturnItemIDList":[]},"1004":{"ID":1004,"ItemMainType":"AvatarCard","ItemSubType":"AvatarCard","InventoryDisplayTag":1,"Rarity":"SuperRare","ItemName":{"Hash":600782542},"ItemDesc":{"Hash":371857150},"ItemBGDesc":{"Hash":-1153249197},"ItemIconPath":"SpriteOutput/AvatarIcon/1004.png","ItemFigureIconPath":"SpriteOutput/AvatarIcon/1004.png","ItemCurrencyIconPath":"","ItemAvatarIconPath":"SpriteOutput/AvatarShopIcon/1004.png","PileLimit":1,"CustomDataList":[],"ReturnItemIDList":[]},"1005":{"ID":1005,"ItemMainType":"AvatarCard","ItemSubType":"AvatarCard","InventoryDisplayTag":1,"Rarity":"SuperRare","ItemName":{"Hash":600782541},"ItemDesc":{"Hash":371857150},"ItemBGDesc":{"Hash":-1153249198},"ItemIconPath":"SpriteOutput/AvatarIcon/1005.png","ItemFigureIconPath":"SpriteOutput/AvatarIcon/1005.png","ItemCurrencyIconPath":"","ItemAvatarIconPath":"SpriteOutput/AvatarShopIcon/1005.png","PileLimit":1,"CustomDataList":[],"ReturnItemIDList":[]},"1006":{"ID":1006,"ItemMainType":"AvatarCard","ItemSubType":"AvatarCard","InventoryDisplayTag":1,"Rarity":"SuperRare","ItemName":{"Hash":600782544},"ItemDesc":{"Hash":371857150},"ItemBGDesc":{"Hash":-1153249199},"ItemIconPath":"SpriteOutput/AvatarIcon/1006.png","ItemFigureIconPath":"SpriteOutput/AvatarIcon/1006.png","ItemCurrencyIconPath":"","ItemAvatarIconPath":"SpriteOutput/AvatarShopIcon/1006.png","PileLimit":1,"CustomDataList":[],"ReturnItemIDList":[]},"1008":{"ID":1008,"ItemMainType":"AvatarCard","ItemSubType":"AvatarCard","InventoryDisplayTag":1,"Rarity":"VeryRare","ItemName":{"Hash":600782554},"ItemDesc":{"Hash":371857150},"ItemBGDesc":{"Hash":-1153249193},"ItemIconPath":"SpriteOutput/AvatarIcon/1008.png","ItemFigureIconPath":"SpriteOutput/AvatarIcon/1008.png","ItemCurrencyIconPath":"","ItemAvatarIconPath":"SpriteOutput/AvatarShopIcon/1008.png","PileLimit":1,"CustomDataList":[],"ReturnItemIDList":[]},"1009":{"ID":1009,"ItemMainType":"AvatarCard","ItemSubType":"AvatarCard","InventoryDisplayTag":1,"Rarity":"VeryRare","ItemName":{"Hash":600782553},"ItemDesc":{"Hash":371857150},"ItemBGDesc":{"Hash":-1153249194},"ItemIconPath":"SpriteOutput/AvatarIcon/1009.png","ItemFigureIconPath":"SpriteOutput/AvatarIcon/1009.png","ItemCurrencyIconPath":"","ItemAvatarIconPath":"SpriteOutput/AvatarShopIcon/1009.png","PileLimit":1,"CustomDataList":[],"ReturnItemIDList":[]},"1013":{"ID":1013,"ItemMainType":"AvatarCard","ItemSubType":"AvatarCard","InventoryDisplayTag":1,"Rarity":"VeryRare","ItemName":{"Hash":-965301394},"ItemDesc":{"Hash":371857150},"ItemBGDesc":{"Hash":412834737},"ItemIconPath":"SpriteOutput/AvatarIcon/1013.png","ItemFigureIconPath":"SpriteOutput/AvatarIcon/1013.png","ItemCurrencyIconPath":"","ItemAvatarIconPath":"SpriteOutput/AvatarShopIcon/1013.png","PileLimit":1,"CustomDataList":[],"ReturnItemIDList":[]},"1101":{"ID":1101,"ItemMainType":"AvatarCard","ItemSubType":"AvatarCard","InventoryDisplayTag":1,"Rarity":"SuperRare","ItemName":{"Hash":600782450},"ItemDesc":{"Hash":371857150},"ItemBGDesc":{"Hash":-1153249169},"ItemIconPath":"SpriteOutput/AvatarIcon/1101.png","ItemFigureIconPath":"SpriteOutput/AvatarIcon/1101.png","ItemCurrencyIconPath":"","ItemAvatarIconPath":"SpriteOutput/AvatarShopIcon/1101.png","PileLimit":1,"CustomDataList":[],"ReturnItemIDList":[]},"1102":{"ID":1102,"ItemMainType":"AvatarCard","ItemSubType":"AvatarCard","InventoryDisplayTag":1,"Rarity":"SuperRare","ItemName":{"Hash":600782451},"ItemDesc":{"Hash":371857150},"ItemBGDesc":{"Hash":-1153249172},"ItemIconPath":"SpriteOutput/AvatarIcon/1102.png","ItemFigureIconPath":"SpriteOutput/AvatarIcon/1102.png","ItemCurrencyIconPath":"","ItemAvatarIconPath":"SpriteOutput/AvatarShopIcon/1102.png","PileLimit":1,"CustomDataList":[],"ReturnItemIDList":[]},"1103":{"ID":1103,"ItemMainType":"AvatarCard","ItemSubType":"AvatarCard","InventoryDisplayTag":1,"Rarity":"VeryRare","ItemName":{"Hash":600782452},"ItemDesc":{"Hash":371857150},"ItemBGDesc":{"Hash":-1153249171},"ItemIconPath":"SpriteOutput/AvatarIcon/1103.png","ItemFigureIconPath":"SpriteOutput/AvatarIcon/1103.png","ItemCurrencyIconPath":"","ItemAvatarIconPath":"SpriteOutput/AvatarShopIcon/1103.png","PileLimit":1,"CustomDataList":[],"ReturnItemIDList":[]},"1104":{"ID":1104,"ItemMainType":"AvatarCard","ItemSubType":"AvatarCard","InventoryDisplayTag":1,"Rarity":"SuperRare","ItemName":{"Hash":600782445},"ItemDesc":{"Hash":371857150},"ItemBGDesc":{"Hash":-1153249166},"ItemIconPath":"SpriteOutput/AvatarIcon/1104.png","ItemFigureIconPath":"SpriteOutput/AvatarIcon/1104.png","ItemCurrencyIconPath":"","ItemAvatarIconPath":"SpriteOutput/AvatarShopIcon/1104.png","PileLimit":1,"CustomDataList":[],"ReturnItemIDList":[]},"1105":{"ID":1105,"ItemMainType":"AvatarCard","ItemSubType":"AvatarCard","InventoryDisplayTag":1,"Rarity":"VeryRare","ItemName":{"Hash":600782446},"ItemDesc":{"Hash":371857150},"ItemBGDesc":{"Hash":-1153249165},"ItemIconPath":"SpriteOutput/AvatarIcon/1105.png","ItemFigureIconPath":"SpriteOutput/AvatarIcon/1105.png","ItemCurrencyIconPath":"","ItemAvatarIconPath":"SpriteOutput/AvatarShopIcon/1105.png","PileLimit":1,"CustomDataList":[],"ReturnItemIDList":[]},"1106":{"ID":1106,"ItemMainType":"AvatarCard","ItemSubType":"AvatarCard","InventoryDisplayTag":1,"Rarity":"VeryRare","ItemName":{"Hash":600782447},"ItemDesc":{"Hash":371857150},"ItemBGDesc":{"Hash":-1153249168},"ItemIconPath":"SpriteOutput/AvatarIcon/1106.png","ItemFigureIconPath":"SpriteOutput/AvatarIcon/1106.png","ItemCurrencyIconPath":"","ItemAvatarIconPath":"SpriteOutput/AvatarShopIcon/1106.png","PileLimit":1,"CustomDataList":[],"ReturnItemIDList":[]},"1107":{"ID":1107,"ItemMainType":"AvatarCard","ItemSubType":"AvatarCard","InventoryDisplayTag":1,"Rarity":"SuperRare","ItemName":{"Hash":600782448},"ItemDesc":{"Hash":371857150},"ItemBGDesc":{"Hash":-1153249167},"ItemIconPath":"SpriteOutput/AvatarIcon/1107.png","ItemFigureIconPath":"SpriteOutput/AvatarIcon/1107.png","ItemCurrencyIconPath":"","ItemAvatarIconPath":"SpriteOutput/AvatarShopIcon/1107.png","PileLimit":1,"CustomDataList":[],"ReturnItemIDList":[]},"1108":{"ID":1108,"ItemMainType":"AvatarCard","ItemSubType":"AvatarCard","InventoryDisplayTag":1,"Rarity":"VeryRare","ItemName":{"Hash":600782457},"ItemDesc":{"Hash":371857150},"ItemBGDesc":{"Hash":-1153249162},"ItemIconPath":"SpriteOutput/AvatarIcon/1108.png","ItemFigureIconPath":"SpriteOutput/AvatarIcon/1108.png","ItemCurrencyIconPath":"","ItemAvatarIconPath":"SpriteOutput/AvatarShopIcon/1108.png","PileLimit":1,"CustomDataList":[],"ReturnItemIDList":[]},"1109":{"ID":1109,"ItemMainType":"AvatarCard","ItemSubType":"AvatarCard","InventoryDisplayTag":1,"Rarity":"VeryRare","ItemName":{"Hash":600782458},"ItemDesc":{"Hash":371857150},"ItemBGDesc":{"Hash":-1153249161},"ItemIconPath":"SpriteOutput/AvatarIcon/1109.png","ItemFigureIconPath":"SpriteOutput/AvatarIcon/1109.png","ItemCurrencyIconPath":"","ItemAvatarIconPath":"SpriteOutput/AvatarShopIcon/1109.png","PileLimit":1,"CustomDataList":[],"ReturnItemIDList":[]},"1110":{"ID":1110,"ItemMainType":"AvatarCard","ItemSubType":"AvatarCard","InventoryDisplayTag":1,"Rarity":"VeryRare","ItemName":{"Hash":-965301492},"ItemDesc":{"Hash":371857150},"ItemBGDesc":{"Hash":412834771},"ItemIconPath":"SpriteOutput/AvatarIcon/1110.png","ItemFigureIconPath":"SpriteOutput/AvatarIcon/1110.png","ItemCurrencyIconPath":"","ItemAvatarIconPath":"SpriteOutput/AvatarShopIcon/1110.png","PileLimit":1,"CustomDataList":[],"ReturnItemIDList":[]},"1111":{"ID":1111,"ItemMainType":"AvatarCard","ItemSubType":"AvatarCard","InventoryDisplayTag":1,"Rarity":"VeryRare","ItemName":{"Hash":-965301491},"ItemDesc":{"Hash":371857150},"ItemBGDesc":{"Hash":412834772},"ItemIconPath":"SpriteOutput/AvatarIcon/1111.png","ItemFigureIconPath":"SpriteOutput/AvatarIcon/1111.png","ItemCurrencyIconPath":"","ItemAvatarIconPath":"SpriteOutput/AvatarShopIcon/1111.png","PileLimit":1,"CustomDataList":[],"ReturnItemIDList":[]},"1112":{"ID":1112,"ItemMainType":"AvatarCard","ItemSubType":"AvatarCard","InventoryDisplayTag":1,"Rarity":"SuperRare","ItemName":{"Hash":-965301490},"ItemDesc":{"Hash":371857150},"ItemBGDesc":{"Hash":412834769},"ItemIconPath":"SpriteOutput/AvatarIcon/1112.png","ItemFigureIconPath":"SpriteOutput/AvatarIcon/1112.png","ItemCurrencyIconPath":"","ItemAvatarIconPath":"SpriteOutput/AvatarShopIcon/1112.png","PileLimit":1,"CustomDataList":[],"ReturnItemIDList":[]},"1201":{"ID":1201,"ItemMainType":"AvatarCard","ItemSubType":"AvatarCard","InventoryDisplayTag":1,"Rarity":"VeryRare","ItemName":{"Hash":600782611},"ItemDesc":{"Hash":371857150},"ItemBGDesc":{"Hash":-1153249268},"ItemIconPath":"SpriteOutput/AvatarIcon/1201.png","ItemFigureIconPath":"SpriteOutput/AvatarIcon/1201.png","ItemCurrencyIconPath":"","ItemAvatarIconPath":"SpriteOutput/AvatarShopIcon/1201.png","PileLimit":1,"CustomDataList":[],"ReturnItemIDList":[]},"1202":{"ID":1202,"ItemMainType":"AvatarCard","ItemSubType":"AvatarCard","InventoryDisplayTag":1,"Rarity":"VeryRare","ItemName":{"Hash":600782610},"ItemDesc":{"Hash":371857150},"ItemBGDesc":{"Hash":-1153249265},"ItemIconPath":"SpriteOutput/AvatarIcon/1202.png","ItemFigureIconPath":"SpriteOutput/AvatarIcon/1202.png","ItemCurrencyIconPath":"","ItemAvatarIconPath":"SpriteOutput/AvatarShopIcon/1202.png","PileLimit":1,"CustomDataList":[],"ReturnItemIDList":[]},"1203":{"ID":1203,"ItemMainType":"AvatarCard","ItemSubType":"AvatarCard","InventoryDisplayTag":1,"Rarity":"SuperRare","ItemName":{"Hash":600782609},"ItemDesc":{"Hash":371857150},"ItemBGDesc":{"Hash":-1153249266},"ItemIconPath":"SpriteOutput/AvatarIcon/1203.png","ItemFigureIconPath":"SpriteOutput/AvatarIcon/1203.png","ItemCurrencyIconPath":"","ItemAvatarIconPath":"SpriteOutput/AvatarShopIcon/1203.png","PileLimit":1,"CustomDataList":[],"ReturnItemIDList":[]},"1204":{"ID":1204,"ItemMainType":"AvatarCard","ItemSubType":"AvatarCard","InventoryDisplayTag":1,"Rarity":"SuperRare","ItemName":{"Hash":600782608},"ItemDesc":{"Hash":371857150},"ItemBGDesc":{"Hash":-1153249263},"ItemIconPath":"SpriteOutput/AvatarIcon/1204.png","ItemFigureIconPath":"SpriteOutput/AvatarIcon/1204.png","ItemCurrencyIconPath":"","ItemAvatarIconPath":"SpriteOutput/AvatarShopIcon/1204.png","PileLimit":1,"CustomDataList":[],"ReturnItemIDList":[]},"1205":{"ID":1205,"ItemMainType":"AvatarCard","ItemSubType":"AvatarCard","InventoryDisplayTag":1,"Rarity":"SuperRare","ItemName":{"Hash":600782607},"ItemDesc":{"Hash":371857150},"ItemBGDesc":{"Hash":-1153249264},"ItemIconPath":"SpriteOutput/AvatarIcon/1205.png","ItemFigureIconPath":"SpriteOutput/AvatarIcon/1205.png","ItemCurrencyIconPath":"","ItemAvatarIconPath":"SpriteOutput/AvatarShopIcon/1205.png","PileLimit":1,"CustomDataList":[],"ReturnItemIDList":[]},"1206":{"ID":1206,"ItemMainType":"AvatarCard","ItemSubType":"AvatarCard","InventoryDisplayTag":1,"Rarity":"VeryRare","ItemName":{"Hash":600782606},"ItemDesc":{"Hash":371857150},"ItemBGDesc":{"Hash":-1153249261},"ItemIconPath":"SpriteOutput/AvatarIcon/1206.png","ItemFigureIconPath":"SpriteOutput/AvatarIcon/1206.png","ItemCurrencyIconPath":"","ItemAvatarIconPath":"SpriteOutput/AvatarShopIcon/1206.png","PileLimit":1,"CustomDataList":[],"ReturnItemIDList":[]},"1207":{"ID":1207,"ItemMainType":"AvatarCard","ItemSubType":"AvatarCard","InventoryDisplayTag":1,"Rarity":"VeryRare","ItemName":{"Hash":600782605},"ItemDesc":{"Hash":371857150},"ItemBGDesc":{"Hash":-1153249262},"ItemIconPath":"SpriteOutput/AvatarIcon/1207.png","ItemFigureIconPath":"SpriteOutput/AvatarIcon/1207.png","ItemCurrencyIconPath":"","ItemAvatarIconPath":"SpriteOutput/AvatarShopIcon/1207.png","PileLimit":1,"CustomDataList":[],"ReturnItemIDList":[]},"1208":{"ID":1208,"ItemMainType":"AvatarCard","ItemSubType":"AvatarCard","InventoryDisplayTag":1,"Rarity":"SuperRare","ItemName":{"Hash":600782620},"ItemDesc":{"Hash":371857150},"ItemBGDesc":{"Hash":-1153249259},"ItemIconPath":"SpriteOutput/AvatarIcon/1208.png","ItemFigureIconPath":"SpriteOutput/AvatarIcon/1208.png","ItemCurrencyIconPath":"","ItemAvatarIconPath":"SpriteOutput/AvatarShopIcon/1208.png","PileLimit":1,"CustomDataList":[],"ReturnItemIDList":[]},"1209":{"ID":1209,"ItemMainType":"AvatarCard","ItemSubType":"AvatarCard","InventoryDisplayTag":1,"Rarity":"SuperRare","ItemName":{"Hash":600782619},"ItemDesc":{"Hash":371857150},"ItemBGDesc":{"Hash":-1153249260},"ItemIconPath":"SpriteOutput/AvatarIcon/1209.png","ItemFigureIconPath":"SpriteOutput/AvatarIcon/1209.png","ItemCurrencyIconPath":"","ItemAvatarIconPath":"SpriteOutput/AvatarShopIcon/1209.png","PileLimit":1,"CustomDataList":[],"ReturnItemIDList":[]},"1210":{"ID":1210,"ItemMainType":"AvatarCard","ItemSubType":"AvatarCard","InventoryDisplayTag":1,"Rarity":"VeryRare","ItemName":{"Hash":-965301329},"ItemDesc":{"Hash":371857150},"ItemBGDesc":{"Hash":412834674},"ItemIconPath":"SpriteOutput/AvatarIcon/1210.png","ItemFigureIconPath":"SpriteOutput/AvatarIcon/1210.png","ItemCurrencyIconPath":"","ItemAvatarIconPath":"SpriteOutput/AvatarShopIcon/1210.png","PileLimit":1,"CustomDataList":[],"ReturnItemIDList":[]},"1211":{"ID":1211,"ItemMainType":"AvatarCard","ItemSubType":"AvatarCard","InventoryDisplayTag":1,"Rarity":"SuperRare","ItemName":{"Hash":-965301330},"ItemDesc":{"Hash":371857150},"ItemBGDesc":{"Hash":412834673},"ItemIconPath":"SpriteOutput/AvatarIcon/1211.png","ItemFigureIconPath":"SpriteOutput/AvatarIcon/1211.png","ItemCurrencyIconPath":"","ItemAvatarIconPath":"SpriteOutput/AvatarShopIcon/1211.png","PileLimit":1,"CustomDataList":[],"ReturnItemIDList":[]},"1212":{"ID":1212,"ItemMainType":"AvatarCard","ItemSubType":"AvatarCard","InventoryDisplayTag":1,"Rarity":"SuperRare","ItemName":{"Hash":-965301331},"ItemDesc":{"Hash":371857150},"ItemBGDesc":{"Hash":412834676},"ItemIconPath":"SpriteOutput/AvatarIcon/1212.png","ItemFigureIconPath":"SpriteOutput/AvatarIcon/1212.png","ItemCurrencyIconPath":"","ItemAvatarIconPath":"SpriteOutput/AvatarShopIcon/1212.png","PileLimit":1,"CustomDataList":[],"ReturnItemIDList":[]},"1213":{"ID":1213,"ItemMainType":"AvatarCard","ItemSubType":"AvatarCard","InventoryDisplayTag":1,"Rarity":"SuperRare","ItemName":{"Hash":-965301332},"ItemDesc":{"Hash":371857150},"ItemBGDesc":{"Hash":412834675},"ItemIconPath":"SpriteOutput/AvatarIcon/1213.png","ItemFigureIconPath":"SpriteOutput/AvatarIcon/1213.png","ItemCurrencyIconPath":"","ItemAvatarIconPath":"SpriteOutput/AvatarShopIcon/1213.png","PileLimit":1,"CustomDataList":[],"ReturnItemIDList":[]},"7005":{"ID":7005,"ItemMainType":"AvatarCard","ItemSubType":"AvatarCard","InventoryDisplayTag":1,"Rarity":"SuperRare","ItemName":{"Hash":600782541},"ItemDesc":{"Hash":371857150},"ItemBGDesc":{"Hash":-1153249198},"ItemIconPath":"SpriteOutput/AvatarIcon/1005.png","ItemFigureIconPath":"SpriteOutput/AvatarIcon/1005.png","ItemCurrencyIconPath":"","ItemAvatarIconPath":"SpriteOutput/AvatarShopIcon/1005.png","PileLimit":1,"CustomDataList":[],"ReturnItemIDList":[]},"7006":{"ID":7006,"ItemMainType":"AvatarCard","ItemSubType":"AvatarCard","InventoryDisplayTag":1,"Rarity":"SuperRare","ItemName":{"Hash":600782544},"ItemDesc":{"Hash":371857150},"ItemBGDesc":{"Hash":-1153249199},"ItemIconPath":"SpriteOutput/AvatarIcon/1006.png","ItemFigureIconPath":"SpriteOutput/AvatarIcon/1006.png","ItemCurrencyIconPath":"","ItemAvatarIconPath":"SpriteOutput/AvatarShopIcon/1006.png","PileLimit":1,"CustomDataList":[],"ReturnItemIDList":[]},"7205":{"ID":7205,"ItemMainType":"AvatarCard","ItemSubType":"AvatarCard","InventoryDisplayTag":1,"Rarity":"SuperRare","ItemName":{"Hash":600782607},"ItemDesc":{"Hash":371857150},"ItemBGDesc":{"Hash":-1153249264},"ItemIconPath":"SpriteOutput/AvatarIcon/1205.png","ItemFigureIconPath":"SpriteOutput/AvatarIcon/1205.png","ItemCurrencyIconPath":"","ItemAvatarIconPath":"SpriteOutput/AvatarShopIcon/1205.png","PileLimit":1,"CustomDataList":[],"ReturnItemIDList":[]},"7212":{"ID":7212,"ItemMainType":"AvatarCard","ItemSubType":"AvatarCard","InventoryDisplayTag":1,"Rarity":"SuperRare","ItemName":{"Hash":-965301331},"ItemDesc":{"Hash":371857150},"ItemBGDesc":{"Hash":412834676},"ItemIconPath":"SpriteOutput/AvatarIcon/1212.png","ItemFigureIconPath":"SpriteOutput/AvatarIcon/1212.png","ItemCurrencyIconPath":"","ItemAvatarIconPath":"SpriteOutput/AvatarShopIcon/1212.png","PileLimit":1,"CustomDataList":[],"ReturnItemIDList":[]},"7213":{"ID":7213,"ItemMainType":"AvatarCard","ItemSubType":"AvatarCard","InventoryDisplayTag":1,"Rarity":"SuperRare","ItemName":{"Hash":-965301332},"ItemDesc":{"Hash":371857150},"ItemBGDesc":{"Hash":412834675},"ItemIconPath":"SpriteOutput/AvatarIcon/1213.png","ItemFigureIconPath":"SpriteOutput/AvatarIcon/1213.png","ItemCurrencyIconPath":"","ItemAvatarIconPath":"SpriteOutput/AvatarShopIcon/1213.png","PileLimit":1,"CustomDataList":[],"ReturnItemIDList":[]},"8001":{"ID":8001,"ItemMainType":"AvatarCard","ItemSubType":"AvatarCard","InventoryDisplayTag":1,"Rarity":"SuperRare","ItemName":{"Hash":775444452},"ItemDesc":{"Hash":371857150},"ItemBGDesc":{"Hash":-696262293},"ItemIconPath":"SpriteOutput/AvatarIcon/8001.png","ItemFigureIconPath":"SpriteOutput/AvatarIcon/8001.png","ItemCurrencyIconPath":"","ItemAvatarIconPath":"SpriteOutput/AvatarShopIcon/8001.png","PileLimit":1,"CustomDataList":[],"ReturnItemIDList":[]},"8002":{"ID":8002,"ItemMainType":"AvatarCard","ItemSubType":"AvatarCard","InventoryDisplayTag":1,"Rarity":"SuperRare","ItemName":{"Hash":775444455},"ItemDesc":{"Hash":371857150},"ItemBGDesc":{"Hash":-696262294},"ItemIconPath":"SpriteOutput/AvatarIcon/8002.png","ItemFigureIconPath":"SpriteOutput/AvatarIcon/8002.png","ItemCurrencyIconPath":"","ItemAvatarIconPath":"SpriteOutput/AvatarShopIcon/8002.png","PileLimit":1,"CustomDataList":[],"ReturnItemIDList":[]},"8003":{"ID":8003,"ItemMainType":"AvatarCard","ItemSubType":"AvatarCard","InventoryDisplayTag":1,"Rarity":"SuperRare","ItemName":{"Hash":775444454},"ItemDesc":{"Hash":371857150},"ItemBGDesc":{"Hash":-696262295},"ItemIconPath":"SpriteOutput/AvatarIcon/8003.png","ItemFigureIconPath":"SpriteOutput/AvatarIcon/8003.png","ItemCurrencyIconPath":"","ItemAvatarIconPath":"SpriteOutput/AvatarShopIcon/8003.png","PileLimit":1,"CustomDataList":[],"ReturnItemIDList":[]},"8004":{"ID":8004,"ItemMainType":"AvatarCard","ItemSubType":"AvatarCard","InventoryDisplayTag":1,"Rarity":"SuperRare","ItemName":{"Hash":775444449},"ItemDesc":{"Hash":371857150},"ItemBGDesc":{"Hash":-696262288},"ItemIconPath":"SpriteOutput/AvatarIcon/8004.png","ItemFigureIconPath":"SpriteOutput/AvatarIcon/8004.png","ItemCurrencyIconPath":"","ItemAvatarIconPath":"SpriteOutput/AvatarShopIcon/8004.png","PileLimit":1,"CustomDataList":[],"ReturnItemIDList":[]},"9100":{"ID":9100,"ItemMainType":"AvatarCard","ItemSubType":"AvatarCard","InventoryDisplayTag":1,"Rarity":"SuperRare","ItemName":{"Hash":-528517559},"ItemDesc":{"Hash":371857150},"ItemBGDesc":{"Hash":2012418118},"ItemIconPath":"SpriteOutput/AvatarIcon/999.png","ItemFigureIconPath":"SpriteOutput/AvatarIcon/999.png","ItemCurrencyIconPath":"","ItemAvatarIconPath":"SpriteOutput/AvatarShopIcon/999.png","PileLimit":1,"CustomDataList":[],"ReturnItemIDList":[]}}