{"201001":{"ID":201001,"ItemMainType":"Usable","ItemSubType":"HeadIcon","InventoryDisplayTag":1,"Rarity":"VeryRare","isVisible":true,"ItemName":{"Hash":3109440993392776578},"ItemIconPath":"SpriteOutput/AvatarRoundIcon/Avatar/1001.png","ItemFigureIconPath":"","ItemCurrencyIconPath":"","ItemAvatarIconPath":"","PileLimit":1,"UseMethod":"AutoConversionItem","CustomDataList":[],"ReturnItemIDList":[]},"201002":{"ID":201002,"ItemMainType":"Usable","ItemSubType":"HeadIcon","InventoryDisplayTag":1,"Rarity":"VeryRare","isVisible":true,"ItemName":{"Hash":3869350091089856242},"ItemIconPath":"SpriteOutput/AvatarRoundIcon/Avatar/1002.png","ItemFigureIconPath":"","ItemCurrencyIconPath":"","ItemAvatarIconPath":"","PileLimit":1,"UseMethod":"AutoConversionItem","CustomDataList":[],"ReturnItemIDList":[]},"201003":{"ID":201003,"ItemMainType":"Usable","ItemSubType":"HeadIcon","InventoryDisplayTag":1,"Rarity":"SuperRare","isVisible":true,"ItemName":{"Hash":5042135322231124724},"ItemIconPath":"SpriteOutput/AvatarRoundIcon/Avatar/1003.png","ItemFigureIconPath":"","ItemCurrencyIconPath":"","ItemAvatarIconPath":"","PileLimit":1,"UseMethod":"AutoConversionItem","CustomDataList":[],"ReturnItemIDList":[]},"201004":{"ID":201004,"ItemMainType":"Usable","ItemSubType":"HeadIcon","InventoryDisplayTag":1,"Rarity":"SuperRare","isVisible":true,"ItemName":{"Hash":15025272592372511654},"ItemIconPath":"SpriteOutput/AvatarRoundIcon/Avatar/1004.png","ItemFigureIconPath":"","ItemCurrencyIconPath":"","ItemAvatarIconPath":"","PileLimit":1,"UseMethod":"AutoConversionItem","CustomDataList":[],"ReturnItemIDList":[]},"201005":{"ID":201005,"ItemMainType":"Usable","ItemSubType":"HeadIcon","InventoryDisplayTag":1,"Rarity":"SuperRare","isVisible":true,"ItemName":{"Hash":17971987663123144710},"ItemIconPath":"SpriteOutput/AvatarRoundIcon/Avatar/1005.png","ItemFigureIconPath":"","ItemCurrencyIconPath":"","ItemAvatarIconPath":"","PileLimit":1,"UseMethod":"AutoConversionItem","CustomDataList":[],"ReturnItemIDList":[]},"201006":{"ID":201006,"ItemMainType":"Usable","ItemSubType":"HeadIcon","InventoryDisplayTag":1,"Rarity":"SuperRare","isVisible":true,"ItemName":{"Hash":14770842601085118193},"ItemIconPath":"SpriteOutput/AvatarRoundIcon/Avatar/1006.png","ItemFigureIconPath":"","ItemCurrencyIconPath":"","ItemAvatarIconPath":"","PileLimit":1,"UseMethod":"AutoConversionItem","CustomDataList":[],"ReturnItemIDList":[]},"201008":{"ID":201008,"ItemMainType":"Usable","ItemSubType":"HeadIcon","InventoryDisplayTag":1,"Rarity":"VeryRare","isVisible":true,"ItemName":{"Hash":17631083677950067730},"ItemIconPath":"SpriteOutput/AvatarRoundIcon/Avatar/1008.png","ItemFigureIconPath":"","ItemCurrencyIconPath":"","ItemAvatarIconPath":"","PileLimit":1,"UseMethod":"AutoConversionItem","CustomDataList":[],"ReturnItemIDList":[]},"201009":{"ID":201009,"ItemMainType":"Usable","ItemSubType":"HeadIcon","InventoryDisplayTag":1,"Rarity":"VeryRare","isVisible":true,"ItemName":{"Hash":9470728750048426445},"ItemIconPath":"SpriteOutput/AvatarRoundIcon/Avatar/1009.png","ItemFigureIconPath":"","ItemCurrencyIconPath":"","ItemAvatarIconPath":"","PileLimit":1,"UseMethod":"AutoConversionItem","CustomDataList":[],"ReturnItemIDList":[]},"201013":{"ID":201013,"ItemMainType":"Usable","ItemSubType":"HeadIcon","InventoryDisplayTag":1,"Rarity":"VeryRare","isVisible":true,"ItemName":{"Hash":7411809582374456143},"ItemIconPath":"SpriteOutput/AvatarRoundIcon/Avatar/1013.png","ItemFigureIconPath":"","ItemCurrencyIconPath":"","ItemAvatarIconPath":"","PileLimit":1,"UseMethod":"AutoConversionItem","CustomDataList":[],"ReturnItemIDList":[]},"201101":{"ID":201101,"ItemMainType":"Usable","ItemSubType":"HeadIcon","InventoryDisplayTag":1,"Rarity":"SuperRare","isVisible":true,"ItemName":{"Hash":14518544540550519411},"ItemIconPath":"SpriteOutput/AvatarRoundIcon/Avatar/1101.png","ItemFigureIconPath":"","ItemCurrencyIconPath":"","ItemAvatarIconPath":"","PileLimit":1,"UseMethod":"AutoConversionItem","CustomDataList":[],"ReturnItemIDList":[]},"201102":{"ID":201102,"ItemMainType":"Usable","ItemSubType":"HeadIcon","InventoryDisplayTag":1,"Rarity":"SuperRare","isVisible":true,"ItemName":{"Hash":17353897821742878233},"ItemIconPath":"SpriteOutput/AvatarRoundIcon/Avatar/1102.png","ItemFigureIconPath":"","ItemCurrencyIconPath":"","ItemAvatarIconPath":"","PileLimit":1,"UseMethod":"AutoConversionItem","CustomDataList":[],"ReturnItemIDList":[]},"201103":{"ID":201103,"ItemMainType":"Usable","ItemSubType":"HeadIcon","InventoryDisplayTag":1,"Rarity":"VeryRare","isVisible":true,"ItemName":{"Hash":1649429220830105164},"ItemIconPath":"SpriteOutput/AvatarRoundIcon/Avatar/1103.png","ItemFigureIconPath":"","ItemCurrencyIconPath":"","ItemAvatarIconPath":"","PileLimit":1,"UseMethod":"AutoConversionItem","CustomDataList":[],"ReturnItemIDList":[]},"201104":{"ID":201104,"ItemMainType":"Usable","ItemSubType":"HeadIcon","InventoryDisplayTag":1,"Rarity":"SuperRare","isVisible":true,"ItemName":{"Hash":18160318969085971217},"ItemIconPath":"SpriteOutput/AvatarRoundIcon/Avatar/1104.png","ItemFigureIconPath":"","ItemCurrencyIconPath":"","ItemAvatarIconPath":"","PileLimit":1,"UseMethod":"AutoConversionItem","CustomDataList":[],"ReturnItemIDList":[]},"201105":{"ID":201105,"ItemMainType":"Usable","ItemSubType":"HeadIcon","InventoryDisplayTag":1,"Rarity":"VeryRare","isVisible":true,"ItemName":{"Hash":12475743942650817835},"ItemIconPath":"SpriteOutput/AvatarRoundIcon/Avatar/1105.png","ItemFigureIconPath":"","ItemCurrencyIconPath":"","ItemAvatarIconPath":"","PileLimit":1,"UseMethod":"AutoConversionItem","CustomDataList":[],"ReturnItemIDList":[]},"201106":{"ID":201106,"ItemMainType":"Usable","ItemSubType":"HeadIcon","InventoryDisplayTag":1,"Rarity":"VeryRare","isVisible":true,"ItemName":{"Hash":2338390270647331301},"ItemIconPath":"SpriteOutput/AvatarRoundIcon/Avatar/1106.png","ItemFigureIconPath":"","ItemCurrencyIconPath":"","ItemAvatarIconPath":"","PileLimit":1,"UseMethod":"AutoConversionItem","CustomDataList":[],"ReturnItemIDList":[]},"201107":{"ID":201107,"ItemMainType":"Usable","ItemSubType":"HeadIcon","InventoryDisplayTag":1,"Rarity":"SuperRare","isVisible":true,"ItemName":{"Hash":13398450758264356807},"ItemIconPath":"SpriteOutput/AvatarRoundIcon/Avatar/1107.png","ItemFigureIconPath":"","ItemCurrencyIconPath":"","ItemAvatarIconPath":"","PileLimit":1,"UseMethod":"AutoConversionItem","CustomDataList":[],"ReturnItemIDList":[]},"201108":{"ID":201108,"ItemMainType":"Usable","ItemSubType":"HeadIcon","InventoryDisplayTag":1,"Rarity":"VeryRare","isVisible":true,"ItemName":{"Hash":5735896817940833244},"ItemIconPath":"SpriteOutput/AvatarRoundIcon/Avatar/1108.png","ItemFigureIconPath":"","ItemCurrencyIconPath":"","ItemAvatarIconPath":"","PileLimit":1,"UseMethod":"AutoConversionItem","CustomDataList":[],"ReturnItemIDList":[]},"201109":{"ID":201109,"ItemMainType":"Usable","ItemSubType":"HeadIcon","InventoryDisplayTag":1,"Rarity":"VeryRare","isVisible":true,"ItemName":{"Hash":11109027835119172869},"ItemIconPath":"SpriteOutput/AvatarRoundIcon/Avatar/1109.png","ItemFigureIconPath":"","ItemCurrencyIconPath":"","ItemAvatarIconPath":"","PileLimit":1,"UseMethod":"AutoConversionItem","CustomDataList":[],"ReturnItemIDList":[]},"201110":{"ID":201110,"ItemMainType":"Usable","ItemSubType":"HeadIcon","InventoryDisplayTag":1,"Rarity":"VeryRare","isVisible":true,"ItemName":{"Hash":2062850784206713502},"ItemIconPath":"SpriteOutput/AvatarRoundIcon/Avatar/1110.png","ItemFigureIconPath":"","ItemCurrencyIconPath":"","ItemAvatarIconPath":"","PileLimit":1,"UseMethod":"AutoConversionItem","CustomDataList":[],"ReturnItemIDList":[]},"201111":{"ID":201111,"ItemMainType":"Usable","ItemSubType":"HeadIcon","InventoryDisplayTag":1,"Rarity":"VeryRare","isVisible":true,"ItemName":{"Hash":15566077819411668462},"ItemIconPath":"SpriteOutput/AvatarRoundIcon/Avatar/1111.png","ItemFigureIconPath":"","ItemCurrencyIconPath":"","ItemAvatarIconPath":"","PileLimit":1,"UseMethod":"AutoConversionItem","CustomDataList":[],"ReturnItemIDList":[]},"201112":{"ID":201112,"ItemMainType":"Usable","ItemSubType":"HeadIcon","InventoryDisplayTag":1,"Rarity":"SuperRare","isVisible":true,"ItemName":{"Hash":15226212072402028165},"ItemIconPath":"SpriteOutput/AvatarRoundIcon/Avatar/1112.png","ItemFigureIconPath":"","ItemCurrencyIconPath":"","ItemAvatarIconPath":"","PileLimit":1,"UseMethod":"AutoConversionItem","CustomDataList":[],"ReturnItemIDList":[]},"201201":{"ID":201201,"ItemMainType":"Usable","ItemSubType":"HeadIcon","InventoryDisplayTag":1,"Rarity":"VeryRare","isVisible":true,"ItemName":{"Hash":3419221133453758170},"ItemIconPath":"SpriteOutput/AvatarRoundIcon/Avatar/1201.png","ItemFigureIconPath":"","ItemCurrencyIconPath":"","ItemAvatarIconPath":"","PileLimit":1,"UseMethod":"AutoConversionItem","CustomDataList":[],"ReturnItemIDList":[]},"201202":{"ID":201202,"ItemMainType":"Usable","ItemSubType":"HeadIcon","InventoryDisplayTag":1,"Rarity":"VeryRare","isVisible":true,"ItemName":{"Hash":14360657256988459531},"ItemIconPath":"SpriteOutput/AvatarRoundIcon/Avatar/1202.png","ItemFigureIconPath":"","ItemCurrencyIconPath":"","ItemAvatarIconPath":"","PileLimit":1,"UseMethod":"AutoConversionItem","CustomDataList":[],"ReturnItemIDList":[]},"201203":{"ID":201203,"ItemMainType":"Usable","ItemSubType":"HeadIcon","InventoryDisplayTag":1,"Rarity":"SuperRare","isVisible":true,"ItemName":{"Hash":5837555938913912043},"ItemIconPath":"SpriteOutput/AvatarRoundIcon/Avatar/1203.png","ItemFigureIconPath":"","ItemCurrencyIconPath":"","ItemAvatarIconPath":"","PileLimit":1,"UseMethod":"AutoConversionItem","CustomDataList":[],"ReturnItemIDList":[]},"201204":{"ID":201204,"ItemMainType":"Usable","ItemSubType":"HeadIcon","InventoryDisplayTag":1,"Rarity":"SuperRare","isVisible":true,"ItemName":{"Hash":549117368712968119},"ItemIconPath":"SpriteOutput/AvatarRoundIcon/Avatar/1204.png","ItemFigureIconPath":"","ItemCurrencyIconPath":"","ItemAvatarIconPath":"","PileLimit":1,"UseMethod":"AutoConversionItem","CustomDataList":[],"ReturnItemIDList":[]},"201205":{"ID":201205,"ItemMainType":"Usable","ItemSubType":"HeadIcon","InventoryDisplayTag":1,"Rarity":"SuperRare","isVisible":true,"ItemName":{"Hash":3356833710672837530},"ItemIconPath":"SpriteOutput/AvatarRoundIcon/Avatar/1205.png","ItemFigureIconPath":"","ItemCurrencyIconPath":"","ItemAvatarIconPath":"","PileLimit":1,"UseMethod":"AutoConversionItem","CustomDataList":[],"ReturnItemIDList":[]},"201206":{"ID":201206,"ItemMainType":"Usable","ItemSubType":"HeadIcon","InventoryDisplayTag":1,"Rarity":"VeryRare","isVisible":true,"ItemName":{"Hash":13672338877230879390},"ItemIconPath":"SpriteOutput/AvatarRoundIcon/Avatar/1206.png","ItemFigureIconPath":"","ItemCurrencyIconPath":"","ItemAvatarIconPath":"","PileLimit":1,"UseMethod":"AutoConversionItem","CustomDataList":[],"ReturnItemIDList":[]},"201207":{"ID":201207,"ItemMainType":"Usable","ItemSubType":"HeadIcon","InventoryDisplayTag":1,"Rarity":"VeryRare","isVisible":true,"ItemName":{"Hash":11629243616284813901},"ItemIconPath":"SpriteOutput/AvatarRoundIcon/Avatar/1207.png","ItemFigureIconPath":"","ItemCurrencyIconPath":"","ItemAvatarIconPath":"","PileLimit":1,"UseMethod":"AutoConversionItem","CustomDataList":[],"ReturnItemIDList":[]},"201208":{"ID":201208,"ItemMainType":"Usable","ItemSubType":"HeadIcon","InventoryDisplayTag":1,"Rarity":"SuperRare","isVisible":true,"ItemName":{"Hash":13389040383005744343},"ItemIconPath":"SpriteOutput/AvatarRoundIcon/Avatar/1208.png","ItemFigureIconPath":"","ItemCurrencyIconPath":"","ItemAvatarIconPath":"","PileLimit":1,"UseMethod":"AutoConversionItem","CustomDataList":[],"ReturnItemIDList":[]},"201209":{"ID":201209,"ItemMainType":"Usable","ItemSubType":"HeadIcon","InventoryDisplayTag":1,"Rarity":"SuperRare","isVisible":true,"ItemName":{"Hash":15804635470238539021},"ItemIconPath":"SpriteOutput/AvatarRoundIcon/Avatar/1209.png","ItemFigureIconPath":"","ItemCurrencyIconPath":"","ItemAvatarIconPath":"","PileLimit":1,"UseMethod":"AutoConversionItem","CustomDataList":[],"ReturnItemIDList":[]},"201210":{"ID":201210,"ItemMainType":"Usable","ItemSubType":"HeadIcon","InventoryDisplayTag":1,"Rarity":"VeryRare","isVisible":true,"ItemName":{"Hash":1509869960444959279},"ItemIconPath":"SpriteOutput/AvatarRoundIcon/Avatar/1210.png","ItemFigureIconPath":"","ItemCurrencyIconPath":"","ItemAvatarIconPath":"","PileLimit":1,"UseMethod":"AutoConversionItem","CustomDataList":[],"ReturnItemIDList":[]},"201211":{"ID":201211,"ItemMainType":"Usable","ItemSubType":"HeadIcon","InventoryDisplayTag":1,"Rarity":"SuperRare","isVisible":true,"ItemName":{"Hash":6877400896704106399},"ItemIconPath":"SpriteOutput/AvatarRoundIcon/Avatar/1211.png","ItemFigureIconPath":"","ItemCurrencyIconPath":"","ItemAvatarIconPath":"","PileLimit":1,"UseMethod":"AutoConversionItem","CustomDataList":[],"ReturnItemIDList":[]},"201212":{"ID":201212,"ItemMainType":"Usable","ItemSubType":"HeadIcon","InventoryDisplayTag":1,"Rarity":"SuperRare","isVisible":true,"ItemName":{"Hash":11738297586856503534},"ItemIconPath":"SpriteOutput/AvatarRoundIcon/Avatar/1212.png","ItemFigureIconPath":"","ItemCurrencyIconPath":"","ItemAvatarIconPath":"","PileLimit":1,"UseMethod":"AutoConversionItem","CustomDataList":[],"ReturnItemIDList":[]},"201213":{"ID":201213,"ItemMainType":"Usable","ItemSubType":"HeadIcon","InventoryDisplayTag":1,"Rarity":"SuperRare","isVisible":true,"ItemName":{"Hash":7813352231729052219},"ItemIconPath":"SpriteOutput/AvatarRoundIcon/Avatar/1213.png","ItemFigureIconPath":"","ItemCurrencyIconPath":"","ItemAvatarIconPath":"","PileLimit":1,"UseMethod":"AutoConversionItem","CustomDataList":[],"ReturnItemIDList":[]},"201214":{"ID":201214,"ItemMainType":"Usable","ItemSubType":"HeadIcon","InventoryDisplayTag":1,"Rarity":"VeryRare","isVisible":true,"ItemName":{"Hash":9128366191277193885},"ItemIconPath":"SpriteOutput/AvatarRoundIcon/Avatar/1214.png","ItemFigureIconPath":"","ItemCurrencyIconPath":"","ItemAvatarIconPath":"","PileLimit":1,"UseMethod":"AutoConversionItem","CustomDataList":[],"ReturnItemIDList":[]},"201215":{"ID":201215,"ItemMainType":"Usable","ItemSubType":"HeadIcon","InventoryDisplayTag":1,"Rarity":"VeryRare","isVisible":true,"ItemName":{"Hash":2818850904187841631},"ItemIconPath":"SpriteOutput/AvatarRoundIcon/Avatar/1215.png","ItemFigureIconPath":"","ItemCurrencyIconPath":"","ItemAvatarIconPath":"","PileLimit":1,"UseMethod":"AutoConversionItem","CustomDataList":[],"ReturnItemIDList":[]},"201217":{"ID":201217,"ItemMainType":"Usable","ItemSubType":"HeadIcon","InventoryDisplayTag":1,"Rarity":"SuperRare","isVisible":true,"ItemName":{"Hash":13732459133464344554},"ItemIconPath":"SpriteOutput/AvatarRoundIcon/Avatar/1217.png","ItemFigureIconPath":"","ItemCurrencyIconPath":"","ItemAvatarIconPath":"","PileLimit":1,"UseMethod":"AutoConversionItem","CustomDataList":[],"ReturnItemIDList":[]},"201218":{"ID":201218,"ItemMainType":"Usable","ItemSubType":"HeadIcon","InventoryDisplayTag":1,"Rarity":"SuperRare","isVisible":true,"ItemName":{"Hash":2510987975113568679},"ItemIconPath":"SpriteOutput/AvatarRoundIcon/Avatar/1218.png","ItemFigureIconPath":"","ItemCurrencyIconPath":"","ItemAvatarIconPath":"","PileLimit":1,"UseMethod":"AutoConversionItem","CustomDataList":[],"ReturnItemIDList":[]},"201220":{"ID":201220,"ItemMainType":"Usable","ItemSubType":"HeadIcon","InventoryDisplayTag":1,"Rarity":"SuperRare","isVisible":true,"ItemName":{"Hash":13107076760059040887},"ItemIconPath":"SpriteOutput/AvatarRoundIcon/Avatar/1220.png","ItemFigureIconPath":"","ItemCurrencyIconPath":"","ItemAvatarIconPath":"","PileLimit":1,"UseMethod":"AutoConversionItem","CustomDataList":[],"ReturnItemIDList":[]},"201221":{"ID":201221,"ItemMainType":"Usable","ItemSubType":"HeadIcon","InventoryDisplayTag":1,"Rarity":"SuperRare","isVisible":true,"ItemName":{"Hash":17679221432940853494},"ItemIconPath":"SpriteOutput/AvatarRoundIcon/Avatar/1221.png","ItemFigureIconPath":"","ItemCurrencyIconPath":"","ItemAvatarIconPath":"","PileLimit":1,"UseMethod":"AutoConversionItem","CustomDataList":[],"ReturnItemIDList":[]},"201222":{"ID":201222,"ItemMainType":"Usable","ItemSubType":"HeadIcon","InventoryDisplayTag":1,"Rarity":"SuperRare","isVisible":true,"ItemName":{"Hash":2561629049200969992},"ItemIconPath":"SpriteOutput/AvatarRoundIcon/Avatar/1222.png","ItemFigureIconPath":"","ItemCurrencyIconPath":"","ItemAvatarIconPath":"","PileLimit":1,"UseMethod":"AutoConversionItem","CustomDataList":[],"ReturnItemIDList":[]},"201223":{"ID":201223,"ItemMainType":"Usable","ItemSubType":"HeadIcon","InventoryDisplayTag":1,"Rarity":"VeryRare","isVisible":true,"ItemName":{"Hash":1584582279159275507},"ItemIconPath":"SpriteOutput/AvatarRoundIcon/Avatar/1223.png","ItemFigureIconPath":"","ItemCurrencyIconPath":"","ItemAvatarIconPath":"","PileLimit":1,"UseMethod":"AutoConversionItem","CustomDataList":[],"ReturnItemIDList":[]},"201224":{"ID":201224,"ItemMainType":"Usable","ItemSubType":"HeadIcon","InventoryDisplayTag":1,"Rarity":"VeryRare","isVisible":true,"ItemName":{"Hash":9522114586326785369},"ItemIconPath":"SpriteOutput/AvatarRoundIcon/Avatar/1224.png","ItemFigureIconPath":"","ItemCurrencyIconPath":"","ItemAvatarIconPath":"","PileLimit":1,"UseMethod":"AutoConversionItem","CustomDataList":[],"ReturnItemIDList":[]},"201225":{"ID":201225,"ItemMainType":"Usable","ItemSubType":"HeadIcon","InventoryDisplayTag":1,"Rarity":"SuperRare","isVisible":true,"ItemName":{"Hash":651879080647261727},"ItemIconPath":"SpriteOutput/AvatarRoundIcon/Avatar/1225.png","ItemFigureIconPath":"","ItemCurrencyIconPath":"","ItemAvatarIconPath":"","PileLimit":1,"UseMethod":"AutoConversionItem","CustomDataList":[],"ReturnItemIDList":[]},"201301":{"ID":201301,"ItemMainType":"Usable","ItemSubType":"HeadIcon","InventoryDisplayTag":1,"Rarity":"VeryRare","isVisible":true,"ItemName":{"Hash":3060886254820913304},"ItemIconPath":"SpriteOutput/AvatarRoundIcon/Avatar/1301.png","ItemFigureIconPath":"","ItemCurrencyIconPath":"","ItemAvatarIconPath":"","PileLimit":1,"UseMethod":"AutoConversionItem","CustomDataList":[],"ReturnItemIDList":[]},"201302":{"ID":201302,"ItemMainType":"Usable","ItemSubType":"HeadIcon","InventoryDisplayTag":1,"Rarity":"SuperRare","isVisible":true,"ItemName":{"Hash":2965454927405314222},"ItemIconPath":"SpriteOutput/AvatarRoundIcon/Avatar/1302.png","ItemFigureIconPath":"","ItemCurrencyIconPath":"","ItemAvatarIconPath":"","PileLimit":1,"UseMethod":"AutoConversionItem","CustomDataList":[],"ReturnItemIDList":[]},"201303":{"ID":201303,"ItemMainType":"Usable","ItemSubType":"HeadIcon","InventoryDisplayTag":1,"Rarity":"SuperRare","isVisible":true,"ItemName":{"Hash":13688128057143769918},"ItemIconPath":"SpriteOutput/AvatarRoundIcon/Avatar/1303.png","ItemFigureIconPath":"","ItemCurrencyIconPath":"","ItemAvatarIconPath":"","PileLimit":1,"UseMethod":"AutoConversionItem","CustomDataList":[],"ReturnItemIDList":[]},"201304":{"ID":201304,"ItemMainType":"Usable","ItemSubType":"HeadIcon","InventoryDisplayTag":1,"Rarity":"SuperRare","isVisible":true,"ItemName":{"Hash":11150317685053262587},"ItemIconPath":"SpriteOutput/AvatarRoundIcon/Avatar/1304.png","ItemFigureIconPath":"","ItemCurrencyIconPath":"","ItemAvatarIconPath":"","PileLimit":1,"UseMethod":"AutoConversionItem","CustomDataList":[],"ReturnItemIDList":[]},"201305":{"ID":201305,"ItemMainType":"Usable","ItemSubType":"HeadIcon","InventoryDisplayTag":1,"Rarity":"SuperRare","isVisible":true,"ItemName":{"Hash":11636837374634843002},"ItemIconPath":"SpriteOutput/AvatarRoundIcon/Avatar/1305.png","ItemFigureIconPath":"","ItemCurrencyIconPath":"","ItemAvatarIconPath":"","PileLimit":1,"UseMethod":"AutoConversionItem","CustomDataList":[],"ReturnItemIDList":[]},"201306":{"ID":201306,"ItemMainType":"Usable","ItemSubType":"HeadIcon","InventoryDisplayTag":1,"Rarity":"SuperRare","isVisible":true,"ItemName":{"Hash":3903726831038823813},"ItemIconPath":"SpriteOutput/AvatarRoundIcon/Avatar/1306.png","ItemFigureIconPath":"","ItemCurrencyIconPath":"","ItemAvatarIconPath":"","PileLimit":1,"UseMethod":"AutoConversionItem","CustomDataList":[],"ReturnItemIDList":[]},"201307":{"ID":201307,"ItemMainType":"Usable","ItemSubType":"HeadIcon","InventoryDisplayTag":1,"Rarity":"SuperRare","isVisible":true,"ItemName":{"Hash":5018790562258487347},"ItemIconPath":"SpriteOutput/AvatarRoundIcon/Avatar/1307.png","ItemFigureIconPath":"","ItemCurrencyIconPath":"","ItemAvatarIconPath":"","PileLimit":1,"UseMethod":"AutoConversionItem","CustomDataList":[],"ReturnItemIDList":[]},"201308":{"ID":201308,"ItemMainType":"Usable","ItemSubType":"HeadIcon","InventoryDisplayTag":1,"Rarity":"SuperRare","isVisible":true,"ItemName":{"Hash":18440926914989729078},"ItemIconPath":"SpriteOutput/AvatarRoundIcon/Avatar/1308.png","ItemFigureIconPath":"","ItemCurrencyIconPath":"","ItemAvatarIconPath":"","PileLimit":1,"UseMethod":"AutoConversionItem","CustomDataList":[],"ReturnItemIDList":[]},"201309":{"ID":201309,"ItemMainType":"Usable","ItemSubType":"HeadIcon","InventoryDisplayTag":1,"Rarity":"SuperRare","isVisible":true,"ItemName":{"Hash":3349270274739166470},"ItemIconPath":"SpriteOutput/AvatarRoundIcon/Avatar/1309.png","ItemFigureIconPath":"","ItemCurrencyIconPath":"","ItemAvatarIconPath":"","PileLimit":1,"UseMethod":"AutoConversionItem","CustomDataList":[],"ReturnItemIDList":[]},"201310":{"ID":201310,"ItemMainType":"Usable","ItemSubType":"HeadIcon","InventoryDisplayTag":1,"Rarity":"SuperRare","isVisible":true,"ItemName":{"Hash":13234519276364091725},"ItemIconPath":"SpriteOutput/AvatarRoundIcon/Avatar/1310.png","ItemFigureIconPath":"","ItemCurrencyIconPath":"","ItemAvatarIconPath":"","PileLimit":1,"UseMethod":"AutoConversionItem","CustomDataList":[],"ReturnItemIDList":[]},"201312":{"ID":201312,"ItemMainType":"Usable","ItemSubType":"HeadIcon","InventoryDisplayTag":1,"Rarity":"VeryRare","isVisible":true,"ItemName":{"Hash":17299411025683702593},"ItemIconPath":"SpriteOutput/AvatarRoundIcon/Avatar/1312.png","ItemFigureIconPath":"","ItemCurrencyIconPath":"","ItemAvatarIconPath":"","PileLimit":1,"UseMethod":"AutoConversionItem","CustomDataList":[],"ReturnItemIDList":[]},"201313":{"ID":201313,"ItemMainType":"Usable","ItemSubType":"HeadIcon","InventoryDisplayTag":1,"Rarity":"SuperRare","isVisible":true,"ItemName":{"Hash":17867327443487075939},"ItemIconPath":"SpriteOutput/AvatarRoundIcon/Avatar/1313.png","ItemFigureIconPath":"","ItemCurrencyIconPath":"","ItemAvatarIconPath":"","PileLimit":1,"UseMethod":"AutoConversionItem","CustomDataList":[],"ReturnItemIDList":[]},"201314":{"ID":201314,"ItemMainType":"Usable","ItemSubType":"HeadIcon","InventoryDisplayTag":1,"Rarity":"SuperRare","isVisible":true,"ItemName":{"Hash":6668976355980619939},"ItemIconPath":"SpriteOutput/AvatarRoundIcon/Avatar/1314.png","ItemFigureIconPath":"","ItemCurrencyIconPath":"","ItemAvatarIconPath":"","PileLimit":1,"UseMethod":"AutoConversionItem","CustomDataList":[],"ReturnItemIDList":[]},"201315":{"ID":201315,"ItemMainType":"Usable","ItemSubType":"HeadIcon","InventoryDisplayTag":1,"Rarity":"SuperRare","isVisible":true,"ItemName":{"Hash":7578681482047514324},"ItemIconPath":"SpriteOutput/AvatarRoundIcon/Avatar/1315.png","ItemFigureIconPath":"","ItemCurrencyIconPath":"","ItemAvatarIconPath":"","PileLimit":1,"UseMethod":"AutoConversionItem","CustomDataList":[],"ReturnItemIDList":[]},"201317":{"ID":201317,"ItemMainType":"Usable","ItemSubType":"HeadIcon","InventoryDisplayTag":1,"Rarity":"SuperRare","isVisible":true,"ItemName":{"Hash":12067314941960781810},"ItemIconPath":"SpriteOutput/AvatarRoundIcon/Avatar/1317.png","ItemFigureIconPath":"","ItemCurrencyIconPath":"","ItemAvatarIconPath":"","PileLimit":1,"UseMethod":"AutoConversionItem","CustomDataList":[],"ReturnItemIDList":[]},"201401":{"ID":201401,"ItemMainType":"Usable","ItemSubType":"HeadIcon","InventoryDisplayTag":1,"Rarity":"SuperRare","isVisible":true,"ItemName":{"Hash":6740380140533147012},"ItemIconPath":"SpriteOutput/AvatarRoundIcon/Avatar/1401.png","ItemFigureIconPath":"","ItemCurrencyIconPath":"","ItemAvatarIconPath":"","PileLimit":1,"UseMethod":"AutoConversionItem","CustomDataList":[],"ReturnItemIDList":[]},"201402":{"ID":201402,"ItemMainType":"Usable","ItemSubType":"HeadIcon","InventoryDisplayTag":1,"Rarity":"SuperRare","isVisible":true,"ItemName":{"Hash":13822380258667560896},"ItemIconPath":"SpriteOutput/AvatarRoundIcon/Avatar/1402.png","ItemFigureIconPath":"","ItemCurrencyIconPath":"","ItemAvatarIconPath":"","PileLimit":1,"UseMethod":"AutoConversionItem","CustomDataList":[],"ReturnItemIDList":[]},"201403":{"ID":201403,"ItemMainType":"Usable","ItemSubType":"HeadIcon","InventoryDisplayTag":1,"Rarity":"SuperRare","isVisible":true,"ItemName":{"Hash":16012994626183804302},"ItemIconPath":"SpriteOutput/AvatarRoundIcon/Avatar/1403.png","ItemFigureIconPath":"","ItemCurrencyIconPath":"","ItemAvatarIconPath":"","PileLimit":1,"UseMethod":"AutoConversionItem","CustomDataList":[],"ReturnItemIDList":[]},"201404":{"ID":201404,"ItemMainType":"Usable","ItemSubType":"HeadIcon","InventoryDisplayTag":1,"Rarity":"SuperRare","isVisible":true,"ItemName":{"Hash":12470922671224494824},"ItemIconPath":"SpriteOutput/AvatarRoundIcon/Avatar/1404.png","ItemFigureIconPath":"","ItemCurrencyIconPath":"","ItemAvatarIconPath":"","PileLimit":1,"UseMethod":"AutoConversionItem","CustomDataList":[],"ReturnItemIDList":[]},"201405":{"ID":201405,"ItemMainType":"Usable","ItemSubType":"HeadIcon","InventoryDisplayTag":1,"Rarity":"SuperRare","isVisible":true,"ItemName":{"Hash":2487725207673725705},"ItemIconPath":"SpriteOutput/AvatarRoundIcon/Avatar/1405.png","ItemFigureIconPath":"","ItemCurrencyIconPath":"","ItemAvatarIconPath":"","PileLimit":1,"UseMethod":"AutoConversionItem","CustomDataList":[],"ReturnItemIDList":[]},"201406":{"ID":201406,"ItemMainType":"Usable","ItemSubType":"HeadIcon","InventoryDisplayTag":1,"Rarity":"SuperRare","isVisible":true,"ItemName":{"Hash":14222662856368022002},"ItemIconPath":"SpriteOutput/AvatarRoundIcon/Avatar/1406.png","ItemFigureIconPath":"","ItemCurrencyIconPath":"","ItemAvatarIconPath":"","PileLimit":1,"UseMethod":"AutoConversionItem","CustomDataList":[],"ReturnItemIDList":[]},"201407":{"ID":201407,"ItemMainType":"Usable","ItemSubType":"HeadIcon","InventoryDisplayTag":1,"Rarity":"SuperRare","isVisible":true,"ItemName":{"Hash":6984371319907023658},"ItemIconPath":"SpriteOutput/AvatarRoundIcon/Avatar/1407.png","ItemFigureIconPath":"","ItemCurrencyIconPath":"","ItemAvatarIconPath":"","PileLimit":1,"UseMethod":"AutoConversionItem","CustomDataList":[],"ReturnItemIDList":[]},"201408":{"ID":201408,"ItemMainType":"Usable","ItemSubType":"HeadIcon","InventoryDisplayTag":1,"Rarity":"SuperRare","isVisible":true,"ItemName":{"Hash":13315198762677031796},"ItemIconPath":"SpriteOutput/AvatarRoundIcon/Avatar/1408.png","ItemFigureIconPath":"","ItemCurrencyIconPath":"","ItemAvatarIconPath":"","PileLimit":1,"UseMethod":"AutoConversionItem","CustomDataList":[],"ReturnItemIDList":[]},"201409":{"ID":201409,"ItemMainType":"Usable","ItemSubType":"HeadIcon","InventoryDisplayTag":1,"Rarity":"SuperRare","isVisible":true,"ItemName":{"Hash":2830993507950404448},"ItemIconPath":"SpriteOutput/AvatarRoundIcon/Avatar/1409.png","ItemFigureIconPath":"","ItemCurrencyIconPath":"","ItemAvatarIconPath":"","PileLimit":1,"UseMethod":"AutoConversionItem","CustomDataList":[],"ReturnItemIDList":[]},"201410":{"ID":201410,"ItemMainType":"Usable","ItemSubType":"HeadIcon","InventoryDisplayTag":1,"Rarity":"SuperRare","isVisible":true,"ItemName":{"Hash":12813239449618601866},"ItemIconPath":"SpriteOutput/AvatarRoundIcon/Avatar/1410.png","ItemFigureIconPath":"","ItemCurrencyIconPath":"","ItemAvatarIconPath":"","PileLimit":1,"UseMethod":"AutoConversionItem","CustomDataList":[],"ReturnItemIDList":[]},"201412":{"ID":201412,"ItemMainType":"Usable","ItemSubType":"HeadIcon","InventoryDisplayTag":1,"Rarity":"SuperRare","isVisible":true,"ItemName":{"Hash":1020591963288157359},"ItemIconPath":"SpriteOutput/AvatarRoundIcon/Avatar/1412.png","ItemFigureIconPath":"","ItemCurrencyIconPath":"","ItemAvatarIconPath":"","PileLimit":1,"UseMethod":"AutoConversionItem","CustomDataList":[],"ReturnItemIDList":[]},"201413":{"ID":201413,"ItemMainType":"Usable","ItemSubType":"HeadIcon","InventoryDisplayTag":1,"Rarity":"SuperRare","isVisible":true,"ItemName":{"Hash":17414473488437131424},"ItemIconPath":"SpriteOutput/AvatarRoundIcon/Avatar/1413.png","ItemFigureIconPath":"","ItemCurrencyIconPath":"","ItemAvatarIconPath":"","PileLimit":1,"UseMethod":"AutoConversionItem","CustomDataList":[],"ReturnItemIDList":[]},"201414":{"ID":201414,"ItemMainType":"Usable","ItemSubType":"HeadIcon","InventoryDisplayTag":1,"Rarity":"SuperRare","isVisible":true,"ItemName":{"Hash":7913080707452038653},"ItemIconPath":"SpriteOutput/AvatarRoundIcon/Avatar/1414.png","ItemFigureIconPath":"","ItemCurrencyIconPath":"","ItemAvatarIconPath":"","PileLimit":1,"UseMethod":"AutoConversionItem","CustomDataList":[],"ReturnItemIDList":[]},"201415":{"ID":201415,"ItemMainType":"Usable","ItemSubType":"HeadIcon","InventoryDisplayTag":1,"Rarity":"SuperRare","isVisible":true,"ItemName":{"Hash":907668832655129462},"ItemIconPath":"SpriteOutput/AvatarRoundIcon/Avatar/1415.png","ItemFigureIconPath":"","ItemCurrencyIconPath":"","ItemAvatarIconPath":"","PileLimit":1,"UseMethod":"AutoConversionItem","CustomDataList":[],"ReturnItemIDList":[]},"208001":{"ID":208001,"ItemMainType":"Usable","ItemSubType":"HeadIcon","InventoryDisplayTag":1,"Rarity":"SuperRare","isVisible":true,"ItemName":{"Hash":7097460825029404802},"ItemIconPath":"SpriteOutput/AvatarRoundIcon/Avatar/8001.png","ItemFigureIconPath":"","ItemCurrencyIconPath":"","ItemAvatarIconPath":"","PileLimit":1,"UseMethod":"AutoConversionItem","CustomDataList":[],"ReturnItemIDList":[]},"208002":{"ID":208002,"ItemMainType":"Usable","ItemSubType":"HeadIcon","InventoryDisplayTag":1,"Rarity":"SuperRare","isVisible":true,"ItemName":{"Hash":13620809312622826598},"ItemIconPath":"SpriteOutput/AvatarRoundIcon/Avatar/8002.png","ItemFigureIconPath":"","ItemCurrencyIconPath":"","ItemAvatarIconPath":"","PileLimit":1,"UseMethod":"AutoConversionItem","CustomDataList":[],"ReturnItemIDList":[]},"208003":{"ID":208003,"ItemMainType":"Usable","ItemSubType":"HeadIcon","InventoryDisplayTag":1,"Rarity":"SuperRare","isVisible":true,"ItemName":{"Hash":1624481490912570992},"ItemIconPath":"SpriteOutput/AvatarRoundIcon/Avatar/8003.png","ItemFigureIconPath":"","ItemCurrencyIconPath":"","ItemAvatarIconPath":"","PileLimit":1,"UseMethod":"AutoConversionItem","CustomDataList":[],"ReturnItemIDList":[]},"208004":{"ID":208004,"ItemMainType":"Usable","ItemSubType":"HeadIcon","InventoryDisplayTag":1,"Rarity":"SuperRare","isVisible":true,"ItemName":{"Hash":2603617026438676969},"ItemIconPath":"SpriteOutput/AvatarRoundIcon/Avatar/8004.png","ItemFigureIconPath":"","ItemCurrencyIconPath":"","ItemAvatarIconPath":"","PileLimit":1,"UseMethod":"AutoConversionItem","CustomDataList":[],"ReturnItemIDList":[]},"208005":{"ID":208005,"ItemMainType":"Usable","ItemSubType":"HeadIcon","InventoryDisplayTag":1,"Rarity":"SuperRare","isVisible":true,"ItemName":{"Hash":6195298549342497756},"ItemIconPath":"SpriteOutput/AvatarRoundIcon/Avatar/8005.png","ItemFigureIconPath":"","ItemCurrencyIconPath":"","ItemAvatarIconPath":"","PileLimit":1,"UseMethod":"AutoConversionItem","CustomDataList":[],"ReturnItemIDList":[]},"208006":{"ID":208006,"ItemMainType":"Usable","ItemSubType":"HeadIcon","InventoryDisplayTag":1,"Rarity":"SuperRare","isVisible":true,"ItemName":{"Hash":14857904836099450593},"ItemIconPath":"SpriteOutput/AvatarRoundIcon/Avatar/8006.png","ItemFigureIconPath":"","ItemCurrencyIconPath":"","ItemAvatarIconPath":"","PileLimit":1,"UseMethod":"AutoConversionItem","CustomDataList":[],"ReturnItemIDList":[]},"208007":{"ID":208007,"ItemMainType":"Usable","ItemSubType":"HeadIcon","InventoryDisplayTag":1,"Rarity":"SuperRare","isVisible":true,"ItemName":{"Hash":5278302398827847709},"ItemIconPath":"SpriteOutput/AvatarRoundIcon/Avatar/8007.png","ItemFigureIconPath":"","ItemCurrencyIconPath":"","ItemAvatarIconPath":"","PileLimit":1,"UseMethod":"AutoConversionItem","CustomDataList":[],"ReturnItemIDList":[]},"208008":{"ID":208008,"ItemMainType":"Usable","ItemSubType":"HeadIcon","InventoryDisplayTag":1,"Rarity":"SuperRare","isVisible":true,"ItemName":{"Hash":2358281278665543455},"ItemIconPath":"SpriteOutput/AvatarRoundIcon/Avatar/8008.png","ItemFigureIconPath":"","ItemCurrencyIconPath":"","ItemAvatarIconPath":"","PileLimit":1,"UseMethod":"AutoConversionItem","CustomDataList":[],"ReturnItemIDList":[]}}