{"200001":{"ID":200001,"ItemMainType":"Usable","ItemSubType":"HeadIcon","InventoryDisplayTag":1,"Rarity":"VeryRare","isVisible":true,"ItemName":{"Hash":1676393111},"ItemDesc":{"Hash":371857150},"ItemBGDesc":{"Hash":371857150},"ItemIconPath":"SpriteOutput/AvatarRoundIcon/UI_Message_Contacts_Anonymous.png","ItemFigureIconPath":"","ItemCurrencyIconPath":"","ItemAvatarIconPath":"","PileLimit":1,"UseMethod":"AutoConversionItem","CustomDataList":[],"ReturnItemIDList":[]},"200101":{"ID":200101,"ItemMainType":"Usable","ItemSubType":"HeadIcon","InventoryDisplayTag":1,"Rarity":"SuperRare","isVisible":true,"ItemName":{"Hash":130512146},"ItemDesc":{"Hash":-1303701200},"ItemBGDesc":{"Hash":1204703937},"ItemIconPath":"SpriteOutput/ItemIcon/AvatarHead/IconHeadS1_1001.png","ItemFigureIconPath":"SpriteOutput/ItemFigures/AvatarHead/IconHeadS1_1001.png","ItemCurrencyIconPath":"","ItemAvatarIconPath":"","PileLimit":1,"UseMethod":"AutoConversionItem","CustomDataList":[],"ReturnItemIDList":[]},"200102":{"ID":200102,"ItemMainType":"Usable","ItemSubType":"HeadIcon","InventoryDisplayTag":1,"Rarity":"SuperRare","isVisible":true,"ItemName":{"Hash":-1435571795},"ItemDesc":{"Hash":1425182155},"ItemBGDesc":{"Hash":1607988464},"ItemIconPath":"SpriteOutput/ItemIcon/AvatarHead/IconHeadS1_1002.png","ItemFigureIconPath":"SpriteOutput/ItemFigures/AvatarHead/IconHeadS1_1002.png","ItemCurrencyIconPath":"","ItemAvatarIconPath":"","PileLimit":1,"UseMethod":"AutoConversionItem","CustomDataList":[],"ReturnItemIDList":[]},"200103":{"ID":200103,"ItemMainType":"Usable","ItemSubType":"HeadIcon","InventoryDisplayTag":1,"Rarity":"SuperRare","isVisible":true,"ItemName":{"Hash":1293311560},"ItemDesc":{"Hash":-140901786},"ItemBGDesc":{"Hash":41904523},"ItemIconPath":"SpriteOutput/ItemIcon/AvatarHead/IconHeadS1_1003.png","ItemFigureIconPath":"SpriteOutput/ItemFigures/AvatarHead/IconHeadS1_1003.png","ItemCurrencyIconPath":"","ItemAvatarIconPath":"","PileLimit":1,"UseMethod":"AutoConversionItem","CustomDataList":[],"ReturnItemIDList":[]},"200104":{"ID":200104,"ItemMainType":"Usable","ItemSubType":"HeadIcon","InventoryDisplayTag":1,"Rarity":"SuperRare","isVisible":true,"ItemName":{"Hash":-272772381},"ItemDesc":{"Hash":-2063216087},"ItemBGDesc":{"Hash":445189050},"ItemIconPath":"SpriteOutput/ItemIcon/AvatarHead/IconHeadS1_1004.png","ItemFigureIconPath":"SpriteOutput/ItemFigures/AvatarHead/IconHeadS1_1004.png","ItemCurrencyIconPath":"","ItemAvatarIconPath":"","PileLimit":1,"UseMethod":"AutoConversionItem","CustomDataList":[],"ReturnItemIDList":[]},"200105":{"ID":200105,"ItemMainType":"Usable","ItemSubType":"HeadIcon","InventoryDisplayTag":1,"Rarity":"SuperRare","isVisible":true,"ItemName":{"Hash":-1838856322},"ItemDesc":{"Hash":665667268},"ItemBGDesc":{"Hash":-1120894891},"ItemIconPath":"SpriteOutput/ItemIcon/AvatarHead/IconHeadS1_8001.png","ItemFigureIconPath":"SpriteOutput/ItemFigures/AvatarHead/IconHeadS1_8001.png","ItemCurrencyIconPath":"","ItemAvatarIconPath":"","PileLimit":1,"UseMethod":"AutoConversionItem","CustomDataList":[],"ReturnItemIDList":[]},"200106":{"ID":200106,"ItemMainType":"Usable","ItemSubType":"HeadIcon","InventoryDisplayTag":1,"Rarity":"SuperRare","isVisible":true,"ItemName":{"Hash":890027033},"ItemDesc":{"Hash":-900416673},"ItemBGDesc":{"Hash":-717610364},"ItemIconPath":"SpriteOutput/ItemIcon/AvatarHead/IconHeadS1_8002.png","ItemFigureIconPath":"SpriteOutput/ItemFigures/AvatarHead/IconHeadS1_8002.png","ItemCurrencyIconPath":"","ItemAvatarIconPath":"","PileLimit":1,"UseMethod":"AutoConversionItem","CustomDataList":[],"ReturnItemIDList":[]},"200107":{"ID":200107,"ItemMainType":"Usable","ItemSubType":"HeadIcon","InventoryDisplayTag":1,"Rarity":"SuperRare","isVisible":true,"ItemName":{"Hash":-676056908},"ItemDesc":{"Hash":1828466682},"ItemBGDesc":{"Hash":2011272991},"ItemIconPath":"SpriteOutput/ItemIcon/AvatarHead/IconHead_200107.png","ItemFigureIconPath":"SpriteOutput/ItemFigures/AvatarHead/IconHead_200107.png","ItemCurrencyIconPath":"","ItemAvatarIconPath":"","PileLimit":1,"UseMethod":"AutoConversionItem","CustomDataList":[],"ReturnItemIDList":[]},"200108":{"ID":200108,"ItemMainType":"Usable","ItemSubType":"HeadIcon","InventoryDisplayTag":1,"Rarity":"SuperRare","isVisible":true,"ItemName":{"Hash":2052826447},"ItemDesc":{"Hash":618613101},"ItemBGDesc":{"Hash":-1167949058},"ItemIconPath":"SpriteOutput/ItemIcon/AvatarHead/IconHead_200108.png","ItemFigureIconPath":"SpriteOutput/ItemFigures/AvatarHead/IconHead_200108.png","ItemCurrencyIconPath":"","ItemAvatarIconPath":"","PileLimit":1,"UseMethod":"AutoConversionItem","CustomDataList":[],"ReturnItemIDList":[]},"200109":{"ID":200109,"ItemMainType":"Usable","ItemSubType":"HeadIcon","InventoryDisplayTag":1,"Rarity":"SuperRare","isVisible":true,"ItemName":{"Hash":486742506},"ItemDesc":{"Hash":-947470840},"ItemBGDesc":{"Hash":1560934297},"ItemIconPath":"SpriteOutput/ItemIcon/AvatarHead/IconHead_200109.png","ItemFigureIconPath":"SpriteOutput/ItemFigures/AvatarHead/IconHead_200109.png","ItemCurrencyIconPath":"","ItemAvatarIconPath":"","PileLimit":1,"UseMethod":"AutoConversionItem","CustomDataList":[],"ReturnItemIDList":[]},"200110":{"ID":200110,"ItemMainType":"Usable","ItemSubType":"HeadIcon","InventoryDisplayTag":1,"Rarity":"SuperRare","isVisible":true,"ItemName":{"Hash":1696596088},"ItemDesc":{"Hash":262382742},"ItemBGDesc":{"Hash":-1524179419},"ItemIconPath":"SpriteOutput/ItemIcon/AvatarHead/IconHead_200110.png","ItemFigureIconPath":"SpriteOutput/ItemFigures/AvatarHead/IconHead_200110.png","ItemCurrencyIconPath":"","ItemAvatarIconPath":"","PileLimit":1,"UseMethod":"AutoConversionItem","CustomDataList":[],"ReturnItemIDList":[]},"200111":{"ID":200111,"ItemMainType":"Usable","ItemSubType":"HeadIcon","InventoryDisplayTag":1,"Rarity":"SuperRare","isVisible":true,"ItemName":{"Hash":130512147},"ItemDesc":{"Hash":-1303701199},"ItemBGDesc":{"Hash":1204703936},"ItemIconPath":"SpriteOutput/ItemIcon/AvatarHead/IconHead_200111.png","ItemFigureIconPath":"SpriteOutput/ItemFigures/AvatarHead/IconHead_200111.png","ItemCurrencyIconPath":"","ItemAvatarIconPath":"","PileLimit":1,"UseMethod":"AutoConversionItem","CustomDataList":[],"ReturnItemIDList":[]},"200112":{"ID":200112,"ItemMainType":"Usable","ItemSubType":"HeadIcon","InventoryDisplayTag":1,"Rarity":"SuperRare","isVisible":true,"ItemName":{"Hash":-1435571794},"ItemDesc":{"Hash":1425182156},"ItemBGDesc":{"Hash":1607988463},"ItemIconPath":"SpriteOutput/ItemIcon/AvatarHead/IconHead_200112.png","ItemFigureIconPath":"SpriteOutput/ItemFigures/AvatarHead/IconHead_200112.png","ItemCurrencyIconPath":"","ItemAvatarIconPath":"","PileLimit":1,"UseMethod":"AutoConversionItem","CustomDataList":[],"ReturnItemIDList":[]},"200113":{"ID":200113,"ItemMainType":"Usable","ItemSubType":"HeadIcon","InventoryDisplayTag":1,"Rarity":"SuperRare","isVisible":true,"ItemName":{"Hash":1293311561},"ItemDesc":{"Hash":-140901785},"ItemBGDesc":{"Hash":41904522},"ItemIconPath":"SpriteOutput/ItemIcon/AvatarHead/IconHead_200113.png","ItemFigureIconPath":"SpriteOutput/ItemFigures/AvatarHead/IconHead_200113.png","ItemCurrencyIconPath":"","ItemAvatarIconPath":"","PileLimit":1,"UseMethod":"AutoConversionItem","CustomDataList":[],"ReturnItemIDList":[]},"200114":{"ID":200114,"ItemMainType":"Usable","ItemSubType":"HeadIcon","InventoryDisplayTag":1,"Rarity":"SuperRare","isVisible":true,"ItemName":{"Hash":-272772380},"ItemDesc":{"Hash":-2063216086},"ItemBGDesc":{"Hash":445189049},"ItemIconPath":"SpriteOutput/ItemIcon/AvatarHead/IconHead_200114.png","ItemFigureIconPath":"SpriteOutput/ItemFigures/AvatarHead/IconHead_200114.png","ItemCurrencyIconPath":"","ItemAvatarIconPath":"","PileLimit":1,"UseMethod":"AutoConversionItem","CustomDataList":[],"ReturnItemIDList":[]},"202001":{"ID":202001,"ItemMainType":"Usable","ItemSubType":"HeadIcon","InventoryDisplayTag":1,"Rarity":"VeryRare","isVisible":true,"ItemName":{"Hash":1676393177},"ItemDesc":{"Hash":242179699},"ItemBGDesc":{"Hash":-1544382328},"ItemIconPath":"SpriteOutput/ItemIcon/AvatarHead/IconHead_202001.png","ItemFigureIconPath":"SpriteOutput/ItemFigures/AvatarHead/IconHead_202001.png","ItemCurrencyIconPath":"","ItemAvatarIconPath":"","PileLimit":1,"UseMethod":"AutoConversionItem","CustomDataList":[],"ReturnItemIDList":[]},"202002":{"ID":202002,"ItemMainType":"Usable","ItemSubType":"HeadIcon","InventoryDisplayTag":1,"Rarity":"VeryRare","isVisible":true,"ItemName":{"Hash":1273108650},"ItemDesc":{"Hash":-161104828},"ItemBGDesc":{"Hash":21701613},"ItemIconPath":"SpriteOutput/ItemIcon/AvatarHead/IconHead_202002.png","ItemFigureIconPath":"SpriteOutput/ItemFigures/AvatarHead/IconHead_202002.png","ItemCurrencyIconPath":"","ItemAvatarIconPath":"","PileLimit":1,"UseMethod":"AutoConversionItem","CustomDataList":[],"ReturnItemIDList":[]},"202003":{"ID":202003,"ItemMainType":"Usable","ItemSubType":"HeadIcon","InventoryDisplayTag":1,"Rarity":"VeryRare","isVisible":true,"ItemName":{"Hash":-1455774705},"ItemDesc":{"Hash":1404979113},"ItemBGDesc":{"Hash":1587785554},"ItemIconPath":"SpriteOutput/ItemIcon/AvatarHead/IconHead_202003.png","ItemFigureIconPath":"SpriteOutput/ItemFigures/AvatarHead/IconHead_202003.png","ItemCurrencyIconPath":"","ItemAvatarIconPath":"","PileLimit":1,"UseMethod":"AutoConversionItem","CustomDataList":[],"ReturnItemIDList":[]},"202004":{"ID":202004,"ItemMainType":"Usable","ItemSubType":"HeadIcon","InventoryDisplayTag":1,"Rarity":"VeryRare","isVisible":true,"ItemName":{"Hash":-1859059232},"ItemDesc":{"Hash":645464226},"ItemBGDesc":{"Hash":-1141097801},"ItemIconPath":"SpriteOutput/ItemIcon/AvatarHead/IconHead_202004.png","ItemFigureIconPath":"SpriteOutput/ItemFigures/AvatarHead/IconHead_202004.png","ItemCurrencyIconPath":"","ItemAvatarIconPath":"","PileLimit":1,"UseMethod":"AutoConversionItem","CustomDataList":[],"ReturnItemIDList":[]},"202005":{"ID":202005,"ItemMainType":"Usable","ItemSubType":"HeadIcon","InventoryDisplayTag":1,"Rarity":"VeryRare","isVisible":true,"ItemName":{"Hash":-292975291},"ItemDesc":{"Hash":-2083419129},"ItemBGDesc":{"Hash":424986140},"ItemIconPath":"SpriteOutput/ItemIcon/AvatarHead/IconHead_202005.png","ItemFigureIconPath":"SpriteOutput/ItemFigures/AvatarHead/IconHead_202005.png","ItemCurrencyIconPath":"","ItemAvatarIconPath":"","PileLimit":1,"UseMethod":"AutoConversionItem","CustomDataList":[],"ReturnItemIDList":[]},"202006":{"ID":202006,"ItemMainType":"Usable","ItemSubType":"HeadIcon","InventoryDisplayTag":1,"Rarity":"VeryRare","isVisible":true,"ItemName":{"Hash":-696259818},"ItemDesc":{"Hash":1808263640},"ItemBGDesc":{"Hash":1991070081},"ItemIconPath":"SpriteOutput/ItemIcon/AvatarHead/IconHead_202006.png","ItemFigureIconPath":"SpriteOutput/ItemFigures/AvatarHead/IconHead_202006.png","ItemCurrencyIconPath":"","ItemAvatarIconPath":"","PileLimit":1,"UseMethod":"AutoConversionItem","CustomDataList":[],"ReturnItemIDList":[]},"202007":{"ID":202007,"ItemMainType":"Usable","ItemSubType":"HeadIcon","InventoryDisplayTag":1,"Rarity":"VeryRare","isVisible":true,"ItemName":{"Hash":869824123},"ItemDesc":{"Hash":371857150},"ItemBGDesc":{"Hash":-737813274},"ItemIconPath":"SpriteOutput/ItemIcon/AvatarHead/IconHead_202007.png","ItemFigureIconPath":"SpriteOutput/ItemFigures/AvatarHead/IconHead_202007.png","ItemCurrencyIconPath":"","ItemAvatarIconPath":"","PileLimit":999,"UseMethod":"AutoConversionItem","CustomDataList":[],"ReturnItemIDList":[]}}