{"20000":{"ID":20000,"ItemMainType":"Equipment","ItemSubType":"Equipment","InventoryDisplayTag":1,"Rarity":"Rare","isVisible":true,"ItemName":{"Hash":3938930023512122568},"ItemDesc":{"Hash":16159044508835640864},"ItemBGDesc":{"Hash":5435417150194813419},"ItemIconPath":"SpriteOutput/ItemIcon/LightConeIcons/20000.png","ItemFigureIconPath":"SpriteOutput/ItemFigures/LightCone/20000.png","ItemCurrencyIconPath":"0","ItemAvatarIconPath":"","PileLimit":9999,"CustomDataList":[],"ReturnItemIDList":[{"ItemID":221,"ItemNum":1}],"SellType":"Sell"},"20001":{"ID":20001,"ItemMainType":"Equipment","ItemSubType":"Equipment","InventoryDisplayTag":1,"Rarity":"Rare","isVisible":true,"ItemName":{"Hash":1462975586064157240},"ItemDesc":{"Hash":252672752272070112},"ItemBGDesc":{"Hash":17195256756711334714},"ItemIconPath":"SpriteOutput/ItemIcon/LightConeIcons/20001.png","ItemFigureIconPath":"SpriteOutput/ItemFigures/LightCone/20001.png","ItemCurrencyIconPath":"0","ItemAvatarIconPath":"","PileLimit":9999,"CustomDataList":[],"ReturnItemIDList":[{"ItemID":221,"ItemNum":1}],"SellType":"Sell"},"20002":{"ID":20002,"ItemMainType":"Equipment","ItemSubType":"Equipment","InventoryDisplayTag":1,"Rarity":"Rare","isVisible":true,"ItemName":{"Hash":221658831796151332},"ItemDesc":{"Hash":9710476949675546252},"ItemBGDesc":{"Hash":14854703575461746539},"ItemIconPath":"SpriteOutput/ItemIcon/LightConeIcons/20002.png","ItemFigureIconPath":"SpriteOutput/ItemFigures/LightCone/20002.png","ItemCurrencyIconPath":"0","ItemAvatarIconPath":"","PileLimit":9999,"CustomDataList":[],"ReturnItemIDList":[{"ItemID":221,"ItemNum":1}],"SellType":"Sell"},"20003":{"ID":20003,"ItemMainType":"Equipment","ItemSubType":"Equipment","InventoryDisplayTag":1,"Rarity":"Rare","isVisible":true,"ItemName":{"Hash":13501551868107259488},"ItemDesc":{"Hash":14598913436126031425},"ItemBGDesc":{"Hash":3579588443824052497},"ItemIconPath":"SpriteOutput/ItemIcon/LightConeIcons/20003.png","ItemFigureIconPath":"SpriteOutput/ItemFigures/LightCone/20003.png","ItemCurrencyIconPath":"0","ItemAvatarIconPath":"","PileLimit":9999,"CustomDataList":[],"ReturnItemIDList":[{"ItemID":221,"ItemNum":1}],"SellType":"Sell"},"20004":{"ID":20004,"ItemMainType":"Equipment","ItemSubType":"Equipment","InventoryDisplayTag":1,"Rarity":"Rare","isVisible":true,"ItemName":{"Hash":3528647451171166554},"ItemDesc":{"Hash":11678126212684970065},"ItemBGDesc":{"Hash":8229096463561764873},"ItemIconPath":"SpriteOutput/ItemIcon/LightConeIcons/20004.png","ItemFigureIconPath":"SpriteOutput/ItemFigures/LightCone/20004.png","ItemCurrencyIconPath":"0","ItemAvatarIconPath":"","PileLimit":9999,"CustomDataList":[],"ReturnItemIDList":[{"ItemID":221,"ItemNum":1}],"SellType":"Sell"},"20005":{"ID":20005,"ItemMainType":"Equipment","ItemSubType":"Equipment","InventoryDisplayTag":1,"Rarity":"Rare","isVisible":true,"ItemName":{"Hash":5325673010670931961},"ItemDesc":{"Hash":15916429345417310194},"ItemBGDesc":{"Hash":1653546819376817522},"ItemIconPath":"SpriteOutput/ItemIcon/LightConeIcons/20005.png","ItemFigureIconPath":"SpriteOutput/ItemFigures/LightCone/20005.png","ItemCurrencyIconPath":"0","ItemAvatarIconPath":"","PileLimit":9999,"CustomDataList":[],"ReturnItemIDList":[{"ItemID":221,"ItemNum":1}],"SellType":"Sell"},"20006":{"ID":20006,"ItemMainType":"Equipment","ItemSubType":"Equipment","InventoryDisplayTag":1,"Rarity":"Rare","isVisible":true,"ItemName":{"Hash":17619168696647341023},"ItemDesc":{"Hash":7011379596486168959},"ItemBGDesc":{"Hash":13186214481986558856},"ItemIconPath":"SpriteOutput/ItemIcon/LightConeIcons/20006.png","ItemFigureIconPath":"SpriteOutput/ItemFigures/LightCone/20006.png","ItemCurrencyIconPath":"0","ItemAvatarIconPath":"","PileLimit":9999,"CustomDataList":[],"ReturnItemIDList":[{"ItemID":221,"ItemNum":1}],"SellType":"Sell"},"20007":{"ID":20007,"ItemMainType":"Equipment","ItemSubType":"Equipment","InventoryDisplayTag":1,"Rarity":"Rare","isVisible":true,"ItemName":{"Hash":3392196579386556645},"ItemDesc":{"Hash":12806829947488341530},"ItemBGDesc":{"Hash":18220168806544689325},"ItemIconPath":"SpriteOutput/ItemIcon/LightConeIcons/20007.png","ItemFigureIconPath":"SpriteOutput/ItemFigures/LightCone/20007.png","ItemCurrencyIconPath":"0","ItemAvatarIconPath":"","PileLimit":9999,"CustomDataList":[],"ReturnItemIDList":[{"ItemID":221,"ItemNum":1}],"SellType":"Sell"},"20008":{"ID":20008,"ItemMainType":"Equipment","ItemSubType":"Equipment","InventoryDisplayTag":1,"Rarity":"Rare","isVisible":true,"ItemName":{"Hash":13944382489669304086},"ItemDesc":{"Hash":15466971733273396654},"ItemBGDesc":{"Hash":17484088333129200576},"ItemIconPath":"SpriteOutput/ItemIcon/LightConeIcons/20008.png","ItemFigureIconPath":"SpriteOutput/ItemFigures/LightCone/20008.png","ItemCurrencyIconPath":"0","ItemAvatarIconPath":"","PileLimit":9999,"CustomDataList":[],"ReturnItemIDList":[{"ItemID":221,"ItemNum":1}],"SellType":"Sell"},"20009":{"ID":20009,"ItemMainType":"Equipment","ItemSubType":"Equipment","InventoryDisplayTag":1,"Rarity":"Rare","isVisible":true,"ItemName":{"Hash":13353478266802563984},"ItemDesc":{"Hash":11095330134530350238},"ItemBGDesc":{"Hash":18431135769292337086},"ItemIconPath":"SpriteOutput/ItemIcon/LightConeIcons/20009.png","ItemFigureIconPath":"SpriteOutput/ItemFigures/LightCone/20009.png","ItemCurrencyIconPath":"0","ItemAvatarIconPath":"","PileLimit":9999,"CustomDataList":[],"ReturnItemIDList":[{"ItemID":221,"ItemNum":1}],"SellType":"Sell"},"20010":{"ID":20010,"ItemMainType":"Equipment","ItemSubType":"Equipment","InventoryDisplayTag":1,"Rarity":"Rare","isVisible":true,"ItemName":{"Hash":15235070748065283829},"ItemDesc":{"Hash":1519665166341872991},"ItemBGDesc":{"Hash":11939614503520077593},"ItemIconPath":"SpriteOutput/ItemIcon/LightConeIcons/20010.png","ItemFigureIconPath":"SpriteOutput/ItemFigures/LightCone/20010.png","ItemCurrencyIconPath":"0","ItemAvatarIconPath":"","PileLimit":9999,"CustomDataList":[],"ReturnItemIDList":[{"ItemID":221,"ItemNum":1}],"SellType":"Sell"},"20011":{"ID":20011,"ItemMainType":"Equipment","ItemSubType":"Equipment","InventoryDisplayTag":1,"Rarity":"Rare","isVisible":true,"ItemName":{"Hash":1681459856790542730},"ItemDesc":{"Hash":6592372569966304636},"ItemBGDesc":{"Hash":9507008430777930084},"ItemIconPath":"SpriteOutput/ItemIcon/LightConeIcons/20011.png","ItemFigureIconPath":"SpriteOutput/ItemFigures/LightCone/20011.png","ItemCurrencyIconPath":"0","ItemAvatarIconPath":"","PileLimit":9999,"CustomDataList":[],"ReturnItemIDList":[{"ItemID":221,"ItemNum":1}],"SellType":"Sell"},"20012":{"ID":20012,"ItemMainType":"Equipment","ItemSubType":"Equipment","InventoryDisplayTag":1,"Rarity":"Rare","isVisible":true,"ItemName":{"Hash":14937021661266694409},"ItemDesc":{"Hash":678598569969728819},"ItemBGDesc":{"Hash":1913700212347123954},"ItemIconPath":"SpriteOutput/ItemIcon/LightConeIcons/20012.png","ItemFigureIconPath":"SpriteOutput/ItemFigures/LightCone/20012.png","ItemCurrencyIconPath":"0","ItemAvatarIconPath":"","PileLimit":9999,"CustomDataList":[],"ReturnItemIDList":[{"ItemID":221,"ItemNum":1}],"SellType":"Sell"},"20013":{"ID":20013,"ItemMainType":"Equipment","ItemSubType":"Equipment","InventoryDisplayTag":1,"Rarity":"Rare","isVisible":true,"ItemName":{"Hash":16582573619253592907},"ItemDesc":{"Hash":11929953754680151565},"ItemBGDesc":{"Hash":8683316689609449734},"ItemIconPath":"SpriteOutput/ItemIcon/LightConeIcons/20013.png","ItemFigureIconPath":"SpriteOutput/ItemFigures/LightCone/20013.png","ItemCurrencyIconPath":"0","ItemAvatarIconPath":"","PileLimit":9999,"CustomDataList":[],"ReturnItemIDList":[{"ItemID":221,"ItemNum":1}],"SellType":"Sell"},"20014":{"ID":20014,"ItemMainType":"Equipment","ItemSubType":"Equipment","InventoryDisplayTag":1,"Rarity":"Rare","isVisible":true,"ItemName":{"Hash":8280592541514786910},"ItemDesc":{"Hash":16338426946977170854},"ItemBGDesc":{"Hash":2098132306427688564},"ItemIconPath":"SpriteOutput/ItemIcon/LightConeIcons/20014.png","ItemFigureIconPath":"SpriteOutput/ItemFigures/LightCone/20014.png","ItemCurrencyIconPath":"0","ItemAvatarIconPath":"","PileLimit":9999,"CustomDataList":[],"ReturnItemIDList":[{"ItemID":221,"ItemNum":1}],"SellType":"Sell"},"20015":{"ID":20015,"ItemMainType":"Equipment","ItemSubType":"Equipment","InventoryDisplayTag":1,"Rarity":"Rare","isVisible":true,"ItemName":{"Hash":13092556658836334058},"ItemDesc":{"Hash":3357492796796299283},"ItemBGDesc":{"Hash":15266608011329261159},"ItemIconPath":"SpriteOutput/ItemIcon/LightConeIcons/20015.png","ItemFigureIconPath":"SpriteOutput/ItemFigures/LightCone/20015.png","ItemCurrencyIconPath":"0","ItemAvatarIconPath":"","PileLimit":9999,"CustomDataList":[],"ReturnItemIDList":[{"ItemID":221,"ItemNum":1}],"SellType":"Sell"},"20016":{"ID":20016,"ItemMainType":"Equipment","ItemSubType":"Equipment","InventoryDisplayTag":1,"Rarity":"Rare","isVisible":true,"ItemName":{"Hash":13015834741939327333},"ItemDesc":{"Hash":3790361780949795934},"ItemBGDesc":{"Hash":13118400779213680641},"ItemIconPath":"SpriteOutput/ItemIcon/LightConeIcons/20016.png","ItemFigureIconPath":"SpriteOutput/ItemFigures/LightCone/20016.png","ItemCurrencyIconPath":"0","ItemAvatarIconPath":"","PileLimit":9999,"CustomDataList":[],"ReturnItemIDList":[{"ItemID":221,"ItemNum":1}],"SellType":"Sell"},"20017":{"ID":20017,"ItemMainType":"Equipment","ItemSubType":"Equipment","InventoryDisplayTag":1,"Rarity":"Rare","isVisible":true,"ItemName":{"Hash":16032438869508750502},"ItemDesc":{"Hash":5018065687783698666},"ItemBGDesc":{"Hash":14037270619978444650},"ItemIconPath":"SpriteOutput/ItemIcon/LightConeIcons/20017.png","ItemFigureIconPath":"SpriteOutput/ItemFigures/LightCone/20017.png","ItemCurrencyIconPath":"0","ItemAvatarIconPath":"","PileLimit":9999,"CustomDataList":[],"ReturnItemIDList":[{"ItemID":221,"ItemNum":1}],"SellType":"Sell"},"20018":{"ID":20018,"ItemMainType":"Equipment","ItemSubType":"Equipment","InventoryDisplayTag":1,"Rarity":"Rare","isVisible":true,"ItemName":{"Hash":1832936149769742586},"ItemDesc":{"Hash":2318337209413837247},"ItemBGDesc":{"Hash":5731185896429540636},"ItemIconPath":"SpriteOutput/ItemIcon/LightConeIcons/20018.png","ItemFigureIconPath":"SpriteOutput/ItemFigures/LightCone/20018.png","ItemCurrencyIconPath":"0","ItemAvatarIconPath":"","PileLimit":9999,"CustomDataList":[],"ReturnItemIDList":[{"ItemID":221,"ItemNum":1}],"SellType":"Sell"},"20019":{"ID":20019,"ItemMainType":"Equipment","ItemSubType":"Equipment","InventoryDisplayTag":1,"Rarity":"Rare","isVisible":true,"ItemName":{"Hash":18166996388506448241},"ItemDesc":{"Hash":2010688287728817485},"ItemBGDesc":{"Hash":15611222470084341744},"ItemIconPath":"SpriteOutput/ItemIcon/LightConeIcons/20019.png","ItemFigureIconPath":"SpriteOutput/ItemFigures/LightCone/20019.png","ItemCurrencyIconPath":"0","ItemAvatarIconPath":"","PileLimit":9999,"CustomDataList":[],"ReturnItemIDList":[{"ItemID":221,"ItemNum":1}],"SellType":"Sell"},"20020":{"ID":20020,"ItemMainType":"Equipment","ItemSubType":"Equipment","InventoryDisplayTag":1,"Rarity":"Rare","isVisible":true,"ItemName":{"Hash":13299149099960714651},"ItemDesc":{"Hash":3751815272456307267},"ItemBGDesc":{"Hash":11234362005028919975},"ItemIconPath":"SpriteOutput/ItemIcon/LightConeIcons/20020.png","ItemFigureIconPath":"SpriteOutput/ItemFigures/LightCone/20020.png","ItemCurrencyIconPath":"0","ItemAvatarIconPath":"","PileLimit":9999,"CustomDataList":[],"ReturnItemIDList":[{"ItemID":221,"ItemNum":1}],"SellType":"Sell"},"20021":{"ID":20021,"ItemMainType":"Equipment","ItemSubType":"Equipment","InventoryDisplayTag":1,"Rarity":"Rare","isVisible":true,"ItemName":{"Hash":7500623712282304892},"ItemDesc":{"Hash":16433518264626003987},"ItemBGDesc":{"Hash":13559550813931065568},"ItemIconPath":"SpriteOutput/ItemIcon/LightConeIcons/20021.png","ItemFigureIconPath":"SpriteOutput/ItemFigures/LightCone/20021.png","ItemCurrencyIconPath":"0","ItemAvatarIconPath":"","PileLimit":9999,"CustomDataList":[],"ReturnItemIDList":[{"ItemID":221,"ItemNum":1}],"SellType":"Sell"},"20022":{"ID":20022,"ItemMainType":"Equipment","ItemSubType":"Equipment","InventoryDisplayTag":1,"Rarity":"Rare","isVisible":true,"ItemName":{"Hash":5054110636960803213},"ItemDesc":{"Hash":9018799194530614721},"ItemBGDesc":{"Hash":3306592271739108902},"ItemIconPath":"SpriteOutput/ItemIcon/LightConeIcons/20022.png","ItemFigureIconPath":"SpriteOutput/ItemFigures/LightCone/20022.png","ItemCurrencyIconPath":"0","ItemAvatarIconPath":"","PileLimit":9999,"CustomDataList":[],"ReturnItemIDList":[{"ItemID":221,"ItemNum":1}],"SellType":"Sell"},"21000":{"ID":21000,"ItemMainType":"Equipment","ItemSubType":"Equipment","InventoryDisplayTag":1,"Rarity":"VeryRare","isVisible":true,"ItemName":{"Hash":1702900170261385584},"ItemDesc":{"Hash":12232888620289242123},"ItemBGDesc":{"Hash":17866426189465812083},"ItemIconPath":"SpriteOutput/ItemIcon/LightConeIcons/21000.png","ItemFigureIconPath":"SpriteOutput/ItemFigures/LightCone/21000.png","ItemCurrencyIconPath":"0","ItemAvatarIconPath":"","PileLimit":9999,"CustomDataList":[],"ReturnItemIDList":[{"ItemID":223,"ItemNum":2}],"SellType":"Sell"},"21001":{"ID":21001,"ItemMainType":"Equipment","ItemSubType":"Equipment","InventoryDisplayTag":1,"Rarity":"VeryRare","isVisible":true,"ItemName":{"Hash":12394147869721351991},"ItemDesc":{"Hash":2095409482287982222},"ItemBGDesc":{"Hash":6942020642144604214},"ItemIconPath":"SpriteOutput/ItemIcon/LightConeIcons/21001.png","ItemFigureIconPath":"SpriteOutput/ItemFigures/LightCone/21001.png","ItemCurrencyIconPath":"0","ItemAvatarIconPath":"","PileLimit":9999,"CustomDataList":[],"ReturnItemIDList":[{"ItemID":223,"ItemNum":2}],"SellType":"Sell"},"21002":{"ID":21002,"ItemMainType":"Equipment","ItemSubType":"Equipment","InventoryDisplayTag":1,"Rarity":"VeryRare","isVisible":true,"ItemName":{"Hash":10360809096267355299},"ItemDesc":{"Hash":12426473577058077574},"ItemBGDesc":{"Hash":7962394500132224684},"ItemIconPath":"SpriteOutput/ItemIcon/LightConeIcons/21002.png","ItemFigureIconPath":"SpriteOutput/ItemFigures/LightCone/21002.png","ItemCurrencyIconPath":"0","ItemAvatarIconPath":"","PileLimit":9999,"CustomDataList":[],"ReturnItemIDList":[{"ItemID":223,"ItemNum":2}],"SellType":"Sell"},"21003":{"ID":21003,"ItemMainType":"Equipment","ItemSubType":"Equipment","InventoryDisplayTag":1,"Rarity":"VeryRare","isVisible":true,"ItemName":{"Hash":13313286697450071406},"ItemDesc":{"Hash":15667421342692326096},"ItemBGDesc":{"Hash":8528926304496598506},"ItemIconPath":"SpriteOutput/ItemIcon/LightConeIcons/21003.png","ItemFigureIconPath":"SpriteOutput/ItemFigures/LightCone/21003.png","ItemCurrencyIconPath":"0","ItemAvatarIconPath":"","PileLimit":9999,"CustomDataList":[],"ReturnItemIDList":[{"ItemID":223,"ItemNum":2}],"SellType":"Sell"},"21004":{"ID":21004,"ItemMainType":"Equipment","ItemSubType":"Equipment","InventoryDisplayTag":1,"Rarity":"VeryRare","isVisible":true,"ItemName":{"Hash":11930353907723049455},"ItemDesc":{"Hash":15313065800270350768},"ItemBGDesc":{"Hash":7109772493654262268},"ItemIconPath":"SpriteOutput/ItemIcon/LightConeIcons/21004.png","ItemFigureIconPath":"SpriteOutput/ItemFigures/LightCone/21004.png","ItemCurrencyIconPath":"0","ItemAvatarIconPath":"","PileLimit":9999,"CustomDataList":[],"ReturnItemIDList":[{"ItemID":223,"ItemNum":2}],"SellType":"Sell"},"21005":{"ID":21005,"ItemMainType":"Equipment","ItemSubType":"Equipment","InventoryDisplayTag":1,"Rarity":"VeryRare","isVisible":true,"ItemName":{"Hash":535014345233049669},"ItemDesc":{"Hash":1179763690061677893},"ItemBGDesc":{"Hash":13213795603354457118},"ItemIconPath":"SpriteOutput/ItemIcon/LightConeIcons/21005.png","ItemFigureIconPath":"SpriteOutput/ItemFigures/LightCone/21005.png","ItemCurrencyIconPath":"0","ItemAvatarIconPath":"","PileLimit":9999,"CustomDataList":[],"ReturnItemIDList":[{"ItemID":223,"ItemNum":2}],"SellType":"Sell"},"21006":{"ID":21006,"ItemMainType":"Equipment","ItemSubType":"Equipment","InventoryDisplayTag":1,"Rarity":"VeryRare","isVisible":true,"ItemName":{"Hash":16577210331962521892},"ItemDesc":{"Hash":2393424973818875598},"ItemBGDesc":{"Hash":10394680986590609108},"ItemIconPath":"SpriteOutput/ItemIcon/LightConeIcons/21006.png","ItemFigureIconPath":"SpriteOutput/ItemFigures/LightCone/21006.png","ItemCurrencyIconPath":"0","ItemAvatarIconPath":"","PileLimit":9999,"CustomDataList":[],"ReturnItemIDList":[{"ItemID":223,"ItemNum":2}],"SellType":"Sell"},"21007":{"ID":21007,"ItemMainType":"Equipment","ItemSubType":"Equipment","InventoryDisplayTag":1,"Rarity":"VeryRare","isVisible":true,"ItemName":{"Hash":16306443911475307796},"ItemDesc":{"Hash":13293697018918497480},"ItemBGDesc":{"Hash":6744705153991562039},"ItemIconPath":"SpriteOutput/ItemIcon/LightConeIcons/21007.png","ItemFigureIconPath":"SpriteOutput/ItemFigures/LightCone/21007.png","ItemCurrencyIconPath":"0","ItemAvatarIconPath":"","PileLimit":9999,"CustomDataList":[],"ReturnItemIDList":[{"ItemID":223,"ItemNum":2}],"SellType":"Sell"},"21008":{"ID":21008,"ItemMainType":"Equipment","ItemSubType":"Equipment","InventoryDisplayTag":1,"Rarity":"VeryRare","isVisible":true,"ItemName":{"Hash":1163083156345167150},"ItemDesc":{"Hash":8618079053896091760},"ItemBGDesc":{"Hash":4210655020987967796},"ItemIconPath":"SpriteOutput/ItemIcon/LightConeIcons/21008.png","ItemFigureIconPath":"SpriteOutput/ItemFigures/LightCone/21008.png","ItemCurrencyIconPath":"0","ItemAvatarIconPath":"","PileLimit":9999,"CustomDataList":[],"ReturnItemIDList":[{"ItemID":223,"ItemNum":2}],"SellType":"Sell"},"21009":{"ID":21009,"ItemMainType":"Equipment","ItemSubType":"Equipment","InventoryDisplayTag":1,"Rarity":"VeryRare","isVisible":true,"ItemName":{"Hash":12069988466235678425},"ItemDesc":{"Hash":14628058803814494538},"ItemBGDesc":{"Hash":5359380424944136658},"ItemIconPath":"SpriteOutput/ItemIcon/LightConeIcons/21009.png","ItemFigureIconPath":"SpriteOutput/ItemFigures/LightCone/21009.png","ItemCurrencyIconPath":"0","ItemAvatarIconPath":"","PileLimit":9999,"CustomDataList":[],"ReturnItemIDList":[{"ItemID":223,"ItemNum":2}],"SellType":"Sell"},"21010":{"ID":21010,"ItemMainType":"Equipment","ItemSubType":"Equipment","InventoryDisplayTag":1,"Rarity":"VeryRare","isVisible":true,"ItemName":{"Hash":8869838680291481928},"ItemDesc":{"Hash":933945995104108779},"ItemBGDesc":{"Hash":5722847509411059821},"ItemIconPath":"SpriteOutput/ItemIcon/LightConeIcons/21010.png","ItemFigureIconPath":"SpriteOutput/ItemFigures/LightCone/21010.png","ItemCurrencyIconPath":"0","ItemAvatarIconPath":"","PileLimit":9999,"CustomDataList":[],"ReturnItemIDList":[{"ItemID":223,"ItemNum":2}],"SellType":"Sell"},"21011":{"ID":21011,"ItemMainType":"Equipment","ItemSubType":"Equipment","InventoryDisplayTag":1,"Rarity":"VeryRare","isVisible":true,"ItemName":{"Hash":13798310021885993900},"ItemDesc":{"Hash":6466741127847505603},"ItemBGDesc":{"Hash":10281838328629317876},"ItemIconPath":"SpriteOutput/ItemIcon/LightConeIcons/21011.png","ItemFigureIconPath":"SpriteOutput/ItemFigures/LightCone/21011.png","ItemCurrencyIconPath":"0","ItemAvatarIconPath":"","PileLimit":9999,"CustomDataList":[],"ReturnItemIDList":[{"ItemID":223,"ItemNum":2}],"SellType":"Sell"},"21012":{"ID":21012,"ItemMainType":"Equipment","ItemSubType":"Equipment","InventoryDisplayTag":1,"Rarity":"VeryRare","isVisible":true,"ItemName":{"Hash":2906387979657945657},"ItemDesc":{"Hash":12779540927946511974},"ItemBGDesc":{"Hash":13441762435677554409},"ItemIconPath":"SpriteOutput/ItemIcon/LightConeIcons/21012.png","ItemFigureIconPath":"SpriteOutput/ItemFigures/LightCone/21012.png","ItemCurrencyIconPath":"0","ItemAvatarIconPath":"","PileLimit":9999,"CustomDataList":[],"ReturnItemIDList":[{"ItemID":223,"ItemNum":2}],"SellType":"Sell"},"21013":{"ID":21013,"ItemMainType":"Equipment","ItemSubType":"Equipment","InventoryDisplayTag":1,"Rarity":"VeryRare","isVisible":true,"ItemName":{"Hash":13061044708919458688},"ItemDesc":{"Hash":1990110844815131107},"ItemBGDesc":{"Hash":4306239609053001369},"ItemIconPath":"SpriteOutput/ItemIcon/LightConeIcons/21013.png","ItemFigureIconPath":"SpriteOutput/ItemFigures/LightCone/21013.png","ItemCurrencyIconPath":"0","ItemAvatarIconPath":"","PileLimit":9999,"CustomDataList":[],"ReturnItemIDList":[{"ItemID":223,"ItemNum":2}],"SellType":"Sell"},"21014":{"ID":21014,"ItemMainType":"Equipment","ItemSubType":"Equipment","InventoryDisplayTag":1,"Rarity":"VeryRare","isVisible":true,"ItemName":{"Hash":10447097483256042446},"ItemDesc":{"Hash":11919039243616151478},"ItemBGDesc":{"Hash":6239363610696319482},"ItemIconPath":"SpriteOutput/ItemIcon/LightConeIcons/21014.png","ItemFigureIconPath":"SpriteOutput/ItemFigures/LightCone/21014.png","ItemCurrencyIconPath":"0","ItemAvatarIconPath":"","PileLimit":9999,"CustomDataList":[],"ReturnItemIDList":[{"ItemID":223,"ItemNum":2}],"SellType":"Sell"},"21015":{"ID":21015,"ItemMainType":"Equipment","ItemSubType":"Equipment","InventoryDisplayTag":1,"Rarity":"VeryRare","isVisible":true,"ItemName":{"Hash":6059272117136002711},"ItemDesc":{"Hash":16032567558497047615},"ItemBGDesc":{"Hash":11553091652165829135},"ItemIconPath":"SpriteOutput/ItemIcon/LightConeIcons/21015.png","ItemFigureIconPath":"SpriteOutput/ItemFigures/LightCone/21015.png","ItemCurrencyIconPath":"0","ItemAvatarIconPath":"","PileLimit":9999,"CustomDataList":[],"ReturnItemIDList":[{"ItemID":223,"ItemNum":2}],"SellType":"Sell"},"21016":{"ID":21016,"ItemMainType":"Equipment","ItemSubType":"Equipment","InventoryDisplayTag":1,"Rarity":"VeryRare","isVisible":true,"ItemName":{"Hash":14016477009783606876},"ItemDesc":{"Hash":18261256291854496253},"ItemBGDesc":{"Hash":6654619211245582381},"ItemIconPath":"SpriteOutput/ItemIcon/LightConeIcons/21016.png","ItemFigureIconPath":"SpriteOutput/ItemFigures/LightCone/21016.png","ItemCurrencyIconPath":"0","ItemAvatarIconPath":"","PileLimit":9999,"CustomDataList":[],"ReturnItemIDList":[{"ItemID":223,"ItemNum":2}],"SellType":"Sell"},"21017":{"ID":21017,"ItemMainType":"Equipment","ItemSubType":"Equipment","InventoryDisplayTag":1,"Rarity":"VeryRare","isVisible":true,"ItemName":{"Hash":12619909224924387737},"ItemDesc":{"Hash":17110573942231750186},"ItemBGDesc":{"Hash":10444095786362907118},"ItemIconPath":"SpriteOutput/ItemIcon/LightConeIcons/21017.png","ItemFigureIconPath":"SpriteOutput/ItemFigures/LightCone/21017.png","ItemCurrencyIconPath":"0","ItemAvatarIconPath":"","PileLimit":9999,"CustomDataList":[],"ReturnItemIDList":[{"ItemID":223,"ItemNum":2}],"SellType":"Sell"},"21018":{"ID":21018,"ItemMainType":"Equipment","ItemSubType":"Equipment","InventoryDisplayTag":1,"Rarity":"VeryRare","isVisible":true,"ItemName":{"Hash":3682877906782108274},"ItemDesc":{"Hash":12788864511358445096},"ItemBGDesc":{"Hash":16846390374941203856},"ItemIconPath":"SpriteOutput/ItemIcon/LightConeIcons/21018.png","ItemFigureIconPath":"SpriteOutput/ItemFigures/LightCone/21018.png","ItemCurrencyIconPath":"0","ItemAvatarIconPath":"","PileLimit":9999,"CustomDataList":[],"ReturnItemIDList":[{"ItemID":223,"ItemNum":2}],"SellType":"Sell"},"21019":{"ID":21019,"ItemMainType":"Equipment","ItemSubType":"Equipment","InventoryDisplayTag":1,"Rarity":"VeryRare","isVisible":true,"ItemName":{"Hash":261479618741734420},"ItemDesc":{"Hash":9600068254591872457},"ItemBGDesc":{"Hash":1458083450877292905},"ItemIconPath":"SpriteOutput/ItemIcon/LightConeIcons/21019.png","ItemFigureIconPath":"SpriteOutput/ItemFigures/LightCone/21019.png","ItemCurrencyIconPath":"0","ItemAvatarIconPath":"","PileLimit":9999,"CustomDataList":[],"ReturnItemIDList":[{"ItemID":223,"ItemNum":2}],"SellType":"Sell"},"21020":{"ID":21020,"ItemMainType":"Equipment","ItemSubType":"Equipment","InventoryDisplayTag":1,"Rarity":"VeryRare","isVisible":true,"ItemName":{"Hash":8314383563921633500},"ItemDesc":{"Hash":4238546950063366534},"ItemBGDesc":{"Hash":16546069251880461410},"ItemIconPath":"SpriteOutput/ItemIcon/LightConeIcons/21020.png","ItemFigureIconPath":"SpriteOutput/ItemFigures/LightCone/21020.png","ItemCurrencyIconPath":"0","ItemAvatarIconPath":"","PileLimit":9999,"CustomDataList":[],"ReturnItemIDList":[{"ItemID":223,"ItemNum":2}],"SellType":"Sell"},"21021":{"ID":21021,"ItemMainType":"Equipment","ItemSubType":"Equipment","InventoryDisplayTag":1,"Rarity":"VeryRare","isVisible":true,"ItemName":{"Hash":131152369918992551},"ItemDesc":{"Hash":12619567526613040866},"ItemBGDesc":{"Hash":12328328876487784085},"ItemIconPath":"SpriteOutput/ItemIcon/LightConeIcons/21021.png","ItemFigureIconPath":"SpriteOutput/ItemFigures/LightCone/21021.png","ItemCurrencyIconPath":"0","ItemAvatarIconPath":"","PileLimit":9999,"CustomDataList":[],"ReturnItemIDList":[{"ItemID":223,"ItemNum":2}],"SellType":"Sell"},"21022":{"ID":21022,"ItemMainType":"Equipment","ItemSubType":"Equipment","InventoryDisplayTag":1,"Rarity":"VeryRare","isVisible":true,"ItemName":{"Hash":10126157558778619176},"ItemDesc":{"Hash":16193956574156409496},"ItemBGDesc":{"Hash":1512568612349389772},"ItemIconPath":"SpriteOutput/ItemIcon/LightConeIcons/21022.png","ItemFigureIconPath":"SpriteOutput/ItemFigures/LightCone/21022.png","ItemCurrencyIconPath":"0","ItemAvatarIconPath":"","PileLimit":9999,"CustomDataList":[],"ReturnItemIDList":[{"ItemID":223,"ItemNum":2}],"SellType":"Sell"},"21023":{"ID":21023,"ItemMainType":"Equipment","ItemSubType":"Equipment","InventoryDisplayTag":1,"Rarity":"VeryRare","isVisible":true,"ItemName":{"Hash":17367443852187155683},"ItemDesc":{"Hash":2363856085907601521},"ItemBGDesc":{"Hash":6228872594646077194},"ItemIconPath":"SpriteOutput/ItemIcon/LightConeIcons/21023.png","ItemFigureIconPath":"SpriteOutput/ItemFigures/LightCone/21023.png","ItemCurrencyIconPath":"0","ItemAvatarIconPath":"","PileLimit":9999,"CustomDataList":[],"ReturnItemIDList":[{"ItemID":223,"ItemNum":2}],"SellType":"Sell"},"21024":{"ID":21024,"ItemMainType":"Equipment","ItemSubType":"Equipment","InventoryDisplayTag":1,"Rarity":"VeryRare","isVisible":true,"ItemName":{"Hash":8118592542519013126},"ItemDesc":{"Hash":1426328575958193142},"ItemBGDesc":{"Hash":3604970540683484615},"ItemIconPath":"SpriteOutput/ItemIcon/LightConeIcons/21024.png","ItemFigureIconPath":"SpriteOutput/ItemFigures/LightCone/21024.png","ItemCurrencyIconPath":"0","ItemAvatarIconPath":"","PileLimit":9999,"CustomDataList":[],"ReturnItemIDList":[{"ItemID":223,"ItemNum":2}],"SellType":"Sell"},"21025":{"ID":21025,"ItemMainType":"Equipment","ItemSubType":"Equipment","InventoryDisplayTag":1,"Rarity":"VeryRare","isVisible":true,"ItemName":{"Hash":17225264923403769424},"ItemDesc":{"Hash":12300493564463087720},"ItemBGDesc":{"Hash":8940794080607723713},"ItemIconPath":"SpriteOutput/ItemIcon/LightConeIcons/21025.png","ItemFigureIconPath":"SpriteOutput/ItemFigures/LightCone/21025.png","ItemCurrencyIconPath":"0","ItemAvatarIconPath":"","PileLimit":9999,"CustomDataList":[],"ReturnItemIDList":[{"ItemID":223,"ItemNum":2}],"SellType":"Sell"},"21026":{"ID":21026,"ItemMainType":"Equipment","ItemSubType":"Equipment","InventoryDisplayTag":1,"Rarity":"VeryRare","isVisible":true,"ItemName":{"Hash":17095560844698493476},"ItemDesc":{"Hash":8709679097126057448},"ItemBGDesc":{"Hash":7163689638817774046},"ItemIconPath":"SpriteOutput/ItemIcon/LightConeIcons/21026.png","ItemFigureIconPath":"SpriteOutput/ItemFigures/LightCone/21026.png","ItemCurrencyIconPath":"0","ItemAvatarIconPath":"","PileLimit":9999,"CustomDataList":[],"ReturnItemIDList":[{"ItemID":223,"ItemNum":2}],"SellType":"Sell"},"21027":{"ID":21027,"ItemMainType":"Equipment","ItemSubType":"Equipment","InventoryDisplayTag":1,"Rarity":"VeryRare","isVisible":true,"ItemName":{"Hash":957147591189157476},"ItemDesc":{"Hash":5090120450783270177},"ItemBGDesc":{"Hash":8058220709586121250},"ItemIconPath":"SpriteOutput/ItemIcon/LightConeIcons/21027.png","ItemFigureIconPath":"SpriteOutput/ItemFigures/LightCone/21027.png","ItemCurrencyIconPath":"0","ItemAvatarIconPath":"","PileLimit":9999,"CustomDataList":[],"ReturnItemIDList":[{"ItemID":223,"ItemNum":2}],"SellType":"Sell"},"21028":{"ID":21028,"ItemMainType":"Equipment","ItemSubType":"Equipment","InventoryDisplayTag":1,"Rarity":"VeryRare","isVisible":true,"ItemName":{"Hash":8477224386817660718},"ItemDesc":{"Hash":15510947794995947978},"ItemBGDesc":{"Hash":14737620587742261570},"ItemIconPath":"SpriteOutput/ItemIcon/LightConeIcons/21028.png","ItemFigureIconPath":"SpriteOutput/ItemFigures/LightCone/21028.png","ItemCurrencyIconPath":"0","ItemAvatarIconPath":"","PileLimit":9999,"CustomDataList":[],"ReturnItemIDList":[{"ItemID":223,"ItemNum":2}],"SellType":"Sell"},"21029":{"ID":21029,"ItemMainType":"Equipment","ItemSubType":"Equipment","InventoryDisplayTag":1,"Rarity":"VeryRare","isVisible":true,"ItemName":{"Hash":14428678941902593575},"ItemDesc":{"Hash":4027967107069170059},"ItemBGDesc":{"Hash":12014548229763744206},"ItemIconPath":"SpriteOutput/ItemIcon/LightConeIcons/21029.png","ItemFigureIconPath":"SpriteOutput/ItemFigures/LightCone/21029.png","ItemCurrencyIconPath":"0","ItemAvatarIconPath":"","PileLimit":9999,"CustomDataList":[],"ReturnItemIDList":[{"ItemID":223,"ItemNum":2}],"SellType":"Sell"},"21030":{"ID":21030,"ItemMainType":"Equipment","ItemSubType":"Equipment","InventoryDisplayTag":1,"Rarity":"VeryRare","isVisible":true,"ItemName":{"Hash":15241467814666799952},"ItemDesc":{"Hash":1263056032566668908},"ItemBGDesc":{"Hash":18353937361498953828},"ItemIconPath":"SpriteOutput/ItemIcon/LightConeIcons/21030.png","ItemFigureIconPath":"SpriteOutput/ItemFigures/LightCone/21030.png","ItemCurrencyIconPath":"0","ItemAvatarIconPath":"","PileLimit":9999,"CustomDataList":[],"ReturnItemIDList":[{"ItemID":223,"ItemNum":2}],"SellType":"Sell"},"21031":{"ID":21031,"ItemMainType":"Equipment","ItemSubType":"Equipment","InventoryDisplayTag":1,"Rarity":"VeryRare","isVisible":true,"ItemName":{"Hash":16555268951125993336},"ItemDesc":{"Hash":13118448388926925384},"ItemBGDesc":{"Hash":14209723600467335024},"ItemIconPath":"SpriteOutput/ItemIcon/LightConeIcons/21031.png","ItemFigureIconPath":"SpriteOutput/ItemFigures/LightCone/21031.png","ItemCurrencyIconPath":"0","ItemAvatarIconPath":"","PileLimit":9999,"CustomDataList":[],"ReturnItemIDList":[{"ItemID":223,"ItemNum":2}],"SellType":"Sell"},"21032":{"ID":21032,"ItemMainType":"Equipment","ItemSubType":"Equipment","InventoryDisplayTag":1,"Rarity":"VeryRare","isVisible":true,"ItemName":{"Hash":5098965453758829429},"ItemDesc":{"Hash":6711611235504320601},"ItemBGDesc":{"Hash":15713045449996230729},"ItemIconPath":"SpriteOutput/ItemIcon/LightConeIcons/21032.png","ItemFigureIconPath":"SpriteOutput/ItemFigures/LightCone/21032.png","ItemCurrencyIconPath":"0","ItemAvatarIconPath":"","PileLimit":9999,"CustomDataList":[],"ReturnItemIDList":[{"ItemID":223,"ItemNum":2}],"SellType":"Sell"},"21033":{"ID":21033,"ItemMainType":"Equipment","ItemSubType":"Equipment","InventoryDisplayTag":1,"Rarity":"VeryRare","isVisible":true,"ItemName":{"Hash":8706718856246241107},"ItemDesc":{"Hash":6403396753830408916},"ItemBGDesc":{"Hash":5833030137062919135},"ItemIconPath":"SpriteOutput/ItemIcon/LightConeIcons/21033.png","ItemFigureIconPath":"SpriteOutput/ItemFigures/LightCone/21033.png","ItemCurrencyIconPath":"0","ItemAvatarIconPath":"","PileLimit":9999,"CustomDataList":[],"ReturnItemIDList":[{"ItemID":223,"ItemNum":2}],"SellType":"Sell"},"21034":{"ID":21034,"ItemMainType":"Equipment","ItemSubType":"Equipment","InventoryDisplayTag":1,"Rarity":"VeryRare","isVisible":true,"ItemName":{"Hash":9086099028444466569},"ItemDesc":{"Hash":16048768010116577690},"ItemBGDesc":{"Hash":16223678550220419609},"ItemIconPath":"SpriteOutput/ItemIcon/LightConeIcons/21034.png","ItemFigureIconPath":"SpriteOutput/ItemFigures/LightCone/21034.png","ItemCurrencyIconPath":"0","ItemAvatarIconPath":"","PileLimit":9999,"CustomDataList":[],"ReturnItemIDList":[{"ItemID":223,"ItemNum":2}],"SellType":"Sell"},"21035":{"ID":21035,"ItemMainType":"Equipment","ItemSubType":"Equipment","InventoryDisplayTag":1,"Rarity":"VeryRare","isVisible":true,"ItemName":{"Hash":1495576591103033688},"ItemDesc":{"Hash":17215965340083089541},"ItemBGDesc":{"Hash":1014005131716222250},"ItemIconPath":"SpriteOutput/ItemIcon/LightConeIcons/21035.png","ItemFigureIconPath":"SpriteOutput/ItemFigures/LightCone/21035.png","ItemCurrencyIconPath":"0","ItemAvatarIconPath":"","PileLimit":9999,"CustomDataList":[],"ReturnItemIDList":[{"ItemID":223,"ItemNum":2}],"SellType":"Sell"},"21036":{"ID":21036,"ItemMainType":"Equipment","ItemSubType":"Equipment","InventoryDisplayTag":1,"Rarity":"VeryRare","isVisible":true,"ItemName":{"Hash":747965730040447224},"ItemDesc":{"Hash":18251624775961608968},"ItemBGDesc":{"Hash":10143904824812866343},"ItemIconPath":"SpriteOutput/ItemIcon/LightConeIcons/21036.png","ItemFigureIconPath":"SpriteOutput/ItemFigures/LightCone/21036.png","ItemCurrencyIconPath":"0","ItemAvatarIconPath":"","PileLimit":9999,"CustomDataList":[],"ReturnItemIDList":[{"ItemID":223,"ItemNum":2}],"SellType":"Sell"},"21037":{"ID":21037,"ItemMainType":"Equipment","ItemSubType":"Equipment","InventoryDisplayTag":1,"Rarity":"VeryRare","isVisible":true,"ItemName":{"Hash":7043407666678485930},"ItemDesc":{"Hash":1098449454507326494},"ItemBGDesc":{"Hash":5604721008584979283},"ItemIconPath":"SpriteOutput/ItemIcon/LightConeIcons/21037.png","ItemFigureIconPath":"SpriteOutput/ItemFigures/LightCone/21037.png","ItemCurrencyIconPath":"0","ItemAvatarIconPath":"","PileLimit":9999,"CustomDataList":[],"ReturnItemIDList":[{"ItemID":223,"ItemNum":2}],"SellType":"Sell"},"21038":{"ID":21038,"ItemMainType":"Equipment","ItemSubType":"Equipment","InventoryDisplayTag":1,"Rarity":"VeryRare","isVisible":true,"ItemName":{"Hash":6117190824038469978},"ItemDesc":{"Hash":218242671237380625},"ItemBGDesc":{"Hash":16892106719144739080},"ItemIconPath":"SpriteOutput/ItemIcon/LightConeIcons/21038.png","ItemFigureIconPath":"SpriteOutput/ItemFigures/LightCone/21038.png","ItemCurrencyIconPath":"0","ItemAvatarIconPath":"","PileLimit":9999,"CustomDataList":[],"ReturnItemIDList":[{"ItemID":223,"ItemNum":2}],"SellType":"Sell"},"21039":{"ID":21039,"ItemMainType":"Equipment","ItemSubType":"Equipment","InventoryDisplayTag":1,"Rarity":"VeryRare","isVisible":true,"ItemName":{"Hash":10553904603719211428},"ItemDesc":{"Hash":8742522997972510443},"ItemBGDesc":{"Hash":18141800096186061217},"ItemIconPath":"SpriteOutput/ItemIcon/LightConeIcons/21039.png","ItemFigureIconPath":"SpriteOutput/ItemFigures/LightCone/21039.png","ItemCurrencyIconPath":"0","ItemAvatarIconPath":"","PileLimit":9999,"CustomDataList":[],"ReturnItemIDList":[{"ItemID":223,"ItemNum":2}],"SellType":"Sell"},"21040":{"ID":21040,"ItemMainType":"Equipment","ItemSubType":"Equipment","InventoryDisplayTag":1,"Rarity":"VeryRare","isVisible":true,"ItemName":{"Hash":13328145327314514467},"ItemDesc":{"Hash":9653821231848256057},"ItemBGDesc":{"Hash":12897213667245857626},"ItemIconPath":"SpriteOutput/ItemIcon/LightConeIcons/21040.png","ItemFigureIconPath":"SpriteOutput/ItemFigures/LightCone/21040.png","ItemCurrencyIconPath":"0","ItemAvatarIconPath":"","PileLimit":9999,"CustomDataList":[],"ReturnItemIDList":[{"ItemID":223,"ItemNum":2}],"SellType":"Sell"},"21041":{"ID":21041,"ItemMainType":"Equipment","ItemSubType":"Equipment","InventoryDisplayTag":1,"Rarity":"VeryRare","isVisible":true,"ItemName":{"Hash":15225262460580956948},"ItemDesc":{"Hash":13659509491084370694},"ItemBGDesc":{"Hash":7806595316275948901},"ItemIconPath":"SpriteOutput/ItemIcon/LightConeIcons/21041.png","ItemFigureIconPath":"SpriteOutput/ItemFigures/LightCone/21041.png","ItemCurrencyIconPath":"0","ItemAvatarIconPath":"","PileLimit":9999,"CustomDataList":[],"ReturnItemIDList":[{"ItemID":223,"ItemNum":2}],"SellType":"Sell"},"21042":{"ID":21042,"ItemMainType":"Equipment","ItemSubType":"Equipment","InventoryDisplayTag":1,"Rarity":"VeryRare","isVisible":true,"ItemName":{"Hash":17405705432280255682},"ItemDesc":{"Hash":15025015889387298683},"ItemBGDesc":{"Hash":8490028787073822270},"ItemIconPath":"SpriteOutput/ItemIcon/LightConeIcons/21042.png","ItemFigureIconPath":"SpriteOutput/ItemFigures/LightCone/21042.png","ItemCurrencyIconPath":"0","ItemAvatarIconPath":"","PileLimit":9999,"CustomDataList":[],"ReturnItemIDList":[{"ItemID":223,"ItemNum":2}],"SellType":"Sell"},"21043":{"ID":21043,"ItemMainType":"Equipment","ItemSubType":"Equipment","InventoryDisplayTag":1,"Rarity":"VeryRare","isVisible":true,"ItemName":{"Hash":1122632078746706990},"ItemDesc":{"Hash":14766991369470657588},"ItemBGDesc":{"Hash":389459776220603979},"ItemIconPath":"SpriteOutput/ItemIcon/LightConeIcons/21043.png","ItemFigureIconPath":"SpriteOutput/ItemFigures/LightCone/21043.png","ItemCurrencyIconPath":"0","ItemAvatarIconPath":"","PileLimit":9999,"CustomDataList":[],"ReturnItemIDList":[{"ItemID":223,"ItemNum":2}],"SellType":"Sell"},"21044":{"ID":21044,"ItemMainType":"Equipment","ItemSubType":"Equipment","InventoryDisplayTag":1,"Rarity":"VeryRare","isVisible":true,"ItemName":{"Hash":9583869885447590312},"ItemDesc":{"Hash":6982311867725604329},"ItemBGDesc":{"Hash":15516440568252881982},"ItemIconPath":"SpriteOutput/ItemIcon/LightConeIcons/21044.png","ItemFigureIconPath":"SpriteOutput/ItemFigures/LightCone/21044.png","ItemCurrencyIconPath":"0","ItemAvatarIconPath":"","PileLimit":9999,"CustomDataList":[],"ReturnItemIDList":[{"ItemID":223,"ItemNum":2}],"SellType":"Sell"},"21045":{"ID":21045,"ItemMainType":"Equipment","ItemSubType":"Equipment","InventoryDisplayTag":1,"Rarity":"VeryRare","isVisible":true,"ItemName":{"Hash":5668816081547725413},"ItemDesc":{"Hash":1082523318625300430},"ItemBGDesc":{"Hash":6517335299476449205},"ItemIconPath":"SpriteOutput/ItemIcon/LightConeIcons/21045.png","ItemFigureIconPath":"SpriteOutput/ItemFigures/LightCone/21045.png","ItemCurrencyIconPath":"0","ItemAvatarIconPath":"","PileLimit":9999,"CustomDataList":[],"ReturnItemIDList":[{"ItemID":223,"ItemNum":2}],"SellType":"Sell"},"21046":{"ID":21046,"ItemMainType":"Equipment","ItemSubType":"Equipment","InventoryDisplayTag":1,"Rarity":"VeryRare","isVisible":true,"ItemName":{"Hash":14164853471111476172},"ItemDesc":{"Hash":6319060090301142858},"ItemBGDesc":{"Hash":15491831474660290562},"ItemIconPath":"SpriteOutput/ItemIcon/LightConeIcons/21046.png","ItemFigureIconPath":"SpriteOutput/ItemFigures/LightCone/21046.png","ItemCurrencyIconPath":"0","ItemAvatarIconPath":"","PileLimit":9999,"CustomDataList":[],"ReturnItemIDList":[{"ItemID":223,"ItemNum":2}],"SellType":"Sell"},"21047":{"ID":21047,"ItemMainType":"Equipment","ItemSubType":"Equipment","InventoryDisplayTag":1,"Rarity":"VeryRare","isVisible":true,"ItemName":{"Hash":4568402783182518270},"ItemDesc":{"Hash":173078058542405022},"ItemBGDesc":{"Hash":13821955061449515886},"ItemIconPath":"SpriteOutput/ItemIcon/LightConeIcons/21047.png","ItemFigureIconPath":"SpriteOutput/ItemFigures/LightCone/21047.png","ItemCurrencyIconPath":"0","ItemAvatarIconPath":"","PileLimit":9999,"CustomDataList":[],"ReturnItemIDList":[{"ItemID":223,"ItemNum":2}],"SellType":"Sell"},"21048":{"ID":21048,"ItemMainType":"Equipment","ItemSubType":"Equipment","InventoryDisplayTag":1,"Rarity":"VeryRare","isVisible":true,"ItemName":{"Hash":1397766914039121671},"ItemDesc":{"Hash":12229371154612176024},"ItemBGDesc":{"Hash":12356199403363485220},"ItemIconPath":"SpriteOutput/ItemIcon/LightConeIcons/21048.png","ItemFigureIconPath":"SpriteOutput/ItemFigures/LightCone/21048.png","ItemCurrencyIconPath":"0","ItemAvatarIconPath":"","PileLimit":9999,"CustomDataList":[],"ReturnItemIDList":[{"ItemID":223,"ItemNum":2}],"SellType":"Sell"},"21050":{"ID":21050,"ItemMainType":"Equipment","ItemSubType":"Equipment","InventoryDisplayTag":1,"Rarity":"VeryRare","isVisible":true,"ItemName":{"Hash":8939611154008919305},"ItemDesc":{"Hash":12722648402247959670},"ItemBGDesc":{"Hash":2618845772884265134},"ItemIconPath":"SpriteOutput/ItemIcon/LightConeIcons/21050.png","ItemFigureIconPath":"SpriteOutput/ItemFigures/LightCone/21050.png","ItemCurrencyIconPath":"0","ItemAvatarIconPath":"","PileLimit":9999,"CustomDataList":[],"ReturnItemIDList":[{"ItemID":223,"ItemNum":2}],"SellType":"Sell"},"21051":{"ID":21051,"ItemMainType":"Equipment","ItemSubType":"Equipment","InventoryDisplayTag":1,"Rarity":"VeryRare","isVisible":true,"ItemName":{"Hash":9760732033156191646},"ItemDesc":{"Hash":17010989407300192439},"ItemBGDesc":{"Hash":10126064472405020337},"ItemIconPath":"SpriteOutput/ItemIcon/LightConeIcons/21051.png","ItemFigureIconPath":"SpriteOutput/ItemFigures/LightCone/21051.png","ItemCurrencyIconPath":"0","ItemAvatarIconPath":"","PileLimit":9999,"CustomDataList":[],"ReturnItemIDList":[{"ItemID":223,"ItemNum":2}],"SellType":"Sell"},"21052":{"ID":21052,"ItemMainType":"Equipment","ItemSubType":"Equipment","InventoryDisplayTag":1,"Rarity":"VeryRare","isVisible":true,"ItemName":{"Hash":3138129197879022425},"ItemDesc":{"Hash":13550941490519314797},"ItemBGDesc":{"Hash":9347768492804551141},"ItemIconPath":"SpriteOutput/ItemIcon/LightConeIcons/21052.png","ItemFigureIconPath":"SpriteOutput/ItemFigures/LightCone/21052.png","ItemCurrencyIconPath":"0","ItemAvatarIconPath":"","PileLimit":9999,"CustomDataList":[],"ReturnItemIDList":[{"ItemID":223,"ItemNum":2}],"SellType":"Sell"},"21053":{"ID":21053,"ItemMainType":"Equipment","ItemSubType":"Equipment","InventoryDisplayTag":1,"Rarity":"VeryRare","isVisible":true,"ItemName":{"Hash":17352521728175662897},"ItemDesc":{"Hash":12321322492743723104},"ItemBGDesc":{"Hash":13840941495362532352},"ItemIconPath":"SpriteOutput/ItemIcon/LightConeIcons/21053.png","ItemFigureIconPath":"SpriteOutput/ItemFigures/LightCone/21053.png","ItemCurrencyIconPath":"0","ItemAvatarIconPath":"","PileLimit":9999,"CustomDataList":[],"ReturnItemIDList":[{"ItemID":223,"ItemNum":2}],"SellType":"Sell"},"21054":{"ID":21054,"ItemMainType":"Equipment","ItemSubType":"Equipment","InventoryDisplayTag":1,"Rarity":"VeryRare","isVisible":true,"ItemName":{"Hash":13803698000501080451},"ItemDesc":{"Hash":13920270410343771402},"ItemBGDesc":{"Hash":5207811359960067253},"ItemIconPath":"SpriteOutput/ItemIcon/LightConeIcons/21054.png","ItemFigureIconPath":"SpriteOutput/ItemFigures/LightCone/21054.png","ItemCurrencyIconPath":"0","ItemAvatarIconPath":"","PileLimit":9999,"CustomDataList":[],"ReturnItemIDList":[{"ItemID":223,"ItemNum":2}],"SellType":"Sell"},"21055":{"ID":21055,"ItemMainType":"Equipment","ItemSubType":"Equipment","InventoryDisplayTag":1,"Rarity":"VeryRare","isVisible":true,"ItemName":{"Hash":14739441146017714069},"ItemDesc":{"Hash":10573711296905296609},"ItemBGDesc":{"Hash":5165539928757700362},"ItemIconPath":"SpriteOutput/ItemIcon/LightConeIcons/21055.png","ItemFigureIconPath":"SpriteOutput/ItemFigures/LightCone/21055.png","ItemCurrencyIconPath":"0","ItemAvatarIconPath":"","PileLimit":9999,"CustomDataList":[],"ReturnItemIDList":[{"ItemID":223,"ItemNum":2}],"SellType":"Sell"},"21056":{"ID":21056,"ItemMainType":"Equipment","ItemSubType":"Equipment","InventoryDisplayTag":1,"Rarity":"VeryRare","isVisible":true,"ItemName":{"Hash":1667196932986796114},"ItemDesc":{"Hash":4221640379056078587},"ItemBGDesc":{"Hash":17356273631288355434},"ItemIconPath":"SpriteOutput/ItemIcon/LightConeIcons/21056.png","ItemFigureIconPath":"SpriteOutput/ItemFigures/LightCone/21056.png","ItemCurrencyIconPath":"0","ItemAvatarIconPath":"","PileLimit":9999,"CustomDataList":[],"ReturnItemIDList":[{"ItemID":223,"ItemNum":2}],"SellType":"Sell"},"21057":{"ID":21057,"ItemMainType":"Equipment","ItemSubType":"Equipment","InventoryDisplayTag":1,"Rarity":"VeryRare","isVisible":true,"ItemName":{"Hash":15064752549128860655},"ItemDesc":{"Hash":1280169809256583715},"ItemBGDesc":{"Hash":17869154987768759884},"ItemIconPath":"SpriteOutput/ItemIcon/LightConeIcons/21057.png","ItemFigureIconPath":"SpriteOutput/ItemFigures/LightCone/21057.png","ItemCurrencyIconPath":"0","ItemAvatarIconPath":"","PileLimit":9999,"CustomDataList":[],"ReturnItemIDList":[{"ItemID":223,"ItemNum":2}],"SellType":"Sell"},"21058":{"ID":21058,"ItemMainType":"Equipment","ItemSubType":"Equipment","InventoryDisplayTag":1,"Rarity":"VeryRare","isVisible":true,"ItemName":{"Hash":5210308072075424707},"ItemDesc":{"Hash":9164040099205586779},"ItemBGDesc":{"Hash":3034545517203069521},"ItemIconPath":"SpriteOutput/ItemIcon/LightConeIcons/21058.png","ItemFigureIconPath":"SpriteOutput/ItemFigures/LightCone/21058.png","ItemCurrencyIconPath":"0","ItemAvatarIconPath":"","PileLimit":9999,"CustomDataList":[],"ReturnItemIDList":[{"ItemID":223,"ItemNum":2}],"SellType":"Sell"},"21060":{"ID":21060,"ItemMainType":"Equipment","ItemSubType":"Equipment","InventoryDisplayTag":1,"Rarity":"VeryRare","isVisible":true,"ItemName":{"Hash":10033938898631362369},"ItemDesc":{"Hash":16492518736617548472},"ItemBGDesc":{"Hash":2524010889173469954},"ItemIconPath":"SpriteOutput/ItemIcon/LightConeIcons/21060.png","ItemFigureIconPath":"SpriteOutput/ItemFigures/LightCone/21060.png","ItemCurrencyIconPath":"0","ItemAvatarIconPath":"","PileLimit":9999,"CustomDataList":[],"ReturnItemIDList":[{"ItemID":223,"ItemNum":2}],"SellType":"Sell"},"21061":{"ID":21061,"ItemMainType":"Equipment","ItemSubType":"Equipment","InventoryDisplayTag":1,"Rarity":"VeryRare","isVisible":true,"ItemName":{"Hash":18219238674553870536},"ItemDesc":{"Hash":12540715211514766488},"ItemBGDesc":{"Hash":7813205146668918390},"ItemIconPath":"SpriteOutput/ItemIcon/LightConeIcons/21061.png","ItemFigureIconPath":"SpriteOutput/ItemFigures/LightCone/21061.png","ItemCurrencyIconPath":"0","ItemAvatarIconPath":"","PileLimit":9999,"CustomDataList":[],"ReturnItemIDList":[{"ItemID":223,"ItemNum":2}],"SellType":"Sell"},"21062":{"ID":21062,"ItemMainType":"Equipment","ItemSubType":"Equipment","InventoryDisplayTag":1,"Rarity":"VeryRare","isVisible":true,"ItemName":{"Hash":16529315285671239516},"ItemDesc":{"Hash":11199390886106604439},"ItemBGDesc":{"Hash":16238867684428431392},"ItemIconPath":"SpriteOutput/ItemIcon/LightConeIcons/21062.png","ItemFigureIconPath":"SpriteOutput/ItemFigures/LightCone/21062.png","ItemCurrencyIconPath":"0","ItemAvatarIconPath":"","PileLimit":9999,"CustomDataList":[],"ReturnItemIDList":[{"ItemID":223,"ItemNum":2}],"SellType":"Sell"},"22000":{"ID":22000,"ItemMainType":"Equipment","ItemSubType":"Equipment","InventoryDisplayTag":1,"Rarity":"VeryRare","isVisible":true,"ItemName":{"Hash":16289413280317660097},"ItemDesc":{"Hash":3128874899661629559},"ItemBGDesc":{"Hash":13838758211102825354},"ItemIconPath":"SpriteOutput/ItemIcon/LightConeIcons/22000.png","ItemFigureIconPath":"SpriteOutput/ItemFigures/LightCone/22000.png","ItemCurrencyIconPath":"0","ItemAvatarIconPath":"","PileLimit":9999,"CustomDataList":[],"ReturnItemIDList":[]},"22001":{"ID":22001,"ItemMainType":"Equipment","ItemSubType":"Equipment","InventoryDisplayTag":1,"Rarity":"VeryRare","isVisible":true,"ItemName":{"Hash":3445473998535458033},"ItemDesc":{"Hash":1403816588544729597},"ItemBGDesc":{"Hash":10330633405926996291},"ItemIconPath":"SpriteOutput/ItemIcon/LightConeIcons/22001.png","ItemFigureIconPath":"SpriteOutput/ItemFigures/LightCone/22001.png","ItemCurrencyIconPath":"0","ItemAvatarIconPath":"","PileLimit":9999,"CustomDataList":[],"ReturnItemIDList":[]},"22002":{"ID":22002,"ItemMainType":"Equipment","ItemSubType":"Equipment","InventoryDisplayTag":1,"Rarity":"VeryRare","isVisible":true,"ItemName":{"Hash":12076244356331935110},"ItemDesc":{"Hash":12310879914523081868},"ItemBGDesc":{"Hash":1285661216763671823},"ItemIconPath":"SpriteOutput/ItemIcon/LightConeIcons/22002.png","ItemFigureIconPath":"SpriteOutput/ItemFigures/LightCone/22002.png","ItemCurrencyIconPath":"0","ItemAvatarIconPath":"","PileLimit":9999,"CustomDataList":[],"ReturnItemIDList":[]},"22003":{"ID":22003,"ItemMainType":"Equipment","ItemSubType":"Equipment","InventoryDisplayTag":1,"Rarity":"VeryRare","isVisible":true,"ItemName":{"Hash":11416205079643682082},"ItemDesc":{"Hash":7184469783898899804},"ItemBGDesc":{"Hash":3579162468958280340},"ItemIconPath":"SpriteOutput/ItemIcon/LightConeIcons/22003.png","ItemFigureIconPath":"SpriteOutput/ItemFigures/LightCone/22003.png","ItemCurrencyIconPath":"0","ItemAvatarIconPath":"","PileLimit":9999,"CustomDataList":[],"ReturnItemIDList":[]},"22004":{"ID":22004,"ItemMainType":"Equipment","ItemSubType":"Equipment","InventoryDisplayTag":1,"Rarity":"VeryRare","isVisible":true,"ItemName":{"Hash":2594691155351756599},"ItemDesc":{"Hash":2980597403815853074},"ItemBGDesc":{"Hash":367549322121762793},"ItemIconPath":"SpriteOutput/ItemIcon/LightConeIcons/22004.png","ItemFigureIconPath":"SpriteOutput/ItemFigures/LightCone/22004.png","ItemCurrencyIconPath":"0","ItemAvatarIconPath":"","PileLimit":9999,"CustomDataList":[],"ReturnItemIDList":[]},"22005":{"ID":22005,"ItemMainType":"Equipment","ItemSubType":"Equipment","InventoryDisplayTag":1,"Rarity":"VeryRare","isVisible":true,"ItemName":{"Hash":2058399258741668318},"ItemDesc":{"Hash":3813993378591987825},"ItemBGDesc":{"Hash":5501924843467942475},"ItemIconPath":"SpriteOutput/ItemIcon/LightConeIcons/22005.png","ItemFigureIconPath":"SpriteOutput/ItemFigures/LightCone/22005.png","ItemCurrencyIconPath":"0","ItemAvatarIconPath":"","PileLimit":9999,"CustomDataList":[],"ReturnItemIDList":[]},"23000":{"ID":23000,"ItemMainType":"Equipment","ItemSubType":"Equipment","InventoryDisplayTag":1,"Rarity":"SuperRare","isVisible":true,"ItemName":{"Hash":15615456999322924824},"ItemDesc":{"Hash":4308749327763980438},"ItemBGDesc":{"Hash":18377950469962483557},"ItemIconPath":"SpriteOutput/ItemIcon/LightConeIcons/23000.png","ItemFigureIconPath":"SpriteOutput/ItemFigures/LightCone/23000.png","ItemCurrencyIconPath":"0","ItemAvatarIconPath":"","PileLimit":9999,"CustomDataList":[],"ReturnItemIDList":[]},"23001":{"ID":23001,"ItemMainType":"Equipment","ItemSubType":"Equipment","InventoryDisplayTag":1,"Rarity":"SuperRare","isVisible":true,"ItemName":{"Hash":8416643733374962083},"ItemDesc":{"Hash":18048752882489007499},"ItemBGDesc":{"Hash":11905755437988992963},"ItemIconPath":"SpriteOutput/ItemIcon/LightConeIcons/23001.png","ItemFigureIconPath":"SpriteOutput/ItemFigures/LightCone/23001.png","ItemCurrencyIconPath":"0","ItemAvatarIconPath":"","PileLimit":9999,"CustomDataList":[],"ReturnItemIDList":[]},"23002":{"ID":23002,"ItemMainType":"Equipment","ItemSubType":"Equipment","InventoryDisplayTag":1,"Rarity":"SuperRare","isVisible":true,"ItemName":{"Hash":16949149819822289626},"ItemDesc":{"Hash":1844451423840652518},"ItemBGDesc":{"Hash":4093949645074396740},"ItemIconPath":"SpriteOutput/ItemIcon/LightConeIcons/23002.png","ItemFigureIconPath":"SpriteOutput/ItemFigures/LightCone/23002.png","ItemCurrencyIconPath":"0","ItemAvatarIconPath":"","PileLimit":9999,"CustomDataList":[],"ReturnItemIDList":[]},"23003":{"ID":23003,"ItemMainType":"Equipment","ItemSubType":"Equipment","InventoryDisplayTag":1,"Rarity":"SuperRare","isVisible":true,"ItemName":{"Hash":10538601215072725110},"ItemDesc":{"Hash":2528274506290512446},"ItemBGDesc":{"Hash":13012904158404529624},"ItemIconPath":"SpriteOutput/ItemIcon/LightConeIcons/23003.png","ItemFigureIconPath":"SpriteOutput/ItemFigures/LightCone/23003.png","ItemCurrencyIconPath":"0","ItemAvatarIconPath":"","PileLimit":9999,"CustomDataList":[],"ReturnItemIDList":[]},"23004":{"ID":23004,"ItemMainType":"Equipment","ItemSubType":"Equipment","InventoryDisplayTag":1,"Rarity":"SuperRare","isVisible":true,"ItemName":{"Hash":13126060088167498823},"ItemDesc":{"Hash":11295445863359546246},"ItemBGDesc":{"Hash":13276529520190531906},"ItemIconPath":"SpriteOutput/ItemIcon/LightConeIcons/23004.png","ItemFigureIconPath":"SpriteOutput/ItemFigures/LightCone/23004.png","ItemCurrencyIconPath":"0","ItemAvatarIconPath":"","PileLimit":9999,"CustomDataList":[],"ReturnItemIDList":[]},"23005":{"ID":23005,"ItemMainType":"Equipment","ItemSubType":"Equipment","InventoryDisplayTag":1,"Rarity":"SuperRare","isVisible":true,"ItemName":{"Hash":18271394875077195607},"ItemDesc":{"Hash":14467596866717055108},"ItemBGDesc":{"Hash":12355573968721100709},"ItemIconPath":"SpriteOutput/ItemIcon/LightConeIcons/23005.png","ItemFigureIconPath":"SpriteOutput/ItemFigures/LightCone/23005.png","ItemCurrencyIconPath":"0","ItemAvatarIconPath":"","PileLimit":9999,"CustomDataList":[],"ReturnItemIDList":[]},"23006":{"ID":23006,"ItemMainType":"Equipment","ItemSubType":"Equipment","InventoryDisplayTag":1,"Rarity":"SuperRare","isVisible":true,"ItemName":{"Hash":16644209773899146275},"ItemDesc":{"Hash":13322668868495737309},"ItemBGDesc":{"Hash":17833388131084969873},"ItemIconPath":"SpriteOutput/ItemIcon/LightConeIcons/23006.png","ItemFigureIconPath":"SpriteOutput/ItemFigures/LightCone/23006.png","ItemCurrencyIconPath":"0","ItemAvatarIconPath":"","PileLimit":9999,"CustomDataList":[],"ReturnItemIDList":[]},"23007":{"ID":23007,"ItemMainType":"Equipment","ItemSubType":"Equipment","InventoryDisplayTag":1,"Rarity":"SuperRare","isVisible":true,"ItemName":{"Hash":8028466341883738235},"ItemDesc":{"Hash":6154159276028137356},"ItemBGDesc":{"Hash":5647033300922670224},"ItemIconPath":"SpriteOutput/ItemIcon/LightConeIcons/23007.png","ItemFigureIconPath":"SpriteOutput/ItemFigures/LightCone/23007.png","ItemCurrencyIconPath":"0","ItemAvatarIconPath":"","PileLimit":9999,"CustomDataList":[],"ReturnItemIDList":[]},"23008":{"ID":23008,"ItemMainType":"Equipment","ItemSubType":"Equipment","InventoryDisplayTag":1,"Rarity":"SuperRare","isVisible":true,"ItemName":{"Hash":14216219781362517676},"ItemDesc":{"Hash":1288560880701058941},"ItemBGDesc":{"Hash":11911751524910056224},"ItemIconPath":"SpriteOutput/ItemIcon/LightConeIcons/23008.png","ItemFigureIconPath":"SpriteOutput/ItemFigures/LightCone/23008.png","ItemCurrencyIconPath":"0","ItemAvatarIconPath":"","PileLimit":9999,"CustomDataList":[],"ReturnItemIDList":[]},"23009":{"ID":23009,"ItemMainType":"Equipment","ItemSubType":"Equipment","InventoryDisplayTag":1,"Rarity":"SuperRare","isVisible":true,"ItemName":{"Hash":1578839670042715034},"ItemDesc":{"Hash":1389172900726227705},"ItemBGDesc":{"Hash":12412978380596280413},"ItemIconPath":"SpriteOutput/ItemIcon/LightConeIcons/23009.png","ItemFigureIconPath":"SpriteOutput/ItemFigures/LightCone/23009.png","ItemCurrencyIconPath":"0","ItemAvatarIconPath":"","PileLimit":9999,"CustomDataList":[],"ReturnItemIDList":[]},"23010":{"ID":23010,"ItemMainType":"Equipment","ItemSubType":"Equipment","InventoryDisplayTag":1,"Rarity":"SuperRare","isVisible":true,"ItemName":{"Hash":13862765647988949436},"ItemDesc":{"Hash":7002238265736564712},"ItemBGDesc":{"Hash":15934938996948013647},"ItemIconPath":"SpriteOutput/ItemIcon/LightConeIcons/23010.png","ItemFigureIconPath":"SpriteOutput/ItemFigures/LightCone/23010.png","ItemCurrencyIconPath":"0","ItemAvatarIconPath":"","PileLimit":9999,"CustomDataList":[],"ReturnItemIDList":[]},"23011":{"ID":23011,"ItemMainType":"Equipment","ItemSubType":"Equipment","InventoryDisplayTag":1,"Rarity":"SuperRare","isVisible":true,"ItemName":{"Hash":13921591081475834902},"ItemDesc":{"Hash":10014271587913277479},"ItemBGDesc":{"Hash":1232355008025919863},"ItemIconPath":"SpriteOutput/ItemIcon/LightConeIcons/23011.png","ItemFigureIconPath":"SpriteOutput/ItemFigures/LightCone/23011.png","ItemCurrencyIconPath":"0","ItemAvatarIconPath":"","PileLimit":9999,"CustomDataList":[],"ReturnItemIDList":[]},"23012":{"ID":23012,"ItemMainType":"Equipment","ItemSubType":"Equipment","InventoryDisplayTag":1,"Rarity":"SuperRare","isVisible":true,"ItemName":{"Hash":4964533426504849751},"ItemDesc":{"Hash":4333642403309601340},"ItemBGDesc":{"Hash":18418562752659564524},"ItemIconPath":"SpriteOutput/ItemIcon/LightConeIcons/23012.png","ItemFigureIconPath":"SpriteOutput/ItemFigures/LightCone/23012.png","ItemCurrencyIconPath":"0","ItemAvatarIconPath":"","PileLimit":9999,"CustomDataList":[],"ReturnItemIDList":[]},"23013":{"ID":23013,"ItemMainType":"Equipment","ItemSubType":"Equipment","InventoryDisplayTag":1,"Rarity":"SuperRare","isVisible":true,"ItemName":{"Hash":14623530333977923710},"ItemDesc":{"Hash":15546568595266094135},"ItemBGDesc":{"Hash":7563139927191148375},"ItemIconPath":"SpriteOutput/ItemIcon/LightConeIcons/23013.png","ItemFigureIconPath":"SpriteOutput/ItemFigures/LightCone/23013.png","ItemCurrencyIconPath":"0","ItemAvatarIconPath":"","PileLimit":9999,"CustomDataList":[],"ReturnItemIDList":[]},"23014":{"ID":23014,"ItemMainType":"Equipment","ItemSubType":"Equipment","InventoryDisplayTag":1,"Rarity":"SuperRare","isVisible":true,"ItemName":{"Hash":5099106708232408965},"ItemDesc":{"Hash":12242654508252589766},"ItemBGDesc":{"Hash":12229223434905627520},"ItemIconPath":"SpriteOutput/ItemIcon/LightConeIcons/23014.png","ItemFigureIconPath":"SpriteOutput/ItemFigures/LightCone/23014.png","ItemCurrencyIconPath":"0","ItemAvatarIconPath":"","PileLimit":9999,"CustomDataList":[],"ReturnItemIDList":[]},"23015":{"ID":23015,"ItemMainType":"Equipment","ItemSubType":"Equipment","InventoryDisplayTag":1,"Rarity":"SuperRare","isVisible":true,"ItemName":{"Hash":10046624538253937607},"ItemDesc":{"Hash":15442015515985878897},"ItemBGDesc":{"Hash":1562884341007289775},"ItemIconPath":"SpriteOutput/ItemIcon/LightConeIcons/23015.png","ItemFigureIconPath":"SpriteOutput/ItemFigures/LightCone/23015.png","ItemCurrencyIconPath":"0","ItemAvatarIconPath":"","PileLimit":9999,"CustomDataList":[],"ReturnItemIDList":[]},"23016":{"ID":23016,"ItemMainType":"Equipment","ItemSubType":"Equipment","InventoryDisplayTag":1,"Rarity":"SuperRare","isVisible":true,"ItemName":{"Hash":8033494735496829337},"ItemDesc":{"Hash":7668844036107504671},"ItemBGDesc":{"Hash":12834395528786820862},"ItemIconPath":"SpriteOutput/ItemIcon/LightConeIcons/23016.png","ItemFigureIconPath":"SpriteOutput/ItemFigures/LightCone/23016.png","ItemCurrencyIconPath":"0","ItemAvatarIconPath":"","PileLimit":9999,"CustomDataList":[],"ReturnItemIDList":[]},"23017":{"ID":23017,"ItemMainType":"Equipment","ItemSubType":"Equipment","InventoryDisplayTag":1,"Rarity":"SuperRare","isVisible":true,"ItemName":{"Hash":2457889036800483593},"ItemDesc":{"Hash":17265361918977041384},"ItemBGDesc":{"Hash":651820881263351403},"ItemIconPath":"SpriteOutput/ItemIcon/LightConeIcons/23017.png","ItemFigureIconPath":"SpriteOutput/ItemFigures/LightCone/23017.png","ItemCurrencyIconPath":"0","ItemAvatarIconPath":"","PileLimit":9999,"CustomDataList":[],"ReturnItemIDList":[]},"23018":{"ID":23018,"ItemMainType":"Equipment","ItemSubType":"Equipment","InventoryDisplayTag":1,"Rarity":"SuperRare","isVisible":true,"ItemName":{"Hash":5371917911802617943},"ItemDesc":{"Hash":6330093587441044862},"ItemBGDesc":{"Hash":1805255046612969879},"ItemIconPath":"SpriteOutput/ItemIcon/LightConeIcons/23018.png","ItemFigureIconPath":"SpriteOutput/ItemFigures/LightCone/23018.png","ItemCurrencyIconPath":"0","ItemAvatarIconPath":"","PileLimit":9999,"CustomDataList":[],"ReturnItemIDList":[]},"23019":{"ID":23019,"ItemMainType":"Equipment","ItemSubType":"Equipment","InventoryDisplayTag":1,"Rarity":"SuperRare","isVisible":true,"ItemName":{"Hash":2374564444442721305},"ItemDesc":{"Hash":3219122124996920708},"ItemBGDesc":{"Hash":3612976531671955631},"ItemIconPath":"SpriteOutput/ItemIcon/LightConeIcons/23019.png","ItemFigureIconPath":"SpriteOutput/ItemFigures/LightCone/23019.png","ItemCurrencyIconPath":"0","ItemAvatarIconPath":"","PileLimit":9999,"CustomDataList":[],"ReturnItemIDList":[]},"23020":{"ID":23020,"ItemMainType":"Equipment","ItemSubType":"Equipment","InventoryDisplayTag":1,"Rarity":"SuperRare","isVisible":true,"ItemName":{"Hash":14760126491397024293},"ItemDesc":{"Hash":8700191818113488364},"ItemBGDesc":{"Hash":272141798753073363},"ItemIconPath":"SpriteOutput/ItemIcon/LightConeIcons/23020.png","ItemFigureIconPath":"SpriteOutput/ItemFigures/LightCone/23020.png","ItemCurrencyIconPath":"0","ItemAvatarIconPath":"","PileLimit":9999,"CustomDataList":[],"ReturnItemIDList":[]},"23021":{"ID":23021,"ItemMainType":"Equipment","ItemSubType":"Equipment","InventoryDisplayTag":1,"Rarity":"SuperRare","isVisible":true,"ItemName":{"Hash":10865195224187363966},"ItemDesc":{"Hash":10865013795353803031},"ItemBGDesc":{"Hash":6813286696130459128},"ItemIconPath":"SpriteOutput/ItemIcon/LightConeIcons/23021.png","ItemFigureIconPath":"SpriteOutput/ItemFigures/LightCone/23021.png","ItemCurrencyIconPath":"0","ItemAvatarIconPath":"","PileLimit":9999,"CustomDataList":[],"ReturnItemIDList":[]},"23022":{"ID":23022,"ItemMainType":"Equipment","ItemSubType":"Equipment","InventoryDisplayTag":1,"Rarity":"SuperRare","isVisible":true,"ItemName":{"Hash":3968316835054564755},"ItemDesc":{"Hash":5271158470645611762},"ItemBGDesc":{"Hash":9114420191072196068},"ItemIconPath":"SpriteOutput/ItemIcon/LightConeIcons/23022.png","ItemFigureIconPath":"SpriteOutput/ItemFigures/LightCone/23022.png","ItemCurrencyIconPath":"0","ItemAvatarIconPath":"","PileLimit":9999,"CustomDataList":[],"ReturnItemIDList":[]},"23023":{"ID":23023,"ItemMainType":"Equipment","ItemSubType":"Equipment","InventoryDisplayTag":1,"Rarity":"SuperRare","isVisible":true,"ItemName":{"Hash":7419175646171529355},"ItemDesc":{"Hash":14656385216235645106},"ItemBGDesc":{"Hash":3363065036328054804},"ItemIconPath":"SpriteOutput/ItemIcon/LightConeIcons/23023.png","ItemFigureIconPath":"SpriteOutput/ItemFigures/LightCone/23023.png","ItemCurrencyIconPath":"0","ItemAvatarIconPath":"","PileLimit":9999,"CustomDataList":[],"ReturnItemIDList":[]},"23024":{"ID":23024,"ItemMainType":"Equipment","ItemSubType":"Equipment","InventoryDisplayTag":1,"Rarity":"SuperRare","isVisible":true,"ItemName":{"Hash":2563869460433248870},"ItemDesc":{"Hash":10012290935203778620},"ItemBGDesc":{"Hash":11502056702868035200},"ItemIconPath":"SpriteOutput/ItemIcon/LightConeIcons/23024.png","ItemFigureIconPath":"SpriteOutput/ItemFigures/LightCone/23024.png","ItemCurrencyIconPath":"0","ItemAvatarIconPath":"","PileLimit":9999,"CustomDataList":[],"ReturnItemIDList":[]},"23025":{"ID":23025,"ItemMainType":"Equipment","ItemSubType":"Equipment","InventoryDisplayTag":1,"Rarity":"SuperRare","isVisible":true,"ItemName":{"Hash":10847344146564277418},"ItemDesc":{"Hash":9854297466465409751},"ItemBGDesc":{"Hash":7829454859344311189},"ItemIconPath":"SpriteOutput/ItemIcon/LightConeIcons/23025.png","ItemFigureIconPath":"SpriteOutput/ItemFigures/LightCone/23025.png","ItemCurrencyIconPath":"0","ItemAvatarIconPath":"","PileLimit":9999,"CustomDataList":[],"ReturnItemIDList":[]},"23026":{"ID":23026,"ItemMainType":"Equipment","ItemSubType":"Equipment","InventoryDisplayTag":1,"Rarity":"SuperRare","isVisible":true,"ItemName":{"Hash":17978292824248543576},"ItemDesc":{"Hash":17228006522684283599},"ItemBGDesc":{"Hash":6329142404599928328},"ItemIconPath":"SpriteOutput/ItemIcon/LightConeIcons/23026.png","ItemFigureIconPath":"SpriteOutput/ItemFigures/LightCone/23026.png","ItemCurrencyIconPath":"0","ItemAvatarIconPath":"","PileLimit":9999,"CustomDataList":[],"ReturnItemIDList":[]},"23027":{"ID":23027,"ItemMainType":"Equipment","ItemSubType":"Equipment","InventoryDisplayTag":1,"Rarity":"SuperRare","isVisible":true,"ItemName":{"Hash":6076151993319066243},"ItemDesc":{"Hash":7755082228312493636},"ItemBGDesc":{"Hash":6222644715902781692},"ItemIconPath":"SpriteOutput/ItemIcon/LightConeIcons/23027.png","ItemFigureIconPath":"SpriteOutput/ItemFigures/LightCone/23027.png","ItemCurrencyIconPath":"0","ItemAvatarIconPath":"","PileLimit":9999,"CustomDataList":[],"ReturnItemIDList":[]},"23028":{"ID":23028,"ItemMainType":"Equipment","ItemSubType":"Equipment","InventoryDisplayTag":1,"Rarity":"SuperRare","isVisible":true,"ItemName":{"Hash":16110804430183357266},"ItemDesc":{"Hash":1783294849122896224},"ItemBGDesc":{"Hash":11473776258920465417},"ItemIconPath":"SpriteOutput/ItemIcon/LightConeIcons/23028.png","ItemFigureIconPath":"SpriteOutput/ItemFigures/LightCone/23028.png","ItemCurrencyIconPath":"0","ItemAvatarIconPath":"","PileLimit":9999,"CustomDataList":[],"ReturnItemIDList":[]},"23029":{"ID":23029,"ItemMainType":"Equipment","ItemSubType":"Equipment","InventoryDisplayTag":1,"Rarity":"SuperRare","isVisible":true,"ItemName":{"Hash":2000342183221825624},"ItemDesc":{"Hash":13638117578337491925},"ItemBGDesc":{"Hash":294907819905164530},"ItemIconPath":"SpriteOutput/ItemIcon/LightConeIcons/23029.png","ItemFigureIconPath":"SpriteOutput/ItemFigures/LightCone/23029.png","ItemCurrencyIconPath":"0","ItemAvatarIconPath":"","PileLimit":9999,"CustomDataList":[],"ReturnItemIDList":[]},"23030":{"ID":23030,"ItemMainType":"Equipment","ItemSubType":"Equipment","InventoryDisplayTag":1,"Rarity":"SuperRare","isVisible":true,"ItemName":{"Hash":8055326571397248235},"ItemDesc":{"Hash":11556774640861141986},"ItemBGDesc":{"Hash":10268651733419483494},"ItemIconPath":"SpriteOutput/ItemIcon/LightConeIcons/23030.png","ItemFigureIconPath":"SpriteOutput/ItemFigures/LightCone/23030.png","ItemCurrencyIconPath":"0","ItemAvatarIconPath":"","PileLimit":9999,"CustomDataList":[],"ReturnItemIDList":[]},"23031":{"ID":23031,"ItemMainType":"Equipment","ItemSubType":"Equipment","InventoryDisplayTag":1,"Rarity":"SuperRare","isVisible":true,"ItemName":{"Hash":16847809734066582918},"ItemDesc":{"Hash":3093624573014752123},"ItemBGDesc":{"Hash":4392859343554455106},"ItemIconPath":"SpriteOutput/ItemIcon/LightConeIcons/23031.png","ItemFigureIconPath":"SpriteOutput/ItemFigures/LightCone/23031.png","ItemCurrencyIconPath":"0","ItemAvatarIconPath":"","PileLimit":9999,"CustomDataList":[],"ReturnItemIDList":[]},"23032":{"ID":23032,"ItemMainType":"Equipment","ItemSubType":"Equipment","InventoryDisplayTag":1,"Rarity":"SuperRare","isVisible":true,"ItemName":{"Hash":13567506191754100931},"ItemDesc":{"Hash":8531152017567586573},"ItemBGDesc":{"Hash":15618366690543894542},"ItemIconPath":"SpriteOutput/ItemIcon/LightConeIcons/23032.png","ItemFigureIconPath":"SpriteOutput/ItemFigures/LightCone/23032.png","ItemCurrencyIconPath":"0","ItemAvatarIconPath":"","PileLimit":9999,"CustomDataList":[],"ReturnItemIDList":[]},"23033":{"ID":23033,"ItemMainType":"Equipment","ItemSubType":"Equipment","InventoryDisplayTag":1,"Rarity":"SuperRare","isVisible":true,"ItemName":{"Hash":601414289350786116},"ItemDesc":{"Hash":16311316489904219531},"ItemBGDesc":{"Hash":9811535094115770813},"ItemIconPath":"SpriteOutput/ItemIcon/LightConeIcons/23033.png","ItemFigureIconPath":"SpriteOutput/ItemFigures/LightCone/23033.png","ItemCurrencyIconPath":"0","ItemAvatarIconPath":"","PileLimit":9999,"CustomDataList":[],"ReturnItemIDList":[]},"23034":{"ID":23034,"ItemMainType":"Equipment","ItemSubType":"Equipment","InventoryDisplayTag":1,"Rarity":"SuperRare","isVisible":true,"ItemName":{"Hash":12553709634521297967},"ItemDesc":{"Hash":5143460457918612578},"ItemBGDesc":{"Hash":8012636914949936944},"ItemIconPath":"SpriteOutput/ItemIcon/LightConeIcons/23034.png","ItemFigureIconPath":"SpriteOutput/ItemFigures/LightCone/23034.png","ItemCurrencyIconPath":"0","ItemAvatarIconPath":"","PileLimit":9999,"CustomDataList":[],"ReturnItemIDList":[]},"23035":{"ID":23035,"ItemMainType":"Equipment","ItemSubType":"Equipment","InventoryDisplayTag":1,"Rarity":"SuperRare","isVisible":true,"ItemName":{"Hash":859620445999596485},"ItemDesc":{"Hash":776847059168978994},"ItemBGDesc":{"Hash":8804671170973311062},"ItemIconPath":"SpriteOutput/ItemIcon/LightConeIcons/23035.png","ItemFigureIconPath":"SpriteOutput/ItemFigures/LightCone/23035.png","ItemCurrencyIconPath":"0","ItemAvatarIconPath":"","PileLimit":9999,"CustomDataList":[],"ReturnItemIDList":[]},"23036":{"ID":23036,"ItemMainType":"Equipment","ItemSubType":"Equipment","InventoryDisplayTag":1,"Rarity":"SuperRare","isVisible":true,"ItemName":{"Hash":16020597883765928440},"ItemDesc":{"Hash":15934998769940068832},"ItemBGDesc":{"Hash":16790004277269212064},"ItemIconPath":"SpriteOutput/ItemIcon/LightConeIcons/23036.png","ItemFigureIconPath":"SpriteOutput/ItemFigures/LightCone/23036.png","ItemCurrencyIconPath":"0","ItemAvatarIconPath":"","PileLimit":9999,"CustomDataList":[],"ReturnItemIDList":[]},"23037":{"ID":23037,"ItemMainType":"Equipment","ItemSubType":"Equipment","InventoryDisplayTag":1,"Rarity":"SuperRare","isVisible":true,"ItemName":{"Hash":7852049779526485441},"ItemDesc":{"Hash":8899701288549389350},"ItemBGDesc":{"Hash":9541822095281693122},"ItemIconPath":"SpriteOutput/ItemIcon/LightConeIcons/23037.png","ItemFigureIconPath":"SpriteOutput/ItemFigures/LightCone/23037.png","ItemCurrencyIconPath":"0","ItemAvatarIconPath":"","PileLimit":9999,"CustomDataList":[],"ReturnItemIDList":[]},"23038":{"ID":23038,"ItemMainType":"Equipment","ItemSubType":"Equipment","InventoryDisplayTag":1,"Rarity":"SuperRare","isVisible":true,"ItemName":{"Hash":9107819509712981046},"ItemDesc":{"Hash":12506827136465847523},"ItemBGDesc":{"Hash":3954583228121371014},"ItemIconPath":"SpriteOutput/ItemIcon/LightConeIcons/23038.png","ItemFigureIconPath":"SpriteOutput/ItemFigures/LightCone/23038.png","ItemCurrencyIconPath":"0","ItemAvatarIconPath":"","PileLimit":9999,"CustomDataList":[],"ReturnItemIDList":[]},"23039":{"ID":23039,"ItemMainType":"Equipment","ItemSubType":"Equipment","InventoryDisplayTag":1,"Rarity":"SuperRare","isVisible":true,"ItemName":{"Hash":13179582391605952911},"ItemDesc":{"Hash":16851593607144643159},"ItemBGDesc":{"Hash":8334731655781155346},"ItemIconPath":"SpriteOutput/ItemIcon/LightConeIcons/23039.png","ItemFigureIconPath":"SpriteOutput/ItemFigures/LightCone/23039.png","ItemCurrencyIconPath":"0","ItemAvatarIconPath":"","PileLimit":9999,"CustomDataList":[],"ReturnItemIDList":[]},"23040":{"ID":23040,"ItemMainType":"Equipment","ItemSubType":"Equipment","InventoryDisplayTag":1,"Rarity":"SuperRare","isVisible":true,"ItemName":{"Hash":10010764056335878110},"ItemDesc":{"Hash":494155043821636437},"ItemBGDesc":{"Hash":8832748371034181067},"ItemIconPath":"SpriteOutput/ItemIcon/LightConeIcons/23040.png","ItemFigureIconPath":"SpriteOutput/ItemFigures/LightCone/23040.png","ItemCurrencyIconPath":"0","ItemAvatarIconPath":"","PileLimit":9999,"CustomDataList":[],"ReturnItemIDList":[]},"23041":{"ID":23041,"ItemMainType":"Equipment","ItemSubType":"Equipment","InventoryDisplayTag":1,"Rarity":"SuperRare","isVisible":true,"ItemName":{"Hash":3887788312762396568},"ItemDesc":{"Hash":11181277680446392224},"ItemBGDesc":{"Hash":17114816130189972457},"ItemIconPath":"SpriteOutput/ItemIcon/LightConeIcons/23041.png","ItemFigureIconPath":"SpriteOutput/ItemFigures/LightCone/23041.png","ItemCurrencyIconPath":"0","ItemAvatarIconPath":"","PileLimit":9999,"CustomDataList":[],"ReturnItemIDList":[]},"23042":{"ID":23042,"ItemMainType":"Equipment","ItemSubType":"Equipment","InventoryDisplayTag":1,"Rarity":"SuperRare","isVisible":true,"ItemName":{"Hash":17932543794541693695},"ItemDesc":{"Hash":13226359015166578773},"ItemBGDesc":{"Hash":672861069985676048},"ItemIconPath":"SpriteOutput/ItemIcon/LightConeIcons/23042.png","ItemFigureIconPath":"SpriteOutput/ItemFigures/LightCone/23042.png","ItemCurrencyIconPath":"0","ItemAvatarIconPath":"","PileLimit":9999,"CustomDataList":[],"ReturnItemIDList":[]},"23043":{"ID":23043,"ItemMainType":"Equipment","ItemSubType":"Equipment","InventoryDisplayTag":1,"Rarity":"SuperRare","isVisible":true,"ItemName":{"Hash":13892959150401244057},"ItemDesc":{"Hash":12155497062141606719},"ItemBGDesc":{"Hash":8458680604439349593},"ItemIconPath":"SpriteOutput/ItemIcon/LightConeIcons/23043.png","ItemFigureIconPath":"SpriteOutput/ItemFigures/LightCone/23043.png","ItemCurrencyIconPath":"0","ItemAvatarIconPath":"","PileLimit":9999,"CustomDataList":[],"ReturnItemIDList":[]},"23044":{"ID":23044,"ItemMainType":"Equipment","ItemSubType":"Equipment","InventoryDisplayTag":1,"Rarity":"SuperRare","isVisible":true,"ItemName":{"Hash":12754201719363085613},"ItemDesc":{"Hash":5633522451335427362},"ItemBGDesc":{"Hash":11485952093867592486},"ItemIconPath":"SpriteOutput/ItemIcon/LightConeIcons/23044.png","ItemFigureIconPath":"SpriteOutput/ItemFigures/LightCone/23044.png","ItemCurrencyIconPath":"0","ItemAvatarIconPath":"","PileLimit":9999,"CustomDataList":[],"ReturnItemIDList":[]},"23045":{"ID":23045,"ItemMainType":"Equipment","ItemSubType":"Equipment","InventoryDisplayTag":1,"Rarity":"SuperRare","isVisible":true,"ItemName":{"Hash":16440723727232758673},"ItemDesc":{"Hash":5064328495779775694},"ItemBGDesc":{"Hash":9861904019867535583},"ItemIconPath":"SpriteOutput/ItemIcon/LightConeIcons/23045.png","ItemFigureIconPath":"SpriteOutput/ItemFigures/LightCone/23045.png","ItemCurrencyIconPath":"0","ItemAvatarIconPath":"","PileLimit":9999,"CustomDataList":[],"ReturnItemIDList":[]},"23046":{"ID":23046,"ItemMainType":"Equipment","ItemSubType":"Equipment","InventoryDisplayTag":1,"Rarity":"SuperRare","isVisible":true,"ItemName":{"Hash":13145150695690178522},"ItemDesc":{"Hash":8825135560657958173},"ItemBGDesc":{"Hash":1564705132399007361},"ItemIconPath":"SpriteOutput/ItemIcon/LightConeIcons/23046.png","ItemFigureIconPath":"SpriteOutput/ItemFigures/LightCone/23046.png","ItemCurrencyIconPath":"0","ItemAvatarIconPath":"","PileLimit":9999,"CustomDataList":[],"ReturnItemIDList":[]},"23047":{"ID":23047,"ItemMainType":"Equipment","ItemSubType":"Equipment","InventoryDisplayTag":1,"Rarity":"SuperRare","isVisible":true,"ItemName":{"Hash":1876868725267780861},"ItemDesc":{"Hash":15346016854423188973},"ItemBGDesc":{"Hash":15568010517439809794},"ItemIconPath":"SpriteOutput/ItemIcon/LightConeIcons/23047.png","ItemFigureIconPath":"SpriteOutput/ItemFigures/LightCone/23047.png","ItemCurrencyIconPath":"0","ItemAvatarIconPath":"","PileLimit":9999,"CustomDataList":[],"ReturnItemIDList":[]},"23048":{"ID":23048,"ItemMainType":"Equipment","ItemSubType":"Equipment","InventoryDisplayTag":1,"Rarity":"SuperRare","isVisible":true,"ItemName":{"Hash":3473759584300799739},"ItemDesc":{"Hash":13051143368814585683},"ItemBGDesc":{"Hash":3706117901136241395},"ItemIconPath":"SpriteOutput/ItemIcon/LightConeIcons/23048.png","ItemFigureIconPath":"SpriteOutput/ItemFigures/LightCone/23048.png","ItemCurrencyIconPath":"0","ItemAvatarIconPath":"","PileLimit":9999,"CustomDataList":[],"ReturnItemIDList":[]},"24000":{"ID":24000,"ItemMainType":"Equipment","ItemSubType":"Equipment","InventoryDisplayTag":1,"Rarity":"SuperRare","isVisible":true,"ItemName":{"Hash":11752995084639187146},"ItemDesc":{"Hash":5205430837782278338},"ItemBGDesc":{"Hash":6980318916037909726},"ItemIconPath":"SpriteOutput/ItemIcon/LightConeIcons/24000.png","ItemFigureIconPath":"SpriteOutput/ItemFigures/LightCone/24000.png","ItemCurrencyIconPath":"0","ItemAvatarIconPath":"","PileLimit":9999,"CustomDataList":[],"ReturnItemIDList":[]},"24001":{"ID":24001,"ItemMainType":"Equipment","ItemSubType":"Equipment","InventoryDisplayTag":1,"Rarity":"SuperRare","isVisible":true,"ItemName":{"Hash":13376274674140246834},"ItemDesc":{"Hash":10219949996332175025},"ItemBGDesc":{"Hash":12908124562512676729},"ItemIconPath":"SpriteOutput/ItemIcon/LightConeIcons/24001.png","ItemFigureIconPath":"SpriteOutput/ItemFigures/LightCone/24001.png","ItemCurrencyIconPath":"0","ItemAvatarIconPath":"","PileLimit":9999,"CustomDataList":[],"ReturnItemIDList":[]},"24002":{"ID":24002,"ItemMainType":"Equipment","ItemSubType":"Equipment","InventoryDisplayTag":1,"Rarity":"SuperRare","isVisible":true,"ItemName":{"Hash":14590238361700172801},"ItemDesc":{"Hash":6771638049986231546},"ItemBGDesc":{"Hash":15680833280276024704},"ItemIconPath":"SpriteOutput/ItemIcon/LightConeIcons/24002.png","ItemFigureIconPath":"SpriteOutput/ItemFigures/LightCone/24002.png","ItemCurrencyIconPath":"0","ItemAvatarIconPath":"","PileLimit":9999,"CustomDataList":[],"ReturnItemIDList":[]},"24003":{"ID":24003,"ItemMainType":"Equipment","ItemSubType":"Equipment","InventoryDisplayTag":1,"Rarity":"SuperRare","isVisible":true,"ItemName":{"Hash":2905807519598066590},"ItemDesc":{"Hash":2323434880923358737},"ItemBGDesc":{"Hash":2399148212526188163},"ItemIconPath":"SpriteOutput/ItemIcon/LightConeIcons/24003.png","ItemFigureIconPath":"SpriteOutput/ItemFigures/LightCone/24003.png","ItemCurrencyIconPath":"0","ItemAvatarIconPath":"","PileLimit":9999,"CustomDataList":[],"ReturnItemIDList":[]},"24004":{"ID":24004,"ItemMainType":"Equipment","ItemSubType":"Equipment","InventoryDisplayTag":1,"Rarity":"SuperRare","isVisible":true,"ItemName":{"Hash":9232678112166409428},"ItemDesc":{"Hash":8390679218430735472},"ItemBGDesc":{"Hash":12930219854844644239},"ItemIconPath":"SpriteOutput/ItemIcon/LightConeIcons/24004.png","ItemFigureIconPath":"SpriteOutput/ItemFigures/LightCone/24004.png","ItemCurrencyIconPath":"0","ItemAvatarIconPath":"","PileLimit":9999,"CustomDataList":[],"ReturnItemIDList":[]},"24005":{"ID":24005,"ItemMainType":"Equipment","ItemSubType":"Equipment","InventoryDisplayTag":1,"Rarity":"SuperRare","isVisible":true,"ItemName":{"Hash":6411997224396939295},"ItemDesc":{"Hash":3520424256405648430},"ItemBGDesc":{"Hash":9435056214636819593},"ItemIconPath":"SpriteOutput/ItemIcon/LightConeIcons/24005.png","ItemFigureIconPath":"SpriteOutput/ItemFigures/LightCone/24005.png","ItemCurrencyIconPath":"0","ItemAvatarIconPath":"","PileLimit":9999,"CustomDataList":[],"ReturnItemIDList":[]}}