{"200001":{"ID":200001,"ImagePath":"SpriteOutput/AvatarRoundIcon/UI_Message_Contacts_Anonymous.png","IsVisible":true,"SortType":1},"200101":{"ID":200101,"ImagePath":"SpriteOutput/AvatarRoundIcon/Series/200101.png","IsVisible":true,"SortType":5},"200102":{"ID":200102,"ImagePath":"SpriteOutput/AvatarRoundIcon/Series/200102.png","IsVisible":true,"SortType":5},"200103":{"ID":200103,"ImagePath":"SpriteOutput/AvatarRoundIcon/Series/200103.png","IsVisible":true,"SortType":5},"200104":{"ID":200104,"ImagePath":"SpriteOutput/AvatarRoundIcon/Series/200104.png","IsVisible":true,"SortType":5},"200105":{"ID":200105,"ImagePath":"SpriteOutput/AvatarRoundIcon/Series/200105.png","IsVisible":true,"SortType":5},"200106":{"ID":200106,"ImagePath":"SpriteOutput/AvatarRoundIcon/Series/200106.png","IsVisible":true,"SortType":5},"200107":{"ID":200107,"ImagePath":"SpriteOutput/AvatarRoundIcon/Series/200107.png","IsVisible":true,"SortType":5},"200108":{"ID":200108,"ImagePath":"SpriteOutput/AvatarRoundIcon/Series/200108.png","IsVisible":true,"SortType":5},"200109":{"ID":200109,"ImagePath":"SpriteOutput/AvatarRoundIcon/Series/200109.png","IsVisible":true,"SortType":5},"200110":{"ID":200110,"ImagePath":"SpriteOutput/AvatarRoundIcon/Series/200110.png","IsVisible":true,"SortType":5},"200111":{"ID":200111,"ImagePath":"SpriteOutput/AvatarRoundIcon/Series/200111.png","IsVisible":true,"SortType":5},"200112":{"ID":200112,"ImagePath":"SpriteOutput/AvatarRoundIcon/Series/200112.png","IsVisible":true,"SortType":5},"200113":{"ID":200113,"ImagePath":"SpriteOutput/AvatarRoundIcon/Series/200113.png","IsVisible":true,"SortType":5},"200114":{"ID":200114,"ImagePath":"SpriteOutput/AvatarRoundIcon/Series/200114.png","IsVisible":true,"SortType":5},"200115":{"ID":200115,"ImagePath":"SpriteOutput/AvatarRoundIcon/Series/200115.png","IsVisible":true,"SortType":5},"200116":{"ID":200116,"ImagePath":"SpriteOutput/AvatarRoundIcon/Series/200116.png","IsVisible":true,"SortType":5},"200117":{"ID":200117,"ImagePath":"SpriteOutput/AvatarRoundIcon/Series/200117.png","IsVisible":true,"SortType":5},"200118":{"ID":200118,"ImagePath":"SpriteOutput/AvatarRoundIcon/Series/200118.png","IsVisible":true,"SortType":5},"200119":{"ID":200119,"ImagePath":"SpriteOutput/AvatarRoundIcon/Series/200119.png","IsVisible":true,"SortType":5},"200120":{"ID":200120,"ImagePath":"SpriteOutput/AvatarRoundIcon/Series/200120.png","IsVisible":true,"SortType":5},"200121":{"ID":200121,"ImagePath":"SpriteOutput/AvatarRoundIcon/Series/200121.png","IsVisible":true,"SortType":5},"200122":{"ID":200122,"ImagePath":"SpriteOutput/AvatarRoundIcon/Series/200122.png","IsVisible":true,"SortType":5},"200123":{"ID":200123,"ImagePath":"SpriteOutput/AvatarRoundIcon/Series/200123.png","IsVisible":true,"SortType":5},"200124":{"ID":200124,"ImagePath":"SpriteOutput/AvatarRoundIcon/Series/200124.png","IsVisible":true,"SortType":5},"200125":{"ID":200125,"ImagePath":"SpriteOutput/AvatarRoundIcon/Series/200125.png","IsVisible":true,"SortType":5},"200126":{"ID":200126,"ImagePath":"SpriteOutput/AvatarRoundIcon/Series/200126.png","IsVisible":true,"SortType":5},"200127":{"ID":200127,"ImagePath":"SpriteOutput/AvatarRoundIcon/Series/200127.png","IsVisible":true,"SortType":5},"200128":{"ID":200128,"ImagePath":"SpriteOutput/AvatarRoundIcon/Series/200128.png","IsVisible":true,"SortType":5},"200129":{"ID":200129,"ImagePath":"SpriteOutput/AvatarRoundIcon/Series/200129.png","IsVisible":true,"SortType":5},"200130":{"ID":200130,"ImagePath":"SpriteOutput/AvatarRoundIcon/Series/200130.png","IsVisible":true,"SortType":5},"200131":{"ID":200131,"ImagePath":"SpriteOutput/AvatarRoundIcon/Series/200131.png","IsVisible":true,"SortType":5},"200132":{"ID":200132,"ImagePath":"SpriteOutput/AvatarRoundIcon/Series/200132.png","IsVisible":true,"SortType":5},"200133":{"ID":200133,"ImagePath":"SpriteOutput/AvatarRoundIcon/Series/200133.png","IsVisible":true,"SortType":5},"200134":{"ID":200134,"ImagePath":"SpriteOutput/AvatarRoundIcon/Series/200134.png","IsVisible":true,"SortType":5},"200135":{"ID":200135,"ImagePath":"SpriteOutput/AvatarRoundIcon/Series/200135.png","IsVisible":true,"SortType":5},"200136":{"ID":200136,"ImagePath":"SpriteOutput/AvatarRoundIcon/Series/200136.png","IsVisible":true,"SortType":5},"200137":{"ID":200137,"ImagePath":"SpriteOutput/AvatarRoundIcon/Series/200137.png","IsVisible":true,"SortType":5},"200138":{"ID":200138,"ImagePath":"SpriteOutput/AvatarRoundIcon/Series/200138.png","IsVisible":true,"SortType":5},"200139":{"ID":200139,"ImagePath":"SpriteOutput/AvatarRoundIcon/Series/200139.png","IsVisible":true,"SortType":5},"200140":{"ID":200140,"ImagePath":"SpriteOutput/AvatarRoundIcon/Series/200140.png","IsVisible":true,"SortType":5},"200141":{"ID":200141,"ImagePath":"SpriteOutput/AvatarRoundIcon/Series/200141.png","IsVisible":true,"SortType":5},"200142":{"ID":200142,"ImagePath":"SpriteOutput/AvatarRoundIcon/Series/200142.png","IsVisible":true,"SortType":5},"200143":{"ID":200143,"ImagePath":"SpriteOutput/AvatarRoundIcon/Series/200143.png","IsVisible":true,"SortType":5},"200144":{"ID":200144,"ImagePath":"SpriteOutput/AvatarRoundIcon/Series/200144.png","IsVisible":true,"SortType":5},"200145":{"ID":200145,"ImagePath":"SpriteOutput/AvatarRoundIcon/Series/200145.png","IsVisible":true,"SortType":5},"200146":{"ID":200146,"ImagePath":"SpriteOutput/AvatarRoundIcon/Series/200146.png","IsVisible":true,"SortType":5},"200147":{"ID":200147,"ImagePath":"SpriteOutput/AvatarRoundIcon/Series/200147.png","IsVisible":true,"SortType":5},"200148":{"ID":200148,"ImagePath":"SpriteOutput/AvatarRoundIcon/Series/200148.png","IsVisible":true,"SortType":5},"200149":{"ID":200149,"ImagePath":"SpriteOutput/AvatarRoundIcon/Series/200149.png","IsVisible":true,"SortType":5},"200150":{"ID":200150,"ImagePath":"SpriteOutput/AvatarRoundIcon/Series/200150.png","IsVisible":true,"SortType":5},"202001":{"ID":202001,"ImagePath":"SpriteOutput/AvatarRoundIcon/Series/202001.png","IsVisible":true,"SortType":2},"202002":{"ID":202002,"ImagePath":"SpriteOutput/AvatarRoundIcon/Series/202002.png","IsVisible":true,"SortType":2},"202003":{"ID":202003,"ImagePath":"SpriteOutput/AvatarRoundIcon/Series/202003.png","IsVisible":true,"SortType":2},"202004":{"ID":202004,"ImagePath":"SpriteOutput/AvatarRoundIcon/Series/202004.png","IsVisible":true,"SortType":2},"202005":{"ID":202005,"ImagePath":"SpriteOutput/AvatarRoundIcon/Series/202005.png","IsVisible":true,"SortType":2},"202006":{"ID":202006,"ImagePath":"SpriteOutput/AvatarRoundIcon/Series/202006.png","IsVisible":true,"SortType":2},"202007":{"ID":202007,"ImagePath":"SpriteOutput/AvatarRoundIcon/Series/202007.png","IsVisible":true,"SortType":2},"202008":{"ID":202008,"ImagePath":"SpriteOutput/AvatarRoundIcon/Series/202008.png","IsVisible":true,"SortType":2},"202009":{"ID":202009,"ImagePath":"SpriteOutput/AvatarRoundIcon/Series/202009.png","IsVisible":true,"SortType":2},"202010":{"ID":202010,"ImagePath":"SpriteOutput/AvatarRoundIcon/Series/202010.png","IsVisible":true,"SortType":2},"202011":{"ID":202011,"ImagePath":"SpriteOutput/AvatarRoundIcon/Series/202011.png","IsVisible":true,"SortType":2},"202012":{"ID":202012,"ImagePath":"SpriteOutput/AvatarRoundIcon/Series/202012.png","IsVisible":true,"SortType":2},"202013":{"ID":202013,"ImagePath":"SpriteOutput/AvatarRoundIcon/Series/202013.png","IsVisible":true,"SortType":2},"202014":{"ID":202014,"ImagePath":"SpriteOutput/AvatarRoundIcon/Series/202014.png","IsVisible":true,"SortType":2},"202015":{"ID":202015,"ImagePath":"SpriteOutput/AvatarRoundIcon/Series/202015.png","IsVisible":true,"SortType":2},"202016":{"ID":202016,"ImagePath":"SpriteOutput/AvatarRoundIcon/Series/202016.png","IsVisible":true,"SortType":2},"202017":{"ID":202017,"ImagePath":"SpriteOutput/AvatarRoundIcon/Series/202017.png","IsVisible":true,"SortType":2},"202018":{"ID":202018,"ImagePath":"SpriteOutput/AvatarRoundIcon/Series/202018.png","IsVisible":true,"SortType":2},"202019":{"ID":202019,"ImagePath":"SpriteOutput/AvatarRoundIcon/Series/202019.png","IsVisible":true,"SortType":2},"202020":{"ID":202020,"ImagePath":"SpriteOutput/AvatarRoundIcon/Series/202020.png","IsVisible":true,"SortType":2},"202021":{"ID":202021,"ImagePath":"SpriteOutput/AvatarRoundIcon/Series/202021.png","IsVisible":true,"SortType":2},"202022":{"ID":202022,"ImagePath":"SpriteOutput/AvatarRoundIcon/Series/202022.png","IsVisible":true,"SortType":2},"202023":{"ID":202023,"ImagePath":"SpriteOutput/AvatarRoundIcon/Series/202023.png","IsVisible":true,"SortType":2},"202024":{"ID":202024,"ImagePath":"SpriteOutput/AvatarRoundIcon/Series/202024.png","IsVisible":true,"SortType":2},"202025":{"ID":202025,"ImagePath":"SpriteOutput/AvatarRoundIcon/Series/202025.png","IsVisible":true,"SortType":2},"202028":{"ID":202028,"ImagePath":"SpriteOutput/AvatarRoundIcon/Series/202028.png","IsVisible":true,"SortType":2},"202029":{"ID":202029,"ImagePath":"SpriteOutput/AvatarRoundIcon/AvatarSkin/1100101.png","IsVisible":true,"SortType":4},"202030":{"ID":202030,"ImagePath":"SpriteOutput/AvatarRoundIcon/Series/202030.png","IsVisible":true,"SortType":2},"202031":{"ID":202031,"ImagePath":"SpriteOutput/AvatarRoundIcon/Series/202031.png","IsVisible":true,"SortType":2},"202033":{"ID":202033,"ImagePath":"SpriteOutput/AvatarRoundIcon/Series/202033.png","IsVisible":true,"SortType":2},"202034":{"ID":202034,"ImagePath":"SpriteOutput/AvatarRoundIcon/AvatarSkin/1131001.png","IsVisible":true,"SortType":4},"202035":{"ID":202035,"ImagePath":"SpriteOutput/AvatarRoundIcon/Series/202035.png","IsVisible":true,"SortType":2},"202036":{"ID":202036,"ImagePath":"SpriteOutput/AvatarRoundIcon/Series/202036.png","IsVisible":true,"SortType":2},"202037":{"ID":202037,"ImagePath":"SpriteOutput/AvatarRoundIcon/Series/202037.png","IsVisible":true,"SortType":2},"202038":{"ID":202038,"ImagePath":"SpriteOutput/AvatarRoundIcon/Series/202038.png","IsVisible":true,"SortType":2},"202039":{"ID":202039,"ImagePath":"SpriteOutput/AvatarRoundIcon/Series/202039.png","IsVisible":true,"SortType":2},"202040":{"ID":202040,"ImagePath":"SpriteOutput/AvatarRoundIcon/Series/202040.png","IsVisible":true,"SortType":2},"202041":{"ID":202041,"ImagePath":"SpriteOutput/AvatarRoundIcon/Series/202041.png","IsVisible":true,"SortType":2},"202042":{"ID":202042,"ImagePath":"SpriteOutput/AvatarRoundIcon/Series/202042.png","IsVisible":true,"SortType":2}}