{"200001":{"ID":200001,"ImagePath":"SpriteOutput/AvatarRoundIcon/UI_Message_Contacts_Anonymous.png","IsVisible":true},"200101":{"ID":200101,"ImagePath":"SpriteOutput/AvatarRoundIcon/Series/200101.png","IsVisible":true},"200102":{"ID":200102,"ImagePath":"SpriteOutput/AvatarRoundIcon/Series/200102.png","IsVisible":true},"200103":{"ID":200103,"ImagePath":"SpriteOutput/AvatarRoundIcon/Series/200103.png","IsVisible":true},"200104":{"ID":200104,"ImagePath":"SpriteOutput/AvatarRoundIcon/Series/200104.png","IsVisible":true},"200105":{"ID":200105,"ImagePath":"SpriteOutput/AvatarRoundIcon/Series/200105.png","IsVisible":true},"200106":{"ID":200106,"ImagePath":"SpriteOutput/AvatarRoundIcon/Series/200106.png","IsVisible":true},"202001":{"ID":202001,"ImagePath":"SpriteOutput/AvatarRoundIcon/Series/202001.png","IsVisible":true},"202002":{"ID":202002,"ImagePath":"SpriteOutput/AvatarRoundIcon/Series/202002.png","IsVisible":true},"202003":{"ID":202003,"ImagePath":"SpriteOutput/AvatarRoundIcon/Series/202003.png","IsVisible":true},"202004":{"ID":202004,"ImagePath":"SpriteOutput/AvatarRoundIcon/Series/202004.png","IsVisible":true},"202005":{"ID":202005,"ImagePath":"SpriteOutput/AvatarRoundIcon/Series/202005.png","IsVisible":true},"202006":{"ID":202006,"ImagePath":"SpriteOutput/AvatarRoundIcon/Series/202006.png","IsVisible":true}}