{"101":{"2":{"SetID":101,"RequireNum":2,"SkillDesc":"RelicDesc_1012","PropertyList":[{"LKOEFDPJGKD":"HealRatioBase","MBMDOCJIMEJ":{"Value":0.1}}],"AbilityName":"","AbilityParamList":[{"Value":0.1}]},"4":{"SetID":101,"RequireNum":4,"SkillDesc":"RelicDesc_1014","PropertyList":[],"AbilityName":"Ability51011","AbilityParamList":[]}},"102":{"2":{"SetID":102,"RequireNum":2,"SkillDesc":"RelicDesc_1022","PropertyList":[{"LKOEFDPJGKD":"AttackAddedRatio","MBMDOCJIMEJ":{"Value":0.12}}],"AbilityName":"","AbilityParamList":[{"Value":0.12}]},"4":{"SetID":102,"RequireNum":4,"SkillDesc":"RelicDesc_1024","PropertyList":[{"LKOEFDPJGKD":"SpeedAddedRatio","MBMDOCJIMEJ":{"Value":0.06}}],"AbilityName":"Ability51021","AbilityParamList":[{"Value":0.06},{"Value":0.1}]}},"103":{"2":{"SetID":103,"RequireNum":2,"SkillDesc":"RelicDesc_1032","PropertyList":[{"LKOEFDPJGKD":"DefenceAddedRatio","MBMDOCJIMEJ":{"Value":0.15}}],"AbilityName":"","AbilityParamList":[{"Value":0.15}]},"4":{"SetID":103,"RequireNum":4,"SkillDesc":"RelicDesc_1034","PropertyList":[],"AbilityName":"Ability51031","AbilityParamList":[{"Value":0.2}]}},"104":{"2":{"SetID":104,"RequireNum":2,"SkillDesc":"RelicDesc_1042","PropertyList":[{"LKOEFDPJGKD":"IceAddedRatio","MBMDOCJIMEJ":{"Value":0.1}}],"AbilityName":"","AbilityParamList":[{"Value":0.1}]},"4":{"SetID":104,"RequireNum":4,"SkillDesc":"RelicDesc_1044","PropertyList":[],"AbilityName":"Ability51041","AbilityParamList":[{"Value":0.25},{"Value":2}]}},"105":{"2":{"SetID":105,"RequireNum":2,"SkillDesc":"RelicDesc_1052","PropertyList":[{"LKOEFDPJGKD":"PhysicalAddedRatio","MBMDOCJIMEJ":{"Value":0.1}}],"AbilityName":"","AbilityParamList":[{"Value":0.1}]},"4":{"SetID":105,"RequireNum":4,"SkillDesc":"RelicDesc_1054","PropertyList":[],"AbilityName":"Ability51051","AbilityParamList":[{"Value":0.05},{"Value":5}]}},"106":{"2":{"SetID":106,"RequireNum":2,"SkillDesc":"RelicDesc_1062","PropertyList":[],"AbilityName":"Ability51060","AbilityParamList":[{"Value":0.08}]},"4":{"SetID":106,"RequireNum":4,"SkillDesc":"RelicDesc_1064","PropertyList":[],"AbilityName":"Ability51061","AbilityParamList":[{"Value":0.5},{"Value":0.08},{"Value":5}]}},"107":{"2":{"SetID":107,"RequireNum":2,"SkillDesc":"RelicDesc_1072","PropertyList":[{"LKOEFDPJGKD":"FireAddedRatio","MBMDOCJIMEJ":{"Value":0.1}}],"AbilityName":"","AbilityParamList":[{"Value":0.1}]},"4":{"SetID":107,"RequireNum":4,"SkillDesc":"RelicDesc_1074","PropertyList":[],"AbilityName":"Ability51071","AbilityParamList":[{"Value":0.12},{"Value":0.12}]}},"108":{"2":{"SetID":108,"RequireNum":2,"SkillDesc":"RelicDesc_1082","PropertyList":[{"LKOEFDPJGKD":"QuantumAddedRatio","MBMDOCJIMEJ":{"Value":0.1}}],"AbilityName":"","AbilityParamList":[{"Value":0.1}]},"4":{"SetID":108,"RequireNum":4,"SkillDesc":"RelicDesc_1084","PropertyList":[],"AbilityName":"Ability51081","AbilityParamList":[{"Value":0.1},{"Value":0.1}]}},"109":{"2":{"SetID":109,"RequireNum":2,"SkillDesc":"RelicDesc_1092","PropertyList":[{"LKOEFDPJGKD":"ThunderAddedRatio","MBMDOCJIMEJ":{"Value":0.1}}],"AbilityName":"","AbilityParamList":[{"Value":0.1}]},"4":{"SetID":109,"RequireNum":4,"SkillDesc":"RelicDesc_1094","PropertyList":[],"AbilityName":"Ability51091","AbilityParamList":[{"Value":0.2},{"Value":1}]}},"110":{"2":{"SetID":110,"RequireNum":2,"SkillDesc":"RelicDesc_1102","PropertyList":[{"LKOEFDPJGKD":"WindAddedRatio","MBMDOCJIMEJ":{"Value":0.1}}],"AbilityName":"","AbilityParamList":[{"Value":0.1}]},"4":{"SetID":110,"RequireNum":4,"SkillDesc":"RelicDesc_1104","PropertyList":[],"AbilityName":"Ability51101","AbilityParamList":[{"Value":0.25}]}},"111":{"2":{"SetID":111,"RequireNum":2,"SkillDesc":"RelicDesc_1112","PropertyList":[{"LKOEFDPJGKD":"BreakDamageAddedRatioBase","MBMDOCJIMEJ":{"Value":0.16}}],"AbilityName":"","AbilityParamList":[{"Value":0.16}]},"4":{"SetID":111,"RequireNum":4,"SkillDesc":"RelicDesc_1114","PropertyList":[{"LKOEFDPJGKD":"BreakDamageAddedRatioBase","MBMDOCJIMEJ":{"Value":0.16}}],"AbilityName":"Ability51111","AbilityParamList":[{"Value":0.16},{"Value":3}]}},"112":{"2":{"SetID":112,"RequireNum":2,"SkillDesc":"RelicDesc_1122","PropertyList":[{"LKOEFDPJGKD":"ImaginaryAddedRatio","MBMDOCJIMEJ":{"Value":0.1}}],"AbilityName":"","AbilityParamList":[{"Value":0.1}]},"4":{"SetID":112,"RequireNum":4,"SkillDesc":"RelicDesc_1124","PropertyList":[],"AbilityName":"Ability51121","AbilityParamList":[{"Value":0.1},{"Value":0.2}]}},"113":{"2":{"SetID":113,"RequireNum":2,"SkillDesc":"RelicDesc_1132","PropertyList":[{"LKOEFDPJGKD":"HPAddedRatio","MBMDOCJIMEJ":{"Value":0.12}}],"AbilityName":"","AbilityParamList":[{"Value":0.12}]},"4":{"SetID":113,"RequireNum":4,"SkillDesc":"RelicDesc_1134","PropertyList":[],"AbilityName":"Ability51131","AbilityParamList":[{"Value":0.08},{"Value":2},{"Value":2}]}},"114":{"2":{"SetID":114,"RequireNum":2,"SkillDesc":"RelicDesc_1142","PropertyList":[{"LKOEFDPJGKD":"SpeedAddedRatio","MBMDOCJIMEJ":{"Value":0.06}}],"AbilityName":"","AbilityParamList":[{"Value":0.06}]},"4":{"SetID":114,"RequireNum":4,"SkillDesc":"RelicDesc_1144","PropertyList":[],"AbilityName":"Ability51141","AbilityParamList":[{"Value":0.12},{"Value":1}]}},"115":{"2":{"SetID":115,"RequireNum":2,"SkillDesc":"RelicDesc_1152","PropertyList":[],"AbilityName":"Ability51150","AbilityParamList":[{"Value":0.2}]},"4":{"SetID":115,"RequireNum":4,"SkillDesc":"RelicDesc_1154","PropertyList":[],"AbilityName":"Ability51151","AbilityParamList":[{"Value":0.06},{"Value":8},{"Value":3}]}},"116":{"2":{"SetID":116,"RequireNum":2,"SkillDesc":"RelicDesc_1162","PropertyList":[{"LKOEFDPJGKD":"AttackAddedRatio","MBMDOCJIMEJ":{"Value":0.12}}],"AbilityName":"","AbilityParamList":[{"Value":0.12}]},"4":{"SetID":116,"RequireNum":4,"SkillDesc":"RelicDesc_1164","PropertyList":[],"AbilityName":"Ability51161","AbilityParamList":[{"Value":0.06},{"Value":3}]}},"117":{"2":{"SetID":117,"RequireNum":2,"SkillDesc":"RelicDesc_1172","PropertyList":[],"AbilityName":"Ability51170","AbilityParamList":[{"Value":0.12}]},"4":{"SetID":117,"RequireNum":4,"SkillDesc":"RelicDesc_1174","PropertyList":[{"LKOEFDPJGKD":"CriticalChanceBase","MBMDOCJIMEJ":{"Value":0.04}}],"AbilityName":"Ability51171","AbilityParamList":[{"Value":0.04},{"Value":0.08},{"Value":0.12},{"Value":2},{"Value":3},{"Value":1}]}},"118":{"2":{"SetID":118,"RequireNum":2,"SkillDesc":"RelicDesc_1182","PropertyList":[{"LKOEFDPJGKD":"BreakDamageAddedRatioBase","MBMDOCJIMEJ":{"Value":0.16}}],"AbilityName":"","AbilityParamList":[{"Value":0.16}]},"4":{"SetID":118,"RequireNum":4,"SkillDesc":"RelicDesc_1184","PropertyList":[],"AbilityName":"Ability51181","AbilityParamList":[{"Value":0.3},{"Value":2}]}},"119":{"2":{"SetID":119,"RequireNum":2,"SkillDesc":"RelicDesc_1192","PropertyList":[{"LKOEFDPJGKD":"BreakDamageAddedRatioBase","MBMDOCJIMEJ":{"Value":0.16}}],"AbilityName":"","AbilityParamList":[{"Value":0.16}]},"4":{"SetID":119,"RequireNum":4,"SkillDesc":"RelicDesc_1194","PropertyList":[],"AbilityName":"Ability51191","AbilityParamList":[{"Value":1.5},{"Value":2.5},{"Value":0.1},{"Value":0.15}]}},"120":{"2":{"SetID":120,"RequireNum":2,"SkillDesc":"RelicDesc_1202","PropertyList":[{"LKOEFDPJGKD":"AttackAddedRatio","MBMDOCJIMEJ":{"Value":0.12}}],"AbilityName":"","AbilityParamList":[{"Value":0.12}]},"4":{"SetID":120,"RequireNum":4,"SkillDesc":"RelicDesc_1204","PropertyList":[{"LKOEFDPJGKD":"CriticalChanceBase","MBMDOCJIMEJ":{"Value":0.06}}],"AbilityName":"Ability51201","AbilityParamList":[{"Value":0.06},{"Value":0.36},{"Value":1}]}},"121":{"2":{"SetID":121,"RequireNum":2,"SkillDesc":"RelicDesc_1212","PropertyList":[{"LKOEFDPJGKD":"SpeedAddedRatio","MBMDOCJIMEJ":{"Value":0.06}}],"AbilityName":"","AbilityParamList":[{"Value":0.06}]},"4":{"SetID":121,"RequireNum":4,"SkillDesc":"RelicDesc_1214","PropertyList":[],"AbilityName":"Ability51211","AbilityParamList":[{"Value":0.18},{"Value":2},{"Value":2}]}},"122":{"2":{"SetID":122,"RequireNum":2,"SkillDesc":"RelicDesc_1222","PropertyList":[{"LKOEFDPJGKD":"CriticalChanceBase","MBMDOCJIMEJ":{"Value":0.08}}],"AbilityName":"","AbilityParamList":[{"Value":0.08}]},"4":{"SetID":122,"RequireNum":4,"SkillDesc":"RelicDesc_1224","PropertyList":[],"AbilityName":"Ability51221","AbilityParamList":[{"Value":0.2},{"Value":0.25}]}},"123":{"2":{"SetID":123,"RequireNum":2,"SkillDesc":"RelicDesc_1232","PropertyList":[{"LKOEFDPJGKD":"AttackAddedRatio","MBMDOCJIMEJ":{"Value":0.12}}],"AbilityName":"","AbilityParamList":[{"Value":0.12}]},"4":{"SetID":123,"RequireNum":4,"SkillDesc":"RelicDesc_1234","PropertyList":[],"AbilityName":"Ability51231","AbilityParamList":[{"Value":0.06},{"Value":0.3},{"Value":2}]}},"124":{"2":{"SetID":124,"RequireNum":2,"SkillDesc":"RelicDesc_1242","PropertyList":[{"LKOEFDPJGKD":"QuantumAddedRatio","MBMDOCJIMEJ":{"Value":0.1}}],"AbilityName":"","AbilityParamList":[{"Value":0.1}]},"4":{"SetID":124,"RequireNum":4,"SkillDesc":"RelicDesc_1244","PropertyList":[{"LKOEFDPJGKD":"SpeedAddedRatio","MBMDOCJIMEJ":{"Value":-0.08}}],"AbilityName":"Ability51241","AbilityParamList":[{"Value":-0.08},{"Value":110},{"Value":95},{"Value":0.2},{"Value":0.32},{"Value":0.08}]}},"125":{"2":{"SetID":125,"RequireNum":2,"SkillDesc":"RelicDesc_1252","PropertyList":[{"LKOEFDPJGKD":"SpeedAddedRatio","MBMDOCJIMEJ":{"Value":0.06}}],"AbilityName":"","AbilityParamList":[{"Value":0.06}]},"4":{"SetID":125,"RequireNum":4,"SkillDesc":"RelicDesc_1254","PropertyList":[],"AbilityName":"Ability51251","AbilityParamList":[{"Value":0.06},{"Value":0.15},{"Value":2}]}},"126":{"2":{"SetID":126,"RequireNum":2,"SkillDesc":"RelicDesc_1262","PropertyList":[{"LKOEFDPJGKD":"CriticalDamageBase","MBMDOCJIMEJ":{"Value":0.16}}],"AbilityName":"","AbilityParamList":[{"Value":0.16}]},"4":{"SetID":126,"RequireNum":4,"SkillDesc":"RelicDesc_1264","PropertyList":[],"AbilityName":"Ability51261","AbilityParamList":[{"Value":2},{"Value":0.48},{"Value":1}]}},"301":{"2":{"SetID":301,"RequireNum":2,"SkillDesc":"RelicDesc_3012","PropertyList":[{"LKOEFDPJGKD":"AttackAddedRatio","MBMDOCJIMEJ":{"Value":0.12}}],"AbilityName":"Ability53011","AbilityParamList":[{"Value":0.12},{"Value":120},{"Value":0.12}]}},"302":{"2":{"SetID":302,"RequireNum":2,"SkillDesc":"RelicDesc_3022","PropertyList":[{"LKOEFDPJGKD":"HPAddedRatio","MBMDOCJIMEJ":{"Value":0.12}}],"AbilityName":"Ability53021","AbilityParamList":[{"Value":0.12},{"Value":120},{"Value":0.08}]}},"303":{"2":{"SetID":303,"RequireNum":2,"SkillDesc":"RelicDesc_3032","PropertyList":[{"LKOEFDPJGKD":"StatusProbabilityBase","MBMDOCJIMEJ":{"Value":0.1}}],"AbilityName":"Ability53031","AbilityParamList":[{"Value":0.1},{"Value":0.25},{"Value":0.25}]}},"304":{"2":{"SetID":304,"RequireNum":2,"SkillDesc":"RelicDesc_3042","PropertyList":[{"LKOEFDPJGKD":"DefenceAddedRatio","MBMDOCJIMEJ":{"Value":0.15}}],"AbilityName":"Ability53041","AbilityParamList":[{"Value":0.15},{"Value":0.5},{"Value":0.15}]}},"305":{"2":{"SetID":305,"RequireNum":2,"SkillDesc":"RelicDesc_3052","PropertyList":[{"LKOEFDPJGKD":"CriticalDamageBase","MBMDOCJIMEJ":{"Value":0.16}}],"AbilityName":"Ability53051","AbilityParamList":[{"Value":0.16},{"Value":1.2},{"Value":0.6}]}},"306":{"2":{"SetID":306,"RequireNum":2,"SkillDesc":"RelicDesc_3062","PropertyList":[{"LKOEFDPJGKD":"CriticalChanceBase","MBMDOCJIMEJ":{"Value":0.08}}],"AbilityName":"Ability53061","AbilityParamList":[{"Value":0.08},{"Value":0.5},{"Value":0.15}]}},"307":{"2":{"SetID":307,"RequireNum":2,"SkillDesc":"RelicDesc_3072","PropertyList":[{"LKOEFDPJGKD":"BreakDamageAddedRatioBase","MBMDOCJIMEJ":{"Value":0.16}}],"AbilityName":"Ability53071","AbilityParamList":[{"Value":0.16},{"Value":145},{"Value":0.2}]}},"308":{"2":{"SetID":308,"RequireNum":2,"SkillDesc":"RelicDesc_3082","PropertyList":[{"LKOEFDPJGKD":"SPRatioBase","MBMDOCJIMEJ":{"Value":0.05}}],"AbilityName":"Ability53081","AbilityParamList":[{"Value":0.05},{"Value":120},{"Value":0.4}]}},"309":{"2":{"SetID":309,"RequireNum":2,"SkillDesc":"RelicDesc_3092","PropertyList":[{"LKOEFDPJGKD":"CriticalChanceBase","MBMDOCJIMEJ":{"Value":0.08}}],"AbilityName":"Ability53091","AbilityParamList":[{"Value":0.08},{"Value":0.7},{"Value":0.2}]}},"310":{"2":{"SetID":310,"RequireNum":2,"SkillDesc":"RelicDesc_3102","PropertyList":[{"LKOEFDPJGKD":"StatusResistanceBase","MBMDOCJIMEJ":{"Value":0.1}}],"AbilityName":"Ability53101","AbilityParamList":[{"Value":0.1},{"Value":0.3},{"Value":0.1}]}},"311":{"2":{"SetID":311,"RequireNum":2,"SkillDesc":"RelicDesc_3112","PropertyList":[{"LKOEFDPJGKD":"AttackAddedRatio","MBMDOCJIMEJ":{"Value":0.12}}],"AbilityName":"Ability53111","AbilityParamList":[{"Value":0.12},{"Value":135},{"Value":160},{"Value":0.12},{"Value":0.18}]}},"312":{"2":{"SetID":312,"RequireNum":2,"SkillDesc":"RelicDesc_3122","PropertyList":[{"LKOEFDPJGKD":"SPRatioBase","MBMDOCJIMEJ":{"Value":0.05}}],"AbilityName":"Ability53121","AbilityParamList":[{"Value":0.05},{"Value":0.1}]}},"313":{"2":{"SetID":313,"RequireNum":2,"SkillDesc":"RelicDesc_3132","PropertyList":[{"LKOEFDPJGKD":"CriticalChanceBase","MBMDOCJIMEJ":{"Value":0.04}}],"AbilityName":"Ability53131","AbilityParamList":[{"Value":0.04},{"Value":10},{"Value":0.04}]}},"314":{"2":{"SetID":314,"RequireNum":2,"SkillDesc":"RelicDesc_3142","PropertyList":[{"LKOEFDPJGKD":"AttackAddedRatio","MBMDOCJIMEJ":{"Value":0.12}}],"AbilityName":"Ability53141","AbilityParamList":[{"Value":0.12},{"Value":0.12}]}},"315":{"2":{"SetID":315,"RequireNum":2,"SkillDesc":"RelicDesc_3152","PropertyList":[],"AbilityName":"Ability53151","AbilityParamList":[{"Value":5},{"Value":0.05},{"Value":0.25}]}},"316":{"2":{"SetID":316,"RequireNum":2,"SkillDesc":"RelicDesc_3162","PropertyList":[{"LKOEFDPJGKD":"SpeedAddedRatio","MBMDOCJIMEJ":{"Value":0.06}}],"AbilityName":"Ability53161","AbilityParamList":[{"Value":0.06},{"Value":0.4},{"Value":1}]}},"317":{"2":{"SetID":317,"RequireNum":2,"SkillDesc":"RelicDesc_3172","PropertyList":[{"LKOEFDPJGKD":"SPRatioBase","MBMDOCJIMEJ":{"Value":0.05}}],"AbilityName":"Ability53171","AbilityParamList":[{"Value":0.05},{"Value":0.12}]}},"318":{"2":{"SetID":318,"RequireNum":2,"SkillDesc":"RelicDesc_3182","PropertyList":[{"LKOEFDPJGKD":"CriticalDamageBase","MBMDOCJIMEJ":{"Value":0.16}}],"AbilityName":"Ability53181","AbilityParamList":[{"Value":0.16},{"Value":0.32}]}},"319":{"2":{"SetID":319,"RequireNum":2,"SkillDesc":"RelicDesc_3192","PropertyList":[{"LKOEFDPJGKD":"HPAddedRatio","MBMDOCJIMEJ":{"Value":0.12}}],"AbilityName":"Ability53191","AbilityParamList":[{"Value":0.12},{"Value":5000},{"Value":0.28}]}},"320":{"2":{"SetID":320,"RequireNum":2,"SkillDesc":"RelicDesc_3202","PropertyList":[{"LKOEFDPJGKD":"SpeedAddedRatio","MBMDOCJIMEJ":{"Value":0.06}}],"AbilityName":"Ability53201","AbilityParamList":[{"Value":0.06},{"Value":135},{"Value":180},{"Value":0.12},{"Value":0.2}]}},"321":{"2":{"SetID":321,"RequireNum":2,"SkillDesc":"RelicDesc_3212","PropertyList":[],"AbilityName":"Ability53211","AbilityParamList":[{"Value":0.09},{"Value":0.12},{"Value":4},{"Value":3}]}},"322":{"2":{"SetID":322,"RequireNum":2,"SkillDesc":"RelicDesc_3222","PropertyList":[{"LKOEFDPJGKD":"AttackAddedRatio","MBMDOCJIMEJ":{"Value":0.12}}],"AbilityName":"Ability53221","AbilityParamList":[{"Value":0.12},{"Value":2400},{"Value":3600},{"Value":0.12},{"Value":0.24}]}}}