{"21":{"1":{"GroupID":21,"AffixID":1,"Property":"HPDelta","BaseValue":{"Value":45.1584},"LevelAdd":{"Value":15.80544}}},"22":{"1":{"GroupID":22,"AffixID":1,"Property":"AttackDelta","BaseValue":{"Value":22.5792},"LevelAdd":{"Value":7.90272}}},"23":{"1":{"GroupID":23,"AffixID":1,"Property":"HPAddedRatio","BaseValue":{"Value":0.027648},"LevelAdd":{"Value":0.009677}},"2":{"GroupID":23,"AffixID":2,"Property":"AttackAddedRatio","BaseValue":{"Value":0.027648},"LevelAdd":{"Value":0.009677}},"3":{"GroupID":23,"AffixID":3,"Property":"DefenceAddedRatio","BaseValue":{"Value":0.034560002},"LevelAdd":{"Value":0.012096001}},"4":{"GroupID":23,"AffixID":4,"Property":"CriticalChanceBase","BaseValue":{"Value":0.020736001},"LevelAdd":{"Value":0.007258}},"5":{"GroupID":23,"AffixID":5,"Property":"CriticalDamageBase","BaseValue":{"Value":0.041472},"LevelAdd":{"Value":0.014515}},"6":{"GroupID":23,"AffixID":6,"Property":"HealRatioBase","BaseValue":{"Value":0.022118},"LevelAdd":{"Value":0.0077410005}},"7":{"GroupID":23,"AffixID":7,"Property":"StatusProbabilityBase","BaseValue":{"Value":0.027648},"LevelAdd":{"Value":0.009677}}},"24":{"1":{"GroupID":24,"AffixID":1,"Property":"HPAddedRatio","BaseValue":{"Value":0.027648},"LevelAdd":{"Value":0.009677}},"2":{"GroupID":24,"AffixID":2,"Property":"AttackAddedRatio","BaseValue":{"Value":0.027648},"LevelAdd":{"Value":0.009677}},"3":{"GroupID":24,"AffixID":3,"Property":"DefenceAddedRatio","BaseValue":{"Value":0.034560002},"LevelAdd":{"Value":0.012096001}},"4":{"GroupID":24,"AffixID":4,"Property":"SpeedDelta","BaseValue":{"Value":1.6128},"LevelAdd":{"Value":1}}},"25":{"1":{"GroupID":25,"AffixID":1,"Property":"HPAddedRatio","BaseValue":{"Value":0.027648},"LevelAdd":{"Value":0.009677}},"2":{"GroupID":25,"AffixID":2,"Property":"AttackAddedRatio","BaseValue":{"Value":0.027648},"LevelAdd":{"Value":0.009677}},"3":{"GroupID":25,"AffixID":3,"Property":"DefenceAddedRatio","BaseValue":{"Value":0.034560002},"LevelAdd":{"Value":0.012096001}},"4":{"GroupID":25,"AffixID":4,"Property":"PhysicalAddedRatio","BaseValue":{"Value":0.024883},"LevelAdd":{"Value":0.008709}},"5":{"GroupID":25,"AffixID":5,"Property":"FireAddedRatio","BaseValue":{"Value":0.024883},"LevelAdd":{"Value":0.008709}},"6":{"GroupID":25,"AffixID":6,"Property":"IceAddedRatio","BaseValue":{"Value":0.024883},"LevelAdd":{"Value":0.008709}},"7":{"GroupID":25,"AffixID":7,"Property":"ThunderAddedRatio","BaseValue":{"Value":0.024883},"LevelAdd":{"Value":0.008709}},"8":{"GroupID":25,"AffixID":8,"Property":"WindAddedRatio","BaseValue":{"Value":0.024883},"LevelAdd":{"Value":0.008709}},"9":{"GroupID":25,"AffixID":9,"Property":"QuantumAddedRatio","BaseValue":{"Value":0.024883},"LevelAdd":{"Value":0.008709}},"10":{"GroupID":25,"AffixID":10,"Property":"ImaginaryAddedRatio","BaseValue":{"Value":0.024883},"LevelAdd":{"Value":0.008709}}},"26":{"1":{"GroupID":26,"AffixID":1,"Property":"BreakDamageAddedRatioBase","BaseValue":{"Value":0.041472},"LevelAdd":{"Value":0.014515}},"2":{"GroupID":26,"AffixID":2,"Property":"SPRatioBase","BaseValue":{"Value":0.012442},"LevelAdd":{"Value":0.0043550003}},"3":{"GroupID":26,"AffixID":3,"Property":"HPAddedRatio","BaseValue":{"Value":0.027648},"LevelAdd":{"Value":0.009677}},"4":{"GroupID":26,"AffixID":4,"Property":"AttackAddedRatio","BaseValue":{"Value":0.027648},"LevelAdd":{"Value":0.009677}},"5":{"GroupID":26,"AffixID":5,"Property":"DefenceAddedRatio","BaseValue":{"Value":0.034560002},"LevelAdd":{"Value":0.012096001}}},"31":{"1":{"GroupID":31,"AffixID":1,"Property":"HPDelta","BaseValue":{"Value":67.7376},"LevelAdd":{"Value":23.70816}}},"32":{"1":{"GroupID":32,"AffixID":1,"Property":"AttackDelta","BaseValue":{"Value":33.8688},"LevelAdd":{"Value":11.85408}}},"33":{"1":{"GroupID":33,"AffixID":1,"Property":"HPAddedRatio","BaseValue":{"Value":0.041472},"LevelAdd":{"Value":0.014515}},"2":{"GroupID":33,"AffixID":2,"Property":"AttackAddedRatio","BaseValue":{"Value":0.041472},"LevelAdd":{"Value":0.014515}},"3":{"GroupID":33,"AffixID":3,"Property":"DefenceAddedRatio","BaseValue":{"Value":0.05184},"LevelAdd":{"Value":0.018144}},"4":{"GroupID":33,"AffixID":4,"Property":"CriticalChanceBase","BaseValue":{"Value":0.031104},"LevelAdd":{"Value":0.010886001}},"5":{"GroupID":33,"AffixID":5,"Property":"CriticalDamageBase","BaseValue":{"Value":0.062208},"LevelAdd":{"Value":0.021773001}},"6":{"GroupID":33,"AffixID":6,"Property":"HealRatioBase","BaseValue":{"Value":0.033178},"LevelAdd":{"Value":0.011612}},"7":{"GroupID":33,"AffixID":7,"Property":"StatusProbabilityBase","BaseValue":{"Value":0.041472},"LevelAdd":{"Value":0.014515}}},"34":{"1":{"GroupID":34,"AffixID":1,"Property":"HPAddedRatio","BaseValue":{"Value":0.041472},"LevelAdd":{"Value":0.014515}},"2":{"GroupID":34,"AffixID":2,"Property":"AttackAddedRatio","BaseValue":{"Value":0.041472},"LevelAdd":{"Value":0.014515}},"3":{"GroupID":34,"AffixID":3,"Property":"DefenceAddedRatio","BaseValue":{"Value":0.05184},"LevelAdd":{"Value":0.018144}},"4":{"GroupID":34,"AffixID":4,"Property":"SpeedDelta","BaseValue":{"Value":2.4192},"LevelAdd":{"Value":1}}},"35":{"1":{"GroupID":35,"AffixID":1,"Property":"HPAddedRatio","BaseValue":{"Value":0.041472},"LevelAdd":{"Value":0.014515}},"2":{"GroupID":35,"AffixID":2,"Property":"AttackAddedRatio","BaseValue":{"Value":0.041472},"LevelAdd":{"Value":0.014515}},"3":{"GroupID":35,"AffixID":3,"Property":"DefenceAddedRatio","BaseValue":{"Value":0.05184},"LevelAdd":{"Value":0.018144}},"4":{"GroupID":35,"AffixID":4,"Property":"PhysicalAddedRatio","BaseValue":{"Value":0.037325},"LevelAdd":{"Value":0.013064001}},"5":{"GroupID":35,"AffixID":5,"Property":"FireAddedRatio","BaseValue":{"Value":0.037325},"LevelAdd":{"Value":0.013064001}},"6":{"GroupID":35,"AffixID":6,"Property":"IceAddedRatio","BaseValue":{"Value":0.037325},"LevelAdd":{"Value":0.013064001}},"7":{"GroupID":35,"AffixID":7,"Property":"ThunderAddedRatio","BaseValue":{"Value":0.037325},"LevelAdd":{"Value":0.013064001}},"8":{"GroupID":35,"AffixID":8,"Property":"WindAddedRatio","BaseValue":{"Value":0.037325},"LevelAdd":{"Value":0.013064001}},"9":{"GroupID":35,"AffixID":9,"Property":"QuantumAddedRatio","BaseValue":{"Value":0.037325},"LevelAdd":{"Value":0.013064001}},"10":{"GroupID":35,"AffixID":10,"Property":"ImaginaryAddedRatio","BaseValue":{"Value":0.037325},"LevelAdd":{"Value":0.013064001}}},"36":{"1":{"GroupID":36,"AffixID":1,"Property":"BreakDamageAddedRatioBase","BaseValue":{"Value":0.062208},"LevelAdd":{"Value":0.021773001}},"2":{"GroupID":36,"AffixID":2,"Property":"SPRatioBase","BaseValue":{"Value":0.018662},"LevelAdd":{"Value":0.0065320004}},"3":{"GroupID":36,"AffixID":3,"Property":"HPAddedRatio","BaseValue":{"Value":0.041472},"LevelAdd":{"Value":0.014515}},"4":{"GroupID":36,"AffixID":4,"Property":"AttackAddedRatio","BaseValue":{"Value":0.041472},"LevelAdd":{"Value":0.014515}},"5":{"GroupID":36,"AffixID":5,"Property":"DefenceAddedRatio","BaseValue":{"Value":0.05184},"LevelAdd":{"Value":0.018144}}},"41":{"1":{"GroupID":41,"AffixID":1,"Property":"HPDelta","BaseValue":{"Value":90.3168},"LevelAdd":{"Value":31.61088}}},"42":{"1":{"GroupID":42,"AffixID":1,"Property":"AttackDelta","BaseValue":{"Value":45.1584},"LevelAdd":{"Value":15.80544}}},"43":{"1":{"GroupID":43,"AffixID":1,"Property":"HPAddedRatio","BaseValue":{"Value":0.055296},"LevelAdd":{"Value":0.019354}},"2":{"GroupID":43,"AffixID":2,"Property":"AttackAddedRatio","BaseValue":{"Value":0.055296},"LevelAdd":{"Value":0.019354}},"3":{"GroupID":43,"AffixID":3,"Property":"DefenceAddedRatio","BaseValue":{"Value":0.06912},"LevelAdd":{"Value":0.024192}},"4":{"GroupID":43,"AffixID":4,"Property":"CriticalChanceBase","BaseValue":{"Value":0.041472},"LevelAdd":{"Value":0.014515}},"5":{"GroupID":43,"AffixID":5,"Property":"CriticalDamageBase","BaseValue":{"Value":0.082944},"LevelAdd":{"Value":0.029029999}},"6":{"GroupID":43,"AffixID":6,"Property":"HealRatioBase","BaseValue":{"Value":0.044237},"LevelAdd":{"Value":0.015483}},"7":{"GroupID":43,"AffixID":7,"Property":"StatusProbabilityBase","BaseValue":{"Value":0.055296},"LevelAdd":{"Value":0.019354}}},"44":{"1":{"GroupID":44,"AffixID":1,"Property":"HPAddedRatio","BaseValue":{"Value":0.055296},"LevelAdd":{"Value":0.019354}},"2":{"GroupID":44,"AffixID":2,"Property":"AttackAddedRatio","BaseValue":{"Value":0.055296},"LevelAdd":{"Value":0.019354}},"3":{"GroupID":44,"AffixID":3,"Property":"DefenceAddedRatio","BaseValue":{"Value":0.06912},"LevelAdd":{"Value":0.024192}},"4":{"GroupID":44,"AffixID":4,"Property":"SpeedDelta","BaseValue":{"Value":3.2256},"LevelAdd":{"Value":1.1}}},"45":{"1":{"GroupID":45,"AffixID":1,"Property":"HPAddedRatio","BaseValue":{"Value":0.055296},"LevelAdd":{"Value":0.019354}},"2":{"GroupID":45,"AffixID":2,"Property":"AttackAddedRatio","BaseValue":{"Value":0.055296},"LevelAdd":{"Value":0.019354}},"3":{"GroupID":45,"AffixID":3,"Property":"DefenceAddedRatio","BaseValue":{"Value":0.06912},"LevelAdd":{"Value":0.024192}},"4":{"GroupID":45,"AffixID":4,"Property":"PhysicalAddedRatio","BaseValue":{"Value":0.049766},"LevelAdd":{"Value":0.017418}},"5":{"GroupID":45,"AffixID":5,"Property":"FireAddedRatio","BaseValue":{"Value":0.049766},"LevelAdd":{"Value":0.017418}},"6":{"GroupID":45,"AffixID":6,"Property":"IceAddedRatio","BaseValue":{"Value":0.049766},"LevelAdd":{"Value":0.017418}},"7":{"GroupID":45,"AffixID":7,"Property":"ThunderAddedRatio","BaseValue":{"Value":0.049766},"LevelAdd":{"Value":0.017418}},"8":{"GroupID":45,"AffixID":8,"Property":"WindAddedRatio","BaseValue":{"Value":0.049766},"LevelAdd":{"Value":0.017418}},"9":{"GroupID":45,"AffixID":9,"Property":"QuantumAddedRatio","BaseValue":{"Value":0.049766},"LevelAdd":{"Value":0.017418}},"10":{"GroupID":45,"AffixID":10,"Property":"ImaginaryAddedRatio","BaseValue":{"Value":0.049766},"LevelAdd":{"Value":0.017418}}},"46":{"1":{"GroupID":46,"AffixID":1,"Property":"BreakDamageAddedRatioBase","BaseValue":{"Value":0.082944},"LevelAdd":{"Value":0.029029999}},"2":{"GroupID":46,"AffixID":2,"Property":"SPRatioBase","BaseValue":{"Value":0.024883},"LevelAdd":{"Value":0.008709}},"3":{"GroupID":46,"AffixID":3,"Property":"HPAddedRatio","BaseValue":{"Value":0.055296},"LevelAdd":{"Value":0.019354}},"4":{"GroupID":46,"AffixID":4,"Property":"AttackAddedRatio","BaseValue":{"Value":0.055296},"LevelAdd":{"Value":0.019354}},"5":{"GroupID":46,"AffixID":5,"Property":"DefenceAddedRatio","BaseValue":{"Value":0.06912},"LevelAdd":{"Value":0.024192}}},"51":{"1":{"GroupID":51,"AffixID":1,"Property":"HPDelta","BaseValue":{"Value":112.896},"LevelAdd":{"Value":39.5136}}},"52":{"1":{"GroupID":52,"AffixID":1,"Property":"AttackDelta","BaseValue":{"Value":56.448},"LevelAdd":{"Value":19.7568}}},"53":{"1":{"GroupID":53,"AffixID":1,"Property":"HPAddedRatio","BaseValue":{"Value":0.06912},"LevelAdd":{"Value":0.024192}},"2":{"GroupID":53,"AffixID":2,"Property":"AttackAddedRatio","BaseValue":{"Value":0.06912},"LevelAdd":{"Value":0.024192}},"3":{"GroupID":53,"AffixID":3,"Property":"DefenceAddedRatio","BaseValue":{"Value":0.0864},"LevelAdd":{"Value":0.030240001}},"4":{"GroupID":53,"AffixID":4,"Property":"CriticalChanceBase","BaseValue":{"Value":0.05184},"LevelAdd":{"Value":0.018144}},"5":{"GroupID":53,"AffixID":5,"Property":"CriticalDamageBase","BaseValue":{"Value":0.10368},"LevelAdd":{"Value":0.036288}},"6":{"GroupID":53,"AffixID":6,"Property":"HealRatioBase","BaseValue":{"Value":0.055296},"LevelAdd":{"Value":0.019354}},"7":{"GroupID":53,"AffixID":7,"Property":"StatusProbabilityBase","BaseValue":{"Value":0.06912},"LevelAdd":{"Value":0.024192}}},"54":{"1":{"GroupID":54,"AffixID":1,"Property":"HPAddedRatio","BaseValue":{"Value":0.06912},"LevelAdd":{"Value":0.024192}},"2":{"GroupID":54,"AffixID":2,"Property":"AttackAddedRatio","BaseValue":{"Value":0.06912},"LevelAdd":{"Value":0.024192}},"3":{"GroupID":54,"AffixID":3,"Property":"DefenceAddedRatio","BaseValue":{"Value":0.0864},"LevelAdd":{"Value":0.030240001}},"4":{"GroupID":54,"AffixID":4,"Property":"SpeedDelta","BaseValue":{"Value":4.032},"LevelAdd":{"Value":1.4}}},"55":{"1":{"GroupID":55,"AffixID":1,"Property":"HPAddedRatio","BaseValue":{"Value":0.06912},"LevelAdd":{"Value":0.024192}},"2":{"GroupID":55,"AffixID":2,"Property":"AttackAddedRatio","BaseValue":{"Value":0.06912},"LevelAdd":{"Value":0.024192}},"3":{"GroupID":55,"AffixID":3,"Property":"DefenceAddedRatio","BaseValue":{"Value":0.0864},"LevelAdd":{"Value":0.030240001}},"4":{"GroupID":55,"AffixID":4,"Property":"PhysicalAddedRatio","BaseValue":{"Value":0.062208},"LevelAdd":{"Value":0.021773001}},"5":{"GroupID":55,"AffixID":5,"Property":"FireAddedRatio","BaseValue":{"Value":0.062208},"LevelAdd":{"Value":0.021773001}},"6":{"GroupID":55,"AffixID":6,"Property":"IceAddedRatio","BaseValue":{"Value":0.062208},"LevelAdd":{"Value":0.021773001}},"7":{"GroupID":55,"AffixID":7,"Property":"ThunderAddedRatio","BaseValue":{"Value":0.062208},"LevelAdd":{"Value":0.021773001}},"8":{"GroupID":55,"AffixID":8,"Property":"WindAddedRatio","BaseValue":{"Value":0.062208},"LevelAdd":{"Value":0.021773001}},"9":{"GroupID":55,"AffixID":9,"Property":"QuantumAddedRatio","BaseValue":{"Value":0.062208},"LevelAdd":{"Value":0.021773001}},"10":{"GroupID":55,"AffixID":10,"Property":"ImaginaryAddedRatio","BaseValue":{"Value":0.062208},"LevelAdd":{"Value":0.021773001}}},"56":{"1":{"GroupID":56,"AffixID":1,"Property":"BreakDamageAddedRatioBase","BaseValue":{"Value":0.10368},"LevelAdd":{"Value":0.036288}},"2":{"GroupID":56,"AffixID":2,"Property":"SPRatioBase","BaseValue":{"Value":0.031104},"LevelAdd":{"Value":0.010886001}},"3":{"GroupID":56,"AffixID":3,"Property":"HPAddedRatio","BaseValue":{"Value":0.06912},"LevelAdd":{"Value":0.024192}},"4":{"GroupID":56,"AffixID":4,"Property":"AttackAddedRatio","BaseValue":{"Value":0.06912},"LevelAdd":{"Value":0.024192}},"5":{"GroupID":56,"AffixID":5,"Property":"DefenceAddedRatio","BaseValue":{"Value":0.0864},"LevelAdd":{"Value":0.030240001}}},"433":{"1":{"GroupID":433,"AffixID":1,"Property":"DefenceAddedRatio","BaseValue":{"Value":0.06912},"LevelAdd":{"Value":0.024192}}},"434":{"1":{"GroupID":434,"AffixID":1,"Property":"CriticalChanceBase","BaseValue":{"Value":0.041472},"LevelAdd":{"Value":0.014515}}},"436":{"1":{"GroupID":436,"AffixID":1,"Property":"HealRatioBase","BaseValue":{"Value":0.044237},"LevelAdd":{"Value":0.015483}}},"441":{"1":{"GroupID":441,"AffixID":1,"Property":"HPAddedRatio","BaseValue":{"Value":0.055296},"LevelAdd":{"Value":0.019354}}},"443":{"1":{"GroupID":443,"AffixID":1,"Property":"DefenceAddedRatio","BaseValue":{"Value":0.06912},"LevelAdd":{"Value":0.024192}}}}