{"101":{"2":{"SetID":101,"RequireNum":2,"SkillDesc":"RelicDesc_1012","PropertyList":[{"MMBOIMOJODF":"HealRatioBase","BHLILFMLNEE":{"Value":0.10000000009313226}}],"AbilityName":"","AbilityParamList":[{"Value":0.10000000009313226}]},"4":{"SetID":101,"RequireNum":4,"SkillDesc":"RelicDesc_1014","PropertyList":[],"AbilityName":"Ability51011","AbilityParamList":[]}},"102":{"2":{"SetID":102,"RequireNum":2,"SkillDesc":"RelicDesc_1022","PropertyList":[{"MMBOIMOJODF":"AttackAddedRatio","BHLILFMLNEE":{"Value":0.12000000011175871}}],"AbilityName":"","AbilityParamList":[{"Value":0.12000000011175871}]},"4":{"SetID":102,"RequireNum":4,"SkillDesc":"RelicDesc_1024","PropertyList":[{"MMBOIMOJODF":"SpeedAddedRatio","BHLILFMLNEE":{"Value":0.060000000055879354}}],"AbilityName":"Ability51021","AbilityParamList":[{"Value":0.060000000055879354},{"Value":0.10000000009313226}]}},"103":{"2":{"SetID":103,"RequireNum":2,"SkillDesc":"RelicDesc_1032","PropertyList":[{"MMBOIMOJODF":"DefenceAddedRatio","BHLILFMLNEE":{"Value":0.1500000001396984}}],"AbilityName":"","AbilityParamList":[{"Value":0.1500000001396984}]},"4":{"SetID":103,"RequireNum":4,"SkillDesc":"RelicDesc_1034","PropertyList":[],"AbilityName":"Ability51031","AbilityParamList":[{"Value":0.20000000018626451}]}},"104":{"2":{"SetID":104,"RequireNum":2,"SkillDesc":"RelicDesc_1042","PropertyList":[{"MMBOIMOJODF":"IceAddedRatio","BHLILFMLNEE":{"Value":0.10000000009313226}}],"AbilityName":"","AbilityParamList":[{"Value":0.10000000009313226}]},"4":{"SetID":104,"RequireNum":4,"SkillDesc":"RelicDesc_1044","PropertyList":[],"AbilityName":"Ability51041","AbilityParamList":[{"Value":0.25000000023283064},{"Value":2}]}},"105":{"2":{"SetID":105,"RequireNum":2,"SkillDesc":"RelicDesc_1052","PropertyList":[{"MMBOIMOJODF":"PhysicalAddedRatio","BHLILFMLNEE":{"Value":0.10000000009313226}}],"AbilityName":"","AbilityParamList":[{"Value":0.10000000009313226}]},"4":{"SetID":105,"RequireNum":4,"SkillDesc":"RelicDesc_1054","PropertyList":[],"AbilityName":"Ability51051","AbilityParamList":[{"Value":0.05000000004656613},{"Value":5}]}},"106":{"2":{"SetID":106,"RequireNum":2,"SkillDesc":"RelicDesc_1062","PropertyList":[],"AbilityName":"Ability51060","AbilityParamList":[{"Value":0.0800000000745058}]},"4":{"SetID":106,"RequireNum":4,"SkillDesc":"RelicDesc_1064","PropertyList":[],"AbilityName":"Ability51061","AbilityParamList":[{"Value":0.5000000004656613},{"Value":0.0800000000745058},{"Value":5}]}},"107":{"2":{"SetID":107,"RequireNum":2,"SkillDesc":"RelicDesc_1072","PropertyList":[{"MMBOIMOJODF":"FireAddedRatio","BHLILFMLNEE":{"Value":0.10000000009313226}}],"AbilityName":"","AbilityParamList":[{"Value":0.10000000009313226}]},"4":{"SetID":107,"RequireNum":4,"SkillDesc":"RelicDesc_1074","PropertyList":[],"AbilityName":"Ability51071","AbilityParamList":[{"Value":0.12000000011175871},{"Value":0.12000000011175871}]}},"108":{"2":{"SetID":108,"RequireNum":2,"SkillDesc":"RelicDesc_1082","PropertyList":[{"MMBOIMOJODF":"QuantumAddedRatio","BHLILFMLNEE":{"Value":0.10000000009313226}}],"AbilityName":"","AbilityParamList":[{"Value":0.10000000009313226}]},"4":{"SetID":108,"RequireNum":4,"SkillDesc":"RelicDesc_1084","PropertyList":[],"AbilityName":"Ability51081","AbilityParamList":[{"Value":0.10000000009313226},{"Value":0.10000000009313226}]}},"109":{"2":{"SetID":109,"RequireNum":2,"SkillDesc":"RelicDesc_1092","PropertyList":[{"MMBOIMOJODF":"ThunderAddedRatio","BHLILFMLNEE":{"Value":0.10000000009313226}}],"AbilityName":"","AbilityParamList":[{"Value":0.10000000009313226}]},"4":{"SetID":109,"RequireNum":4,"SkillDesc":"RelicDesc_1094","PropertyList":[],"AbilityName":"Ability51091","AbilityParamList":[{"Value":0.20000000018626451},{"Value":1}]}},"110":{"2":{"SetID":110,"RequireNum":2,"SkillDesc":"RelicDesc_1102","PropertyList":[{"MMBOIMOJODF":"WindAddedRatio","BHLILFMLNEE":{"Value":0.10000000009313226}}],"AbilityName":"","AbilityParamList":[{"Value":0.10000000009313226}]},"4":{"SetID":110,"RequireNum":4,"SkillDesc":"RelicDesc_1104","PropertyList":[],"AbilityName":"Ability51101","AbilityParamList":[{"Value":0.25000000023283064}]}},"111":{"2":{"SetID":111,"RequireNum":2,"SkillDesc":"RelicDesc_1112","PropertyList":[{"MMBOIMOJODF":"BreakDamageAddedRatioBase","BHLILFMLNEE":{"Value":0.1600000001490116}}],"AbilityName":"","AbilityParamList":[{"Value":0.1600000001490116}]},"4":{"SetID":111,"RequireNum":4,"SkillDesc":"RelicDesc_1114","PropertyList":[{"MMBOIMOJODF":"BreakDamageAddedRatioBase","BHLILFMLNEE":{"Value":0.1600000001490116}}],"AbilityName":"Ability51111","AbilityParamList":[{"Value":0.1600000001490116},{"Value":3}]}},"112":{"2":{"SetID":112,"RequireNum":2,"SkillDesc":"RelicDesc_1122","PropertyList":[{"MMBOIMOJODF":"ImaginaryAddedRatio","BHLILFMLNEE":{"Value":0.10000000009313226}}],"AbilityName":"","AbilityParamList":[{"Value":0.10000000009313226}]},"4":{"SetID":112,"RequireNum":4,"SkillDesc":"RelicDesc_1124","PropertyList":[],"AbilityName":"Ability51121","AbilityParamList":[{"Value":0.10000000009313226},{"Value":0.20000000018626451}]}},"301":{"2":{"SetID":301,"RequireNum":2,"SkillDesc":"RelicDesc_3012","PropertyList":[{"MMBOIMOJODF":"AttackAddedRatio","BHLILFMLNEE":{"Value":0.12000000011175871}}],"AbilityName":"Ability53011","AbilityParamList":[{"Value":0.12000000011175871},{"Value":120},{"Value":0.12000000011175871}]}},"302":{"2":{"SetID":302,"RequireNum":2,"SkillDesc":"RelicDesc_3022","PropertyList":[{"MMBOIMOJODF":"HPAddedRatio","BHLILFMLNEE":{"Value":0.12000000011175871}}],"AbilityName":"Ability53021","AbilityParamList":[{"Value":0.12000000011175871},{"Value":120},{"Value":0.0800000000745058}]}},"303":{"2":{"SetID":303,"RequireNum":2,"SkillDesc":"RelicDesc_3032","PropertyList":[{"MMBOIMOJODF":"StatusProbabilityBase","BHLILFMLNEE":{"Value":0.10000000009313226}}],"AbilityName":"Ability53031","AbilityParamList":[{"Value":0.10000000009313226},{"Value":0.25000000023283064},{"Value":0.25000000023283064}]}},"304":{"2":{"SetID":304,"RequireNum":2,"SkillDesc":"RelicDesc_3042","PropertyList":[{"MMBOIMOJODF":"DefenceAddedRatio","BHLILFMLNEE":{"Value":0.1500000001396984}}],"AbilityName":"Ability53041","AbilityParamList":[{"Value":0.1500000001396984},{"Value":0.5000000004656613},{"Value":0.1500000001396984}]}},"305":{"2":{"SetID":305,"RequireNum":2,"SkillDesc":"RelicDesc_3052","PropertyList":[{"MMBOIMOJODF":"CriticalDamageBase","BHLILFMLNEE":{"Value":0.1600000001490116}}],"AbilityName":"Ability53051","AbilityParamList":[{"Value":0.1600000001490116},{"Value":1.2000000001862645},{"Value":0.6000000005587935}]}},"306":{"2":{"SetID":306,"RequireNum":2,"SkillDesc":"RelicDesc_3062","PropertyList":[{"MMBOIMOJODF":"CriticalChanceBase","BHLILFMLNEE":{"Value":0.0800000000745058}}],"AbilityName":"Ability53061","AbilityParamList":[{"Value":0.0800000000745058},{"Value":0.5000000004656613},{"Value":0.1500000001396984}]}},"307":{"2":{"SetID":307,"RequireNum":2,"SkillDesc":"RelicDesc_3072","PropertyList":[{"MMBOIMOJODF":"BreakDamageAddedRatioBase","BHLILFMLNEE":{"Value":0.1600000001490116}}],"AbilityName":"Ability53071","AbilityParamList":[{"Value":0.1600000001490116},{"Value":145},{"Value":0.20000000018626451}]}},"308":{"2":{"SetID":308,"RequireNum":2,"SkillDesc":"RelicDesc_3082","PropertyList":[{"MMBOIMOJODF":"SPRatioBase","BHLILFMLNEE":{"Value":0.05000000004656613}}],"AbilityName":"Ability53081","AbilityParamList":[{"Value":0.05000000004656613},{"Value":120},{"Value":0.40000000037252903}]}}}