{"HEAD":{"Type":"HEAD","BaseTypeText":{"Hash":1826268247},"BaseTypeIconPath":"SpriteOutput/UI/Avatar/Relic/IconRelicHead.png","ValidPropertyList":["HPDelta"]},"HAND":{"Type":"HAND","BaseTypeText":{"Hash":-2144127003},"BaseTypeIconPath":"SpriteOutput/UI/Avatar/Relic/IconRelicHands.png","ValidPropertyList":["AttackDelta"]},"BODY":{"Type":"BODY","BaseTypeText":{"Hash":1799740313},"BaseTypeIconPath":"SpriteOutput/UI/Avatar/Relic/IconRelicBody.png","ValidPropertyList":["HPAddedRatio","AttackAddedRatio","DefenceAddedRatio","CriticalChanceBase","CriticalDamageBase","HealRatioBase","StatusProbabilityBase"]},"FOOT":{"Type":"FOOT","BaseTypeText":{"Hash":1154536283},"BaseTypeIconPath":"SpriteOutput/UI/Avatar/Relic/IconRelicFoot.png","ValidPropertyList":["HPAddedRatio","AttackAddedRatio","DefenceAddedRatio","SpeedDelta"]},"NECK":{"Type":"NECK","BaseTypeText":{"Hash":1873322474},"BaseTypeIconPath":"SpriteOutput/UI/Avatar/Relic/IconRelicNeck.png","ValidPropertyList":["HPAddedRatio","AttackAddedRatio","DefenceAddedRatio","PhysicalAddedRatio","FireAddedRatio","IceAddedRatio","ThunderAddedRatio","WindAddedRatio","QuantumAddedRatio","ImaginaryAddedRatio"]},"OBJECT":{"Type":"OBJECT","BaseTypeText":{"Hash":74129613},"BaseTypeIconPath":"SpriteOutput/UI/Avatar/Relic/IconRelicGoods.png","ValidPropertyList":["BreakDamageAddedRatioBase","SPRatioBase","HPAddedRatio","AttackAddedRatio","DefenceAddedRatio"]},"Unknow":{"Type":"Unknow","BaseTypeText":{"Hash":371857150},"BaseTypeIconPath":"SpriteOutput/TabIcon/Common/AllIcon.png","ValidPropertyList":["HPDelta","AttackDelta","HPAddedRatio","AttackAddedRatio","DefenceAddedRatio","CriticalChanceBase","CriticalDamageBase","HealRatioBase","StatusProbabilityBase","SpeedDelta","PhysicalAddedRatio","FireAddedRatio","IceAddedRatio","ThunderAddedRatio","WindAddedRatio","QuantumAddedRatio","ImaginaryAddedRatio","BreakDamageAddedRatioBase","SPRatioBase"]}}