{"101":{"SetID":101,"SetSkillList":[2,4],"SetIconPath":"SpriteOutput/ItemIcon/71000.png","SetIconFigurePath":"SpriteOutput/ItemFigures/71000.png","SetName":{"Hash":17317659818484992751},"DisplayItemID":81014,"Release":true},"102":{"SetID":102,"SetSkillList":[2,4],"SetIconPath":"SpriteOutput/ItemIcon/71001.png","SetIconFigurePath":"SpriteOutput/ItemFigures/71001.png","SetName":{"Hash":15961209207711443438},"DisplayItemID":81024,"Release":true},"103":{"SetID":103,"SetSkillList":[2,4],"SetIconPath":"SpriteOutput/ItemIcon/71002.png","SetIconFigurePath":"SpriteOutput/ItemFigures/71002.png","SetName":{"Hash":7532735859300580911},"DisplayItemID":81034,"Release":true},"104":{"SetID":104,"SetSkillList":[2,4],"SetIconPath":"SpriteOutput/ItemIcon/71003.png","SetIconFigurePath":"SpriteOutput/ItemFigures/71003.png","SetName":{"Hash":12928675565868716780},"DisplayItemID":81044,"Release":true},"105":{"SetID":105,"SetSkillList":[2,4],"SetIconPath":"SpriteOutput/ItemIcon/71004.png","SetIconFigurePath":"SpriteOutput/ItemFigures/71004.png","SetName":{"Hash":5894179782703982789},"DisplayItemID":81054,"Release":true},"106":{"SetID":106,"SetSkillList":[2,4],"SetIconPath":"SpriteOutput/ItemIcon/71005.png","SetIconFigurePath":"SpriteOutput/ItemFigures/71005.png","SetName":{"Hash":4223996767174314776},"DisplayItemID":81064,"Release":true},"107":{"SetID":107,"SetSkillList":[2,4],"SetIconPath":"SpriteOutput/ItemIcon/71006.png","SetIconFigurePath":"SpriteOutput/ItemFigures/71006.png","SetName":{"Hash":691940696576807574},"DisplayItemID":81074,"Release":true},"108":{"SetID":108,"SetSkillList":[2,4],"SetIconPath":"SpriteOutput/ItemIcon/71007.png","SetIconFigurePath":"SpriteOutput/ItemFigures/71007.png","SetName":{"Hash":12009958091174901929},"DisplayItemID":81084,"Release":true},"109":{"SetID":109,"SetSkillList":[2,4],"SetIconPath":"SpriteOutput/ItemIcon/71008.png","SetIconFigurePath":"SpriteOutput/ItemFigures/71008.png","SetName":{"Hash":11118391870017519416},"DisplayItemID":81094,"Release":true},"110":{"SetID":110,"SetSkillList":[2,4],"SetIconPath":"SpriteOutput/ItemIcon/71009.png","SetIconFigurePath":"SpriteOutput/ItemFigures/71009.png","SetName":{"Hash":11614148559991448359},"DisplayItemID":81104,"Release":true},"111":{"SetID":111,"SetSkillList":[2,4],"SetIconPath":"SpriteOutput/ItemIcon/71010.png","SetIconFigurePath":"SpriteOutput/ItemFigures/71010.png","SetName":{"Hash":14403438609269745683},"DisplayItemID":81114,"Release":true},"112":{"SetID":112,"SetSkillList":[2,4],"SetIconPath":"SpriteOutput/ItemIcon/71011.png","SetIconFigurePath":"SpriteOutput/ItemFigures/71011.png","SetName":{"Hash":17213921005499068290},"DisplayItemID":81124,"Release":true},"113":{"SetID":113,"SetSkillList":[2,4],"SetIconPath":"SpriteOutput/ItemIcon/71020.png","SetIconFigurePath":"SpriteOutput/ItemFigures/71020.png","SetName":{"Hash":3641792320096875749},"DisplayItemID":81134,"Release":true},"114":{"SetID":114,"SetSkillList":[2,4],"SetIconPath":"SpriteOutput/ItemIcon/71021.png","SetIconFigurePath":"SpriteOutput/ItemFigures/71021.png","SetName":{"Hash":1311116816978843608},"DisplayItemID":81144,"Release":true},"115":{"SetID":115,"SetSkillList":[2,4],"SetIconPath":"SpriteOutput/ItemIcon/71024.png","SetIconFigurePath":"SpriteOutput/ItemFigures/71024.png","SetName":{"Hash":17320057363598581869},"DisplayItemID":81154,"Release":true},"116":{"SetID":116,"SetSkillList":[2,4],"SetIconPath":"SpriteOutput/ItemIcon/71025.png","SetIconFigurePath":"SpriteOutput/ItemFigures/71025.png","SetName":{"Hash":5130619865034866834},"DisplayItemID":81164,"Release":true},"117":{"SetID":117,"SetSkillList":[2,4],"SetIconPath":"SpriteOutput/ItemIcon/71028.png","SetIconFigurePath":"SpriteOutput/ItemFigures/71028.png","SetName":{"Hash":12065893464955771102},"DisplayItemID":81174,"Release":true},"118":{"SetID":118,"SetSkillList":[2,4],"SetIconPath":"SpriteOutput/ItemIcon/71029.png","SetIconFigurePath":"SpriteOutput/ItemFigures/71029.png","SetName":{"Hash":6302684422138455917},"DisplayItemID":81184,"Release":true},"119":{"SetID":119,"SetSkillList":[2,4],"SetIconPath":"SpriteOutput/ItemIcon/71032.png","SetIconFigurePath":"SpriteOutput/ItemFigures/71032.png","SetName":{"Hash":4739615311632545717},"DisplayItemID":81194,"Release":true},"120":{"SetID":120,"SetSkillList":[2,4],"SetIconPath":"SpriteOutput/ItemIcon/71033.png","SetIconFigurePath":"SpriteOutput/ItemFigures/71033.png","SetName":{"Hash":8500506346736322454},"DisplayItemID":81204,"Release":true},"121":{"SetID":121,"SetSkillList":[2,4],"SetIconPath":"SpriteOutput/ItemIcon/71038.png","SetIconFigurePath":"SpriteOutput/ItemFigures/71038.png","SetName":{"Hash":10100741507762479438},"DisplayItemID":81214,"Release":true},"122":{"SetID":122,"SetSkillList":[2,4],"SetIconPath":"SpriteOutput/ItemIcon/71039.png","SetIconFigurePath":"SpriteOutput/ItemFigures/71039.png","SetName":{"Hash":414811811168899919},"DisplayItemID":81224,"Release":true},"123":{"SetID":123,"SetSkillList":[2,4],"SetIconPath":"SpriteOutput/ItemIcon/71040.png","SetIconFigurePath":"SpriteOutput/ItemFigures/71040.png","SetName":{"Hash":13758328797608706513},"DisplayItemID":81234,"Release":true},"124":{"SetID":124,"SetSkillList":[2,4],"SetIconPath":"SpriteOutput/ItemIcon/71041.png","SetIconFigurePath":"SpriteOutput/ItemFigures/71041.png","SetName":{"Hash":16325994846712718880},"DisplayItemID":81244,"Release":true},"301":{"SetID":301,"SetSkillList":[2],"SetIconPath":"SpriteOutput/ItemIcon/71012.png","SetIconFigurePath":"SpriteOutput/ItemFigures/71012.png","SetName":{"Hash":14003867446772590285},"DisplayItemID":83014,"Release":true,"IsPlanarSuit":true},"302":{"SetID":302,"SetSkillList":[2],"SetIconPath":"SpriteOutput/ItemIcon/71013.png","SetIconFigurePath":"SpriteOutput/ItemFigures/71013.png","SetName":{"Hash":6868625933039604696},"DisplayItemID":83024,"Release":true,"IsPlanarSuit":true},"303":{"SetID":303,"SetSkillList":[2],"SetIconPath":"SpriteOutput/ItemIcon/71014.png","SetIconFigurePath":"SpriteOutput/ItemFigures/71014.png","SetName":{"Hash":989741355936164544},"DisplayItemID":83034,"Release":true,"IsPlanarSuit":true},"304":{"SetID":304,"SetSkillList":[2],"SetIconPath":"SpriteOutput/ItemIcon/71015.png","SetIconFigurePath":"SpriteOutput/ItemFigures/71015.png","SetName":{"Hash":10639231018487658915},"DisplayItemID":83044,"Release":true,"IsPlanarSuit":true},"305":{"SetID":305,"SetSkillList":[2],"SetIconPath":"SpriteOutput/ItemIcon/71016.png","SetIconFigurePath":"SpriteOutput/ItemFigures/71016.png","SetName":{"Hash":8982755420343676396},"DisplayItemID":83054,"Release":true,"IsPlanarSuit":true},"306":{"SetID":306,"SetSkillList":[2],"SetIconPath":"SpriteOutput/ItemIcon/71017.png","SetIconFigurePath":"SpriteOutput/ItemFigures/71017.png","SetName":{"Hash":3194948309824162272},"DisplayItemID":83064,"Release":true,"IsPlanarSuit":true},"307":{"SetID":307,"SetSkillList":[2],"SetIconPath":"SpriteOutput/ItemIcon/71018.png","SetIconFigurePath":"SpriteOutput/ItemFigures/71018.png","SetName":{"Hash":17176277519705745498},"DisplayItemID":83074,"Release":true,"IsPlanarSuit":true},"308":{"SetID":308,"SetSkillList":[2],"SetIconPath":"SpriteOutput/ItemIcon/71019.png","SetIconFigurePath":"SpriteOutput/ItemFigures/71019.png","SetName":{"Hash":8833244979311548502},"DisplayItemID":83084,"Release":true,"IsPlanarSuit":true},"309":{"SetID":309,"SetSkillList":[2],"SetIconPath":"SpriteOutput/ItemIcon/71022.png","SetIconFigurePath":"SpriteOutput/ItemFigures/71022.png","SetName":{"Hash":525651750430194848},"DisplayItemID":83094,"Release":true,"IsPlanarSuit":true},"310":{"SetID":310,"SetSkillList":[2],"SetIconPath":"SpriteOutput/ItemIcon/71023.png","SetIconFigurePath":"SpriteOutput/ItemFigures/71023.png","SetName":{"Hash":13569192194670210476},"DisplayItemID":83104,"Release":true,"IsPlanarSuit":true},"311":{"SetID":311,"SetSkillList":[2],"SetIconPath":"SpriteOutput/ItemIcon/71026.png","SetIconFigurePath":"SpriteOutput/ItemFigures/71026.png","SetName":{"Hash":2928814725522021336},"DisplayItemID":83114,"Release":true,"IsPlanarSuit":true},"312":{"SetID":312,"SetSkillList":[2],"SetIconPath":"SpriteOutput/ItemIcon/71027.png","SetIconFigurePath":"SpriteOutput/ItemFigures/71027.png","SetName":{"Hash":11738437496890465102},"DisplayItemID":83124,"Release":true,"IsPlanarSuit":true},"313":{"SetID":313,"SetSkillList":[2],"SetIconPath":"SpriteOutput/ItemIcon/71030.png","SetIconFigurePath":"SpriteOutput/ItemFigures/71030.png","SetName":{"Hash":2957863637225865446},"DisplayItemID":83134,"Release":true,"IsPlanarSuit":true},"314":{"SetID":314,"SetSkillList":[2],"SetIconPath":"SpriteOutput/ItemIcon/71031.png","SetIconFigurePath":"SpriteOutput/ItemFigures/71031.png","SetName":{"Hash":8338803565407837618},"DisplayItemID":83144,"Release":true,"IsPlanarSuit":true},"315":{"SetID":315,"SetSkillList":[2],"SetIconPath":"SpriteOutput/ItemIcon/71034.png","SetIconFigurePath":"SpriteOutput/ItemFigures/71034.png","SetName":{"Hash":9813302522411370912},"DisplayItemID":83154,"Release":true,"IsPlanarSuit":true},"316":{"SetID":316,"SetSkillList":[2],"SetIconPath":"SpriteOutput/ItemIcon/71035.png","SetIconFigurePath":"SpriteOutput/ItemFigures/71035.png","SetName":{"Hash":16917815488065231256},"DisplayItemID":83164,"Release":true,"IsPlanarSuit":true},"317":{"SetID":317,"SetSkillList":[2],"SetIconPath":"SpriteOutput/ItemIcon/71036.png","SetIconFigurePath":"SpriteOutput/ItemFigures/71036.png","SetName":{"Hash":3738598112399278588},"DisplayItemID":83174,"Release":true,"IsPlanarSuit":true},"318":{"SetID":318,"SetSkillList":[2],"SetIconPath":"SpriteOutput/ItemIcon/71037.png","SetIconFigurePath":"SpriteOutput/ItemFigures/71037.png","SetName":{"Hash":3323393705656643751},"DisplayItemID":83184,"Release":true,"IsPlanarSuit":true},"319":{"SetID":319,"SetSkillList":[2],"SetIconPath":"SpriteOutput/ItemIcon/71042.png","SetIconFigurePath":"SpriteOutput/ItemFigures/71042.png","SetName":{"Hash":14503171048665443744},"DisplayItemID":83194,"Release":true,"IsPlanarSuit":true},"320":{"SetID":320,"SetSkillList":[2],"SetIconPath":"SpriteOutput/ItemIcon/71043.png","SetIconFigurePath":"SpriteOutput/ItemFigures/71043.png","SetName":{"Hash":7856282007270664845},"DisplayItemID":83204,"Release":true,"IsPlanarSuit":true}}