{"21":{"1":{"GroupID":21,"AffixID":1,"Property":"HPDelta","BaseValue":{"Value":45.158399999840185},"LevelAdd":{"Value":15.805440000956878},"IsAvailable":true}},"22":{"1":{"GroupID":22,"AffixID":1,"Property":"AttackDelta","BaseValue":{"Value":22.579200000036508},"LevelAdd":{"Value":7.902720001293346},"IsAvailable":true}},"23":{"1":{"GroupID":23,"AffixID":1,"Property":"HPAddedRatio","BaseValue":{"Value":0.027648000279441476},"LevelAdd":{"Value":0.009677000343799591},"IsAvailable":true},"2":{"GroupID":23,"AffixID":2,"Property":"AttackAddedRatio","BaseValue":{"Value":0.027648000279441476},"LevelAdd":{"Value":0.009677000343799591},"IsAvailable":true},"3":{"GroupID":23,"AffixID":3,"Property":"DefenceAddedRatio","BaseValue":{"Value":0.03456000052392483},"LevelAdd":{"Value":0.012096000602468848},"IsAvailable":true},"4":{"GroupID":23,"AffixID":4,"Property":"CriticalChanceBase","BaseValue":{"Value":0.020736000733450055},"LevelAdd":{"Value":0.007258000085130334},"IsAvailable":true},"5":{"GroupID":23,"AffixID":5,"Property":"CriticalDamageBase","BaseValue":{"Value":0.04147200076840818},"LevelAdd":{"Value":0.014515000162646174},"IsAvailable":true},"6":{"GroupID":23,"AffixID":6,"Property":"HealRatioBase","BaseValue":{"Value":0.022118000080808997},"LevelAdd":{"Value":0.007741000270470977},"IsAvailable":true},"7":{"GroupID":23,"AffixID":7,"Property":"StatusProbabilityBase","BaseValue":{"Value":0.027648000279441476},"LevelAdd":{"Value":0.009677000343799591},"IsAvailable":true}},"24":{"1":{"GroupID":24,"AffixID":1,"Property":"HPAddedRatio","BaseValue":{"Value":0.027648000279441476},"LevelAdd":{"Value":0.009677000343799591},"IsAvailable":true},"2":{"GroupID":24,"AffixID":2,"Property":"AttackAddedRatio","BaseValue":{"Value":0.027648000279441476},"LevelAdd":{"Value":0.009677000343799591},"IsAvailable":true},"3":{"GroupID":24,"AffixID":3,"Property":"DefenceAddedRatio","BaseValue":{"Value":0.03456000052392483},"LevelAdd":{"Value":0.012096000602468848},"IsAvailable":true},"4":{"GroupID":24,"AffixID":4,"Property":"SpeedDelta","BaseValue":{"Value":1.6128000009339303},"LevelAdd":{"Value":1},"IsAvailable":true}},"25":{"1":{"GroupID":25,"AffixID":1,"Property":"HPAddedRatio","BaseValue":{"Value":0.027648000279441476},"LevelAdd":{"Value":0.009677000343799591},"IsAvailable":true},"2":{"GroupID":25,"AffixID":2,"Property":"AttackAddedRatio","BaseValue":{"Value":0.027648000279441476},"LevelAdd":{"Value":0.009677000343799591},"IsAvailable":true},"3":{"GroupID":25,"AffixID":3,"Property":"DefenceAddedRatio","BaseValue":{"Value":0.03456000052392483},"LevelAdd":{"Value":0.012096000602468848},"IsAvailable":true},"4":{"GroupID":25,"AffixID":4,"Property":"PhysicalAddedRatio","BaseValue":{"Value":0.024883000878617167},"LevelAdd":{"Value":0.008708999957889318},"IsAvailable":true},"5":{"GroupID":25,"AffixID":5,"Property":"FireAddedRatio","BaseValue":{"Value":0.024883000878617167},"LevelAdd":{"Value":0.008708999957889318},"IsAvailable":true},"6":{"GroupID":25,"AffixID":6,"Property":"IceAddedRatio","BaseValue":{"Value":0.024883000878617167},"LevelAdd":{"Value":0.008708999957889318},"IsAvailable":true},"7":{"GroupID":25,"AffixID":7,"Property":"ThunderAddedRatio","BaseValue":{"Value":0.024883000878617167},"LevelAdd":{"Value":0.008708999957889318},"IsAvailable":true},"8":{"GroupID":25,"AffixID":8,"Property":"WindAddedRatio","BaseValue":{"Value":0.024883000878617167},"LevelAdd":{"Value":0.008708999957889318},"IsAvailable":true},"9":{"GroupID":25,"AffixID":9,"Property":"QuantumAddedRatio","BaseValue":{"Value":0.024883000878617167},"LevelAdd":{"Value":0.008708999957889318},"IsAvailable":true},"10":{"GroupID":25,"AffixID":10,"Property":"ImaginaryAddedRatio","BaseValue":{"Value":0.024883000878617167},"LevelAdd":{"Value":0.008708999957889318},"IsAvailable":true}},"26":{"1":{"GroupID":26,"AffixID":1,"Property":"BreakDamageAddedRatioBase","BaseValue":{"Value":0.04147200076840818},"LevelAdd":{"Value":0.014515000162646174},"IsAvailable":true},"2":{"GroupID":26,"AffixID":2,"Property":"SPRatioBase","BaseValue":{"Value":0.01244200044311583},"LevelAdd":{"Value":0.004355000331997871},"IsAvailable":true},"3":{"GroupID":26,"AffixID":3,"Property":"HPAddedRatio","BaseValue":{"Value":0.027648000279441476},"LevelAdd":{"Value":0.009677000343799591},"IsAvailable":true},"4":{"GroupID":26,"AffixID":4,"Property":"AttackAddedRatio","BaseValue":{"Value":0.027648000279441476},"LevelAdd":{"Value":0.009677000343799591},"IsAvailable":true},"5":{"GroupID":26,"AffixID":5,"Property":"DefenceAddedRatio","BaseValue":{"Value":0.03456000052392483},"LevelAdd":{"Value":0.012096000602468848},"IsAvailable":true}},"31":{"1":{"GroupID":31,"AffixID":1,"Property":"HPDelta","BaseValue":{"Value":67.73760000057518},"LevelAdd":{"Value":23.70816000062041},"IsAvailable":true}},"32":{"1":{"GroupID":32,"AffixID":1,"Property":"AttackDelta","BaseValue":{"Value":33.868800000753254},"LevelAdd":{"Value":11.854080001125112},"IsAvailable":true}},"33":{"1":{"GroupID":33,"AffixID":1,"Property":"HPAddedRatio","BaseValue":{"Value":0.04147200076840818},"LevelAdd":{"Value":0.014515000162646174},"IsAvailable":true},"2":{"GroupID":33,"AffixID":2,"Property":"AttackAddedRatio","BaseValue":{"Value":0.04147200076840818},"LevelAdd":{"Value":0.014515000162646174},"IsAvailable":true},"3":{"GroupID":33,"AffixID":3,"Property":"DefenceAddedRatio","BaseValue":{"Value":0.05184000078588724},"LevelAdd":{"Value":0.018143999855965376},"IsAvailable":true},"4":{"GroupID":33,"AffixID":4,"Property":"CriticalChanceBase","BaseValue":{"Value":0.031104000052437186},"LevelAdd":{"Value":0.010886001167818904},"IsAvailable":true},"5":{"GroupID":33,"AffixID":5,"Property":"CriticalDamageBase","BaseValue":{"Value":0.06220800010487437},"LevelAdd":{"Value":0.02177300094626844},"IsAvailable":true},"6":{"GroupID":33,"AffixID":6,"Property":"HealRatioBase","BaseValue":{"Value":0.033178000478073955},"LevelAdd":{"Value":0.011612000409513712},"IsAvailable":true},"7":{"GroupID":33,"AffixID":7,"Property":"StatusProbabilityBase","BaseValue":{"Value":0.04147200076840818},"LevelAdd":{"Value":0.014515000162646174},"IsAvailable":true}},"34":{"1":{"GroupID":34,"AffixID":1,"Property":"HPAddedRatio","BaseValue":{"Value":0.04147200076840818},"LevelAdd":{"Value":0.014515000162646174},"IsAvailable":true},"2":{"GroupID":34,"AffixID":2,"Property":"AttackAddedRatio","BaseValue":{"Value":0.04147200076840818},"LevelAdd":{"Value":0.014515000162646174},"IsAvailable":true},"3":{"GroupID":34,"AffixID":3,"Property":"DefenceAddedRatio","BaseValue":{"Value":0.05184000078588724},"LevelAdd":{"Value":0.018143999855965376},"IsAvailable":true},"4":{"GroupID":34,"AffixID":4,"Property":"SpeedDelta","BaseValue":{"Value":2.4191999998874962},"LevelAdd":{"Value":1},"IsAvailable":true}},"35":{"1":{"GroupID":35,"AffixID":1,"Property":"HPAddedRatio","BaseValue":{"Value":0.04147200076840818},"LevelAdd":{"Value":0.014515000162646174},"IsAvailable":true},"2":{"GroupID":35,"AffixID":2,"Property":"AttackAddedRatio","BaseValue":{"Value":0.04147200076840818},"LevelAdd":{"Value":0.014515000162646174},"IsAvailable":true},"3":{"GroupID":35,"AffixID":3,"Property":"DefenceAddedRatio","BaseValue":{"Value":0.05184000078588724},"LevelAdd":{"Value":0.018143999855965376},"IsAvailable":true},"4":{"GroupID":35,"AffixID":4,"Property":"PhysicalAddedRatio","BaseValue":{"Value":0.037324999924749136},"LevelAdd":{"Value":0.01306400028988719},"IsAvailable":true},"5":{"GroupID":35,"AffixID":5,"Property":"FireAddedRatio","BaseValue":{"Value":0.037324999924749136},"LevelAdd":{"Value":0.01306400028988719},"IsAvailable":true},"6":{"GroupID":35,"AffixID":6,"Property":"IceAddedRatio","BaseValue":{"Value":0.037324999924749136},"LevelAdd":{"Value":0.01306400028988719},"IsAvailable":true},"7":{"GroupID":35,"AffixID":7,"Property":"ThunderAddedRatio","BaseValue":{"Value":0.037324999924749136},"LevelAdd":{"Value":0.01306400028988719},"IsAvailable":true},"8":{"GroupID":35,"AffixID":8,"Property":"WindAddedRatio","BaseValue":{"Value":0.037324999924749136},"LevelAdd":{"Value":0.01306400028988719},"IsAvailable":true},"9":{"GroupID":35,"AffixID":9,"Property":"QuantumAddedRatio","BaseValue":{"Value":0.037324999924749136},"LevelAdd":{"Value":0.01306400028988719},"IsAvailable":true},"10":{"GroupID":35,"AffixID":10,"Property":"ImaginaryAddedRatio","BaseValue":{"Value":0.037324999924749136},"LevelAdd":{"Value":0.01306400028988719},"IsAvailable":true}},"36":{"1":{"GroupID":36,"AffixID":1,"Property":"BreakDamageAddedRatioBase","BaseValue":{"Value":0.06220800010487437},"LevelAdd":{"Value":0.02177300094626844},"IsAvailable":true},"2":{"GroupID":36,"AffixID":2,"Property":"SPRatioBase","BaseValue":{"Value":0.018662000307813287},"LevelAdd":{"Value":0.006532000144943595},"IsAvailable":true},"3":{"GroupID":36,"AffixID":3,"Property":"HPAddedRatio","BaseValue":{"Value":0.04147200076840818},"LevelAdd":{"Value":0.014515000162646174},"IsAvailable":true},"4":{"GroupID":36,"AffixID":4,"Property":"AttackAddedRatio","BaseValue":{"Value":0.04147200076840818},"LevelAdd":{"Value":0.014515000162646174},"IsAvailable":true},"5":{"GroupID":36,"AffixID":5,"Property":"DefenceAddedRatio","BaseValue":{"Value":0.05184000078588724},"LevelAdd":{"Value":0.018143999855965376},"IsAvailable":true}},"41":{"1":{"GroupID":41,"AffixID":1,"Property":"HPDelta","BaseValue":{"Value":90.31680000037886},"LevelAdd":{"Value":31.610880001680925},"IsAvailable":true}},"42":{"1":{"GroupID":42,"AffixID":1,"Property":"AttackDelta","BaseValue":{"Value":45.158399999840185},"LevelAdd":{"Value":15.805440000956878},"IsAvailable":true}},"43":{"1":{"GroupID":43,"AffixID":1,"Property":"HPAddedRatio","BaseValue":{"Value":0.05529600055888295},"LevelAdd":{"Value":0.01935399998910725},"IsAvailable":true},"2":{"GroupID":43,"AffixID":2,"Property":"AttackAddedRatio","BaseValue":{"Value":0.05529600055888295},"LevelAdd":{"Value":0.01935399998910725},"IsAvailable":true},"3":{"GroupID":43,"AffixID":3,"Property":"DefenceAddedRatio","BaseValue":{"Value":0.0691199996508658},"LevelAdd":{"Value":0.024192000506445765},"IsAvailable":true},"4":{"GroupID":43,"AffixID":4,"Property":"CriticalChanceBase","BaseValue":{"Value":0.04147200076840818},"LevelAdd":{"Value":0.014515000162646174},"IsAvailable":true},"5":{"GroupID":43,"AffixID":5,"Property":"CriticalDamageBase","BaseValue":{"Value":0.08294400083832443},"LevelAdd":{"Value":0.029029999626800418},"IsAvailable":true},"6":{"GroupID":43,"AffixID":6,"Property":"HealRatioBase","BaseValue":{"Value":0.04423700016923249},"LevelAdd":{"Value":0.015483000548556447},"IsAvailable":true},"7":{"GroupID":43,"AffixID":7,"Property":"StatusProbabilityBase","BaseValue":{"Value":0.05529600055888295},"LevelAdd":{"Value":0.01935399998910725},"IsAvailable":true}},"44":{"1":{"GroupID":44,"AffixID":1,"Property":"HPAddedRatio","BaseValue":{"Value":0.05529600055888295},"LevelAdd":{"Value":0.01935399998910725},"IsAvailable":true},"2":{"GroupID":44,"AffixID":2,"Property":"AttackAddedRatio","BaseValue":{"Value":0.05529600055888295},"LevelAdd":{"Value":0.01935399998910725},"IsAvailable":true},"3":{"GroupID":44,"AffixID":3,"Property":"DefenceAddedRatio","BaseValue":{"Value":0.0691199996508658},"LevelAdd":{"Value":0.024192000506445765},"IsAvailable":true},"4":{"GroupID":44,"AffixID":4,"Property":"SpeedDelta","BaseValue":{"Value":3.225600000238046},"LevelAdd":{"Value":1.1000000000931323},"IsAvailable":true}},"45":{"1":{"GroupID":45,"AffixID":1,"Property":"HPAddedRatio","BaseValue":{"Value":0.05529600055888295},"LevelAdd":{"Value":0.01935399998910725},"IsAvailable":true},"2":{"GroupID":45,"AffixID":2,"Property":"AttackAddedRatio","BaseValue":{"Value":0.05529600055888295},"LevelAdd":{"Value":0.01935399998910725},"IsAvailable":true},"3":{"GroupID":45,"AffixID":3,"Property":"DefenceAddedRatio","BaseValue":{"Value":0.0691199996508658},"LevelAdd":{"Value":0.024192000506445765},"IsAvailable":true},"4":{"GroupID":45,"AffixID":4,"Property":"PhysicalAddedRatio","BaseValue":{"Value":0.04976600036025047},"LevelAdd":{"Value":0.017417999915778637},"IsAvailable":true},"5":{"GroupID":45,"AffixID":5,"Property":"FireAddedRatio","BaseValue":{"Value":0.04976600036025047},"LevelAdd":{"Value":0.017417999915778637},"IsAvailable":true},"6":{"GroupID":45,"AffixID":6,"Property":"IceAddedRatio","BaseValue":{"Value":0.04976600036025047},"LevelAdd":{"Value":0.017417999915778637},"IsAvailable":true},"7":{"GroupID":45,"AffixID":7,"Property":"ThunderAddedRatio","BaseValue":{"Value":0.04976600036025047},"LevelAdd":{"Value":0.017417999915778637},"IsAvailable":true},"8":{"GroupID":45,"AffixID":8,"Property":"WindAddedRatio","BaseValue":{"Value":0.04976600036025047},"LevelAdd":{"Value":0.017417999915778637},"IsAvailable":true},"9":{"GroupID":45,"AffixID":9,"Property":"QuantumAddedRatio","BaseValue":{"Value":0.04976600036025047},"LevelAdd":{"Value":0.017417999915778637},"IsAvailable":true},"10":{"GroupID":45,"AffixID":10,"Property":"ImaginaryAddedRatio","BaseValue":{"Value":0.04976600036025047},"LevelAdd":{"Value":0.017417999915778637},"IsAvailable":true}},"46":{"1":{"GroupID":46,"AffixID":1,"Property":"BreakDamageAddedRatioBase","BaseValue":{"Value":0.08294400083832443},"LevelAdd":{"Value":0.029029999626800418},"IsAvailable":true},"2":{"GroupID":46,"AffixID":2,"Property":"SPRatioBase","BaseValue":{"Value":0.024883000878617167},"LevelAdd":{"Value":0.008708999957889318},"IsAvailable":true},"3":{"GroupID":46,"AffixID":3,"Property":"HPAddedRatio","BaseValue":{"Value":0.05529600055888295},"LevelAdd":{"Value":0.01935399998910725},"IsAvailable":true},"4":{"GroupID":46,"AffixID":4,"Property":"AttackAddedRatio","BaseValue":{"Value":0.05529600055888295},"LevelAdd":{"Value":0.01935399998910725},"IsAvailable":true},"5":{"GroupID":46,"AffixID":5,"Property":"DefenceAddedRatio","BaseValue":{"Value":0.0691199996508658},"LevelAdd":{"Value":0.024192000506445765},"IsAvailable":true}},"51":{"1":{"GroupID":51,"AffixID":1,"Property":"HPDelta","BaseValue":{"Value":112.89600000041537},"LevelAdd":{"Value":39.513600000645965},"IsAvailable":true}},"52":{"1":{"GroupID":52,"AffixID":1,"Property":"AttackDelta","BaseValue":{"Value":56.44799999985844},"LevelAdd":{"Value":19.756800000788644},"IsAvailable":true}},"53":{"1":{"GroupID":53,"AffixID":1,"Property":"HPAddedRatio","BaseValue":{"Value":0.0691199996508658},"LevelAdd":{"Value":0.024192000506445765},"IsAvailable":true},"2":{"GroupID":53,"AffixID":2,"Property":"AttackAddedRatio","BaseValue":{"Value":0.0691199996508658},"LevelAdd":{"Value":0.024192000506445765},"IsAvailable":true},"3":{"GroupID":53,"AffixID":3,"Property":"DefenceAddedRatio","BaseValue":{"Value":0.08639999991282821},"LevelAdd":{"Value":0.030240000458434224},"IsAvailable":true},"4":{"GroupID":53,"AffixID":4,"Property":"CriticalChanceBase","BaseValue":{"Value":0.05184000078588724},"LevelAdd":{"Value":0.018143999855965376},"IsAvailable":true},"5":{"GroupID":53,"AffixID":5,"Property":"CriticalDamageBase","BaseValue":{"Value":0.10368000087328255},"LevelAdd":{"Value":0.03628800041042268},"IsAvailable":true},"6":{"GroupID":53,"AffixID":6,"Property":"HealRatioBase","BaseValue":{"Value":0.05529600055888295},"LevelAdd":{"Value":0.01935399998910725},"IsAvailable":true},"7":{"GroupID":53,"AffixID":7,"Property":"StatusProbabilityBase","BaseValue":{"Value":0.0691199996508658},"LevelAdd":{"Value":0.024192000506445765},"IsAvailable":true}},"54":{"1":{"GroupID":54,"AffixID":1,"Property":"HPAddedRatio","BaseValue":{"Value":0.0691199996508658},"LevelAdd":{"Value":0.024192000506445765},"IsAvailable":true},"2":{"GroupID":54,"AffixID":2,"Property":"AttackAddedRatio","BaseValue":{"Value":0.0691199996508658},"LevelAdd":{"Value":0.024192000506445765},"IsAvailable":true},"3":{"GroupID":54,"AffixID":3,"Property":"DefenceAddedRatio","BaseValue":{"Value":0.08639999991282821},"LevelAdd":{"Value":0.030240000458434224},"IsAvailable":true},"4":{"GroupID":54,"AffixID":4,"Property":"SpeedDelta","BaseValue":{"Value":4.031999999890104},"LevelAdd":{"Value":1.400000000372529},"IsAvailable":true}},"55":{"1":{"GroupID":55,"AffixID":1,"Property":"HPAddedRatio","BaseValue":{"Value":0.0691199996508658},"LevelAdd":{"Value":0.024192000506445765},"IsAvailable":true},"2":{"GroupID":55,"AffixID":2,"Property":"AttackAddedRatio","BaseValue":{"Value":0.0691199996508658},"LevelAdd":{"Value":0.024192000506445765},"IsAvailable":true},"3":{"GroupID":55,"AffixID":3,"Property":"DefenceAddedRatio","BaseValue":{"Value":0.08639999991282821},"LevelAdd":{"Value":0.030240000458434224},"IsAvailable":true},"4":{"GroupID":55,"AffixID":4,"Property":"PhysicalAddedRatio","BaseValue":{"Value":0.06220800010487437},"LevelAdd":{"Value":0.02177300094626844},"IsAvailable":true},"5":{"GroupID":55,"AffixID":5,"Property":"FireAddedRatio","BaseValue":{"Value":0.06220800010487437},"LevelAdd":{"Value":0.02177300094626844},"IsAvailable":true},"6":{"GroupID":55,"AffixID":6,"Property":"IceAddedRatio","BaseValue":{"Value":0.06220800010487437},"LevelAdd":{"Value":0.02177300094626844},"IsAvailable":true},"7":{"GroupID":55,"AffixID":7,"Property":"ThunderAddedRatio","BaseValue":{"Value":0.06220800010487437},"LevelAdd":{"Value":0.02177300094626844},"IsAvailable":true},"8":{"GroupID":55,"AffixID":8,"Property":"WindAddedRatio","BaseValue":{"Value":0.06220800010487437},"LevelAdd":{"Value":0.02177300094626844},"IsAvailable":true},"9":{"GroupID":55,"AffixID":9,"Property":"QuantumAddedRatio","BaseValue":{"Value":0.06220800010487437},"LevelAdd":{"Value":0.02177300094626844},"IsAvailable":true},"10":{"GroupID":55,"AffixID":10,"Property":"ImaginaryAddedRatio","BaseValue":{"Value":0.06220800010487437},"LevelAdd":{"Value":0.02177300094626844},"IsAvailable":true}},"56":{"1":{"GroupID":56,"AffixID":1,"Property":"BreakDamageAddedRatioBase","BaseValue":{"Value":0.10368000087328255},"LevelAdd":{"Value":0.03628800041042268},"IsAvailable":true},"2":{"GroupID":56,"AffixID":2,"Property":"SPRatioBase","BaseValue":{"Value":0.031104000052437186},"LevelAdd":{"Value":0.010886001167818904},"IsAvailable":true},"3":{"GroupID":56,"AffixID":3,"Property":"HPAddedRatio","BaseValue":{"Value":0.0691199996508658},"LevelAdd":{"Value":0.024192000506445765},"IsAvailable":true},"4":{"GroupID":56,"AffixID":4,"Property":"AttackAddedRatio","BaseValue":{"Value":0.0691199996508658},"LevelAdd":{"Value":0.024192000506445765},"IsAvailable":true},"5":{"GroupID":56,"AffixID":5,"Property":"DefenceAddedRatio","BaseValue":{"Value":0.08639999991282821},"LevelAdd":{"Value":0.030240000458434224},"IsAvailable":true}},"433":{"1":{"GroupID":433,"AffixID":1,"Property":"DefenceAddedRatio","BaseValue":{"Value":0.0691199996508658},"LevelAdd":{"Value":0.024192000506445765},"IsAvailable":true}},"434":{"1":{"GroupID":434,"AffixID":1,"Property":"CriticalChanceBase","BaseValue":{"Value":0.04147200076840818},"LevelAdd":{"Value":0.014515000162646174},"IsAvailable":true}},"436":{"1":{"GroupID":436,"AffixID":1,"Property":"HealRatioBase","BaseValue":{"Value":0.04423700016923249},"LevelAdd":{"Value":0.015483000548556447},"IsAvailable":true}},"441":{"1":{"GroupID":441,"AffixID":1,"Property":"HPAddedRatio","BaseValue":{"Value":0.05529600055888295},"LevelAdd":{"Value":0.01935399998910725},"IsAvailable":true}},"443":{"1":{"GroupID":443,"AffixID":1,"Property":"DefenceAddedRatio","BaseValue":{"Value":0.0691199996508658},"LevelAdd":{"Value":0.024192000506445765},"IsAvailable":true}}}