{"31011":{"ID":31011,"SetID":101,"Type":"HEAD","Rarity":"CombatPowerRelicRarity2","MainAffixGroup":21,"SubAffixGroup":2,"MaxLevel":6,"ExpType":1,"ExpProvide":300,"CoinCost":450,"Mode":"BASIC"},"31012":{"ID":31012,"SetID":101,"Type":"HAND","Rarity":"CombatPowerRelicRarity2","MainAffixGroup":22,"SubAffixGroup":2,"MaxLevel":6,"ExpType":1,"ExpProvide":300,"CoinCost":450,"Mode":"BASIC"},"31013":{"ID":31013,"SetID":101,"Type":"BODY","Rarity":"CombatPowerRelicRarity2","MainAffixGroup":23,"SubAffixGroup":2,"MaxLevel":6,"ExpType":1,"ExpProvide":300,"CoinCost":450,"Mode":"BASIC"},"31014":{"ID":31014,"SetID":101,"Type":"FOOT","Rarity":"CombatPowerRelicRarity2","MainAffixGroup":24,"SubAffixGroup":2,"MaxLevel":6,"ExpType":1,"ExpProvide":300,"CoinCost":450,"Mode":"BASIC"},"31021":{"ID":31021,"SetID":102,"Type":"HEAD","Rarity":"CombatPowerRelicRarity2","MainAffixGroup":21,"SubAffixGroup":2,"MaxLevel":6,"ExpType":1,"ExpProvide":300,"CoinCost":450,"Mode":"BASIC"},"31022":{"ID":31022,"SetID":102,"Type":"HAND","Rarity":"CombatPowerRelicRarity2","MainAffixGroup":22,"SubAffixGroup":2,"MaxLevel":6,"ExpType":1,"ExpProvide":300,"CoinCost":450,"Mode":"BASIC"},"31023":{"ID":31023,"SetID":102,"Type":"BODY","Rarity":"CombatPowerRelicRarity2","MainAffixGroup":23,"SubAffixGroup":2,"MaxLevel":6,"ExpType":1,"ExpProvide":300,"CoinCost":450,"Mode":"BASIC"},"31024":{"ID":31024,"SetID":102,"Type":"FOOT","Rarity":"CombatPowerRelicRarity2","MainAffixGroup":24,"SubAffixGroup":2,"MaxLevel":6,"ExpType":1,"ExpProvide":300,"CoinCost":450,"Mode":"BASIC"},"31031":{"ID":31031,"SetID":103,"Type":"HEAD","Rarity":"CombatPowerRelicRarity2","MainAffixGroup":21,"SubAffixGroup":2,"MaxLevel":6,"ExpType":1,"ExpProvide":300,"CoinCost":450,"Mode":"BASIC"},"31032":{"ID":31032,"SetID":103,"Type":"HAND","Rarity":"CombatPowerRelicRarity2","MainAffixGroup":22,"SubAffixGroup":2,"MaxLevel":6,"ExpType":1,"ExpProvide":300,"CoinCost":450,"Mode":"BASIC"},"31033":{"ID":31033,"SetID":103,"Type":"BODY","Rarity":"CombatPowerRelicRarity2","MainAffixGroup":23,"SubAffixGroup":2,"MaxLevel":6,"ExpType":1,"ExpProvide":300,"CoinCost":450,"Mode":"BASIC"},"31034":{"ID":31034,"SetID":103,"Type":"FOOT","Rarity":"CombatPowerRelicRarity2","MainAffixGroup":24,"SubAffixGroup":2,"MaxLevel":6,"ExpType":1,"ExpProvide":300,"CoinCost":450,"Mode":"BASIC"},"31041":{"ID":31041,"SetID":104,"Type":"HEAD","Rarity":"CombatPowerRelicRarity2","MainAffixGroup":21,"SubAffixGroup":2,"MaxLevel":6,"ExpType":1,"ExpProvide":300,"CoinCost":450,"Mode":"BASIC"},"31042":{"ID":31042,"SetID":104,"Type":"HAND","Rarity":"CombatPowerRelicRarity2","MainAffixGroup":22,"SubAffixGroup":2,"MaxLevel":6,"ExpType":1,"ExpProvide":300,"CoinCost":450,"Mode":"BASIC"},"31043":{"ID":31043,"SetID":104,"Type":"BODY","Rarity":"CombatPowerRelicRarity2","MainAffixGroup":23,"SubAffixGroup":2,"MaxLevel":6,"ExpType":1,"ExpProvide":300,"CoinCost":450,"Mode":"BASIC"},"31044":{"ID":31044,"SetID":104,"Type":"FOOT","Rarity":"CombatPowerRelicRarity2","MainAffixGroup":24,"SubAffixGroup":2,"MaxLevel":6,"ExpType":1,"ExpProvide":300,"CoinCost":450,"Mode":"BASIC"},"31051":{"ID":31051,"SetID":105,"Type":"HEAD","Rarity":"CombatPowerRelicRarity2","MainAffixGroup":21,"SubAffixGroup":2,"MaxLevel":6,"ExpType":1,"ExpProvide":300,"CoinCost":450,"Mode":"BASIC"},"31052":{"ID":31052,"SetID":105,"Type":"HAND","Rarity":"CombatPowerRelicRarity2","MainAffixGroup":22,"SubAffixGroup":2,"MaxLevel":6,"ExpType":1,"ExpProvide":300,"CoinCost":450,"Mode":"BASIC"},"31053":{"ID":31053,"SetID":105,"Type":"BODY","Rarity":"CombatPowerRelicRarity2","MainAffixGroup":23,"SubAffixGroup":2,"MaxLevel":6,"ExpType":1,"ExpProvide":300,"CoinCost":450,"Mode":"BASIC"},"31054":{"ID":31054,"SetID":105,"Type":"FOOT","Rarity":"CombatPowerRelicRarity2","MainAffixGroup":24,"SubAffixGroup":2,"MaxLevel":6,"ExpType":1,"ExpProvide":300,"CoinCost":450,"Mode":"BASIC"},"31061":{"ID":31061,"SetID":106,"Type":"HEAD","Rarity":"CombatPowerRelicRarity2","MainAffixGroup":21,"SubAffixGroup":2,"MaxLevel":6,"ExpType":1,"ExpProvide":300,"CoinCost":450,"Mode":"BASIC"},"31062":{"ID":31062,"SetID":106,"Type":"HAND","Rarity":"CombatPowerRelicRarity2","MainAffixGroup":22,"SubAffixGroup":2,"MaxLevel":6,"ExpType":1,"ExpProvide":300,"CoinCost":450,"Mode":"BASIC"},"31063":{"ID":31063,"SetID":106,"Type":"BODY","Rarity":"CombatPowerRelicRarity2","MainAffixGroup":23,"SubAffixGroup":2,"MaxLevel":6,"ExpType":1,"ExpProvide":300,"CoinCost":450,"Mode":"BASIC"},"31064":{"ID":31064,"SetID":106,"Type":"FOOT","Rarity":"CombatPowerRelicRarity2","MainAffixGroup":24,"SubAffixGroup":2,"MaxLevel":6,"ExpType":1,"ExpProvide":300,"CoinCost":450,"Mode":"BASIC"},"31071":{"ID":31071,"SetID":107,"Type":"HEAD","Rarity":"CombatPowerRelicRarity2","MainAffixGroup":21,"SubAffixGroup":2,"MaxLevel":6,"ExpType":1,"ExpProvide":300,"CoinCost":450,"Mode":"BASIC"},"31072":{"ID":31072,"SetID":107,"Type":"HAND","Rarity":"CombatPowerRelicRarity2","MainAffixGroup":22,"SubAffixGroup":2,"MaxLevel":6,"ExpType":1,"ExpProvide":300,"CoinCost":450,"Mode":"BASIC"},"31073":{"ID":31073,"SetID":107,"Type":"BODY","Rarity":"CombatPowerRelicRarity2","MainAffixGroup":23,"SubAffixGroup":2,"MaxLevel":6,"ExpType":1,"ExpProvide":300,"CoinCost":450,"Mode":"BASIC"},"31074":{"ID":31074,"SetID":107,"Type":"FOOT","Rarity":"CombatPowerRelicRarity2","MainAffixGroup":24,"SubAffixGroup":2,"MaxLevel":6,"ExpType":1,"ExpProvide":300,"CoinCost":450,"Mode":"BASIC"},"31081":{"ID":31081,"SetID":108,"Type":"HEAD","Rarity":"CombatPowerRelicRarity2","MainAffixGroup":21,"SubAffixGroup":2,"MaxLevel":6,"ExpType":1,"ExpProvide":300,"CoinCost":450,"Mode":"BASIC"},"31082":{"ID":31082,"SetID":108,"Type":"HAND","Rarity":"CombatPowerRelicRarity2","MainAffixGroup":22,"SubAffixGroup":2,"MaxLevel":6,"ExpType":1,"ExpProvide":300,"CoinCost":450,"Mode":"BASIC"},"31083":{"ID":31083,"SetID":108,"Type":"BODY","Rarity":"CombatPowerRelicRarity2","MainAffixGroup":23,"SubAffixGroup":2,"MaxLevel":6,"ExpType":1,"ExpProvide":300,"CoinCost":450,"Mode":"BASIC"},"31084":{"ID":31084,"SetID":108,"Type":"FOOT","Rarity":"CombatPowerRelicRarity2","MainAffixGroup":24,"SubAffixGroup":2,"MaxLevel":6,"ExpType":1,"ExpProvide":300,"CoinCost":450,"Mode":"BASIC"},"31091":{"ID":31091,"SetID":109,"Type":"HEAD","Rarity":"CombatPowerRelicRarity2","MainAffixGroup":21,"SubAffixGroup":2,"MaxLevel":6,"ExpType":1,"ExpProvide":300,"CoinCost":450,"Mode":"BASIC"},"31092":{"ID":31092,"SetID":109,"Type":"HAND","Rarity":"CombatPowerRelicRarity2","MainAffixGroup":22,"SubAffixGroup":2,"MaxLevel":6,"ExpType":1,"ExpProvide":300,"CoinCost":450,"Mode":"BASIC"},"31093":{"ID":31093,"SetID":109,"Type":"BODY","Rarity":"CombatPowerRelicRarity2","MainAffixGroup":23,"SubAffixGroup":2,"MaxLevel":6,"ExpType":1,"ExpProvide":300,"CoinCost":450,"Mode":"BASIC"},"31094":{"ID":31094,"SetID":109,"Type":"FOOT","Rarity":"CombatPowerRelicRarity2","MainAffixGroup":24,"SubAffixGroup":2,"MaxLevel":6,"ExpType":1,"ExpProvide":300,"CoinCost":450,"Mode":"BASIC"},"31101":{"ID":31101,"SetID":110,"Type":"HEAD","Rarity":"CombatPowerRelicRarity2","MainAffixGroup":21,"SubAffixGroup":2,"MaxLevel":6,"ExpType":1,"ExpProvide":300,"CoinCost":450,"Mode":"BASIC"},"31102":{"ID":31102,"SetID":110,"Type":"HAND","Rarity":"CombatPowerRelicRarity2","MainAffixGroup":22,"SubAffixGroup":2,"MaxLevel":6,"ExpType":1,"ExpProvide":300,"CoinCost":450,"Mode":"BASIC"},"31103":{"ID":31103,"SetID":110,"Type":"BODY","Rarity":"CombatPowerRelicRarity2","MainAffixGroup":23,"SubAffixGroup":2,"MaxLevel":6,"ExpType":1,"ExpProvide":300,"CoinCost":450,"Mode":"BASIC"},"31104":{"ID":31104,"SetID":110,"Type":"FOOT","Rarity":"CombatPowerRelicRarity2","MainAffixGroup":24,"SubAffixGroup":2,"MaxLevel":6,"ExpType":1,"ExpProvide":300,"CoinCost":450,"Mode":"BASIC"},"31111":{"ID":31111,"SetID":111,"Type":"HEAD","Rarity":"CombatPowerRelicRarity2","MainAffixGroup":21,"SubAffixGroup":2,"MaxLevel":6,"ExpType":1,"ExpProvide":300,"CoinCost":450,"Mode":"BASIC"},"31112":{"ID":31112,"SetID":111,"Type":"HAND","Rarity":"CombatPowerRelicRarity2","MainAffixGroup":22,"SubAffixGroup":2,"MaxLevel":6,"ExpType":1,"ExpProvide":300,"CoinCost":450,"Mode":"BASIC"},"31113":{"ID":31113,"SetID":111,"Type":"BODY","Rarity":"CombatPowerRelicRarity2","MainAffixGroup":23,"SubAffixGroup":2,"MaxLevel":6,"ExpType":1,"ExpProvide":300,"CoinCost":450,"Mode":"BASIC"},"31114":{"ID":31114,"SetID":111,"Type":"FOOT","Rarity":"CombatPowerRelicRarity2","MainAffixGroup":24,"SubAffixGroup":2,"MaxLevel":6,"ExpType":1,"ExpProvide":300,"CoinCost":450,"Mode":"BASIC"},"31121":{"ID":31121,"SetID":112,"Type":"HEAD","Rarity":"CombatPowerRelicRarity2","MainAffixGroup":21,"SubAffixGroup":2,"MaxLevel":6,"ExpType":1,"ExpProvide":300,"CoinCost":450,"Mode":"BASIC"},"31122":{"ID":31122,"SetID":112,"Type":"HAND","Rarity":"CombatPowerRelicRarity2","MainAffixGroup":22,"SubAffixGroup":2,"MaxLevel":6,"ExpType":1,"ExpProvide":300,"CoinCost":450,"Mode":"BASIC"},"31123":{"ID":31123,"SetID":112,"Type":"BODY","Rarity":"CombatPowerRelicRarity2","MainAffixGroup":23,"SubAffixGroup":2,"MaxLevel":6,"ExpType":1,"ExpProvide":300,"CoinCost":450,"Mode":"BASIC"},"31124":{"ID":31124,"SetID":112,"Type":"FOOT","Rarity":"CombatPowerRelicRarity2","MainAffixGroup":24,"SubAffixGroup":2,"MaxLevel":6,"ExpType":1,"ExpProvide":300,"CoinCost":450,"Mode":"BASIC"},"31131":{"ID":31131,"SetID":113,"Type":"HEAD","Rarity":"CombatPowerRelicRarity2","MainAffixGroup":21,"SubAffixGroup":2,"MaxLevel":6,"ExpType":1,"ExpProvide":300,"CoinCost":450,"Mode":"BASIC"},"31132":{"ID":31132,"SetID":113,"Type":"HAND","Rarity":"CombatPowerRelicRarity2","MainAffixGroup":22,"SubAffixGroup":2,"MaxLevel":6,"ExpType":1,"ExpProvide":300,"CoinCost":450,"Mode":"BASIC"},"31133":{"ID":31133,"SetID":113,"Type":"BODY","Rarity":"CombatPowerRelicRarity2","MainAffixGroup":23,"SubAffixGroup":2,"MaxLevel":6,"ExpType":1,"ExpProvide":300,"CoinCost":450,"Mode":"BASIC"},"31134":{"ID":31134,"SetID":113,"Type":"FOOT","Rarity":"CombatPowerRelicRarity2","MainAffixGroup":24,"SubAffixGroup":2,"MaxLevel":6,"ExpType":1,"ExpProvide":300,"CoinCost":450,"Mode":"BASIC"},"31141":{"ID":31141,"SetID":114,"Type":"HEAD","Rarity":"CombatPowerRelicRarity2","MainAffixGroup":21,"SubAffixGroup":2,"MaxLevel":6,"ExpType":1,"ExpProvide":300,"CoinCost":450,"Mode":"BASIC"},"31142":{"ID":31142,"SetID":114,"Type":"HAND","Rarity":"CombatPowerRelicRarity2","MainAffixGroup":22,"SubAffixGroup":2,"MaxLevel":6,"ExpType":1,"ExpProvide":300,"CoinCost":450,"Mode":"BASIC"},"31143":{"ID":31143,"SetID":114,"Type":"BODY","Rarity":"CombatPowerRelicRarity2","MainAffixGroup":23,"SubAffixGroup":2,"MaxLevel":6,"ExpType":1,"ExpProvide":300,"CoinCost":450,"Mode":"BASIC"},"31144":{"ID":31144,"SetID":114,"Type":"FOOT","Rarity":"CombatPowerRelicRarity2","MainAffixGroup":24,"SubAffixGroup":2,"MaxLevel":6,"ExpType":1,"ExpProvide":300,"CoinCost":450,"Mode":"BASIC"},"31151":{"ID":31151,"SetID":115,"Type":"HEAD","Rarity":"CombatPowerRelicRarity2","MainAffixGroup":21,"SubAffixGroup":2,"MaxLevel":6,"ExpType":1,"ExpProvide":300,"CoinCost":450,"Mode":"BASIC"},"31152":{"ID":31152,"SetID":115,"Type":"HAND","Rarity":"CombatPowerRelicRarity2","MainAffixGroup":22,"SubAffixGroup":2,"MaxLevel":6,"ExpType":1,"ExpProvide":300,"CoinCost":450,"Mode":"BASIC"},"31153":{"ID":31153,"SetID":115,"Type":"BODY","Rarity":"CombatPowerRelicRarity2","MainAffixGroup":23,"SubAffixGroup":2,"MaxLevel":6,"ExpType":1,"ExpProvide":300,"CoinCost":450,"Mode":"BASIC"},"31154":{"ID":31154,"SetID":115,"Type":"FOOT","Rarity":"CombatPowerRelicRarity2","MainAffixGroup":24,"SubAffixGroup":2,"MaxLevel":6,"ExpType":1,"ExpProvide":300,"CoinCost":450,"Mode":"BASIC"},"31161":{"ID":31161,"SetID":116,"Type":"HEAD","Rarity":"CombatPowerRelicRarity2","MainAffixGroup":21,"SubAffixGroup":2,"MaxLevel":6,"ExpType":1,"ExpProvide":300,"CoinCost":450,"Mode":"BASIC"},"31162":{"ID":31162,"SetID":116,"Type":"HAND","Rarity":"CombatPowerRelicRarity2","MainAffixGroup":22,"SubAffixGroup":2,"MaxLevel":6,"ExpType":1,"ExpProvide":300,"CoinCost":450,"Mode":"BASIC"},"31163":{"ID":31163,"SetID":116,"Type":"BODY","Rarity":"CombatPowerRelicRarity2","MainAffixGroup":23,"SubAffixGroup":2,"MaxLevel":6,"ExpType":1,"ExpProvide":300,"CoinCost":450,"Mode":"BASIC"},"31164":{"ID":31164,"SetID":116,"Type":"FOOT","Rarity":"CombatPowerRelicRarity2","MainAffixGroup":24,"SubAffixGroup":2,"MaxLevel":6,"ExpType":1,"ExpProvide":300,"CoinCost":450,"Mode":"BASIC"},"31171":{"ID":31171,"SetID":117,"Type":"HEAD","Rarity":"CombatPowerRelicRarity2","MainAffixGroup":21,"SubAffixGroup":2,"MaxLevel":6,"ExpType":1,"ExpProvide":300,"CoinCost":450,"Mode":"BASIC"},"31172":{"ID":31172,"SetID":117,"Type":"HAND","Rarity":"CombatPowerRelicRarity2","MainAffixGroup":22,"SubAffixGroup":2,"MaxLevel":6,"ExpType":1,"ExpProvide":300,"CoinCost":450,"Mode":"BASIC"},"31173":{"ID":31173,"SetID":117,"Type":"BODY","Rarity":"CombatPowerRelicRarity2","MainAffixGroup":23,"SubAffixGroup":2,"MaxLevel":6,"ExpType":1,"ExpProvide":300,"CoinCost":450,"Mode":"BASIC"},"31174":{"ID":31174,"SetID":117,"Type":"FOOT","Rarity":"CombatPowerRelicRarity2","MainAffixGroup":24,"SubAffixGroup":2,"MaxLevel":6,"ExpType":1,"ExpProvide":300,"CoinCost":450,"Mode":"BASIC"},"31181":{"ID":31181,"SetID":118,"Type":"HEAD","Rarity":"CombatPowerRelicRarity2","MainAffixGroup":21,"SubAffixGroup":2,"MaxLevel":6,"ExpType":1,"ExpProvide":300,"CoinCost":450,"Mode":"BASIC"},"31182":{"ID":31182,"SetID":118,"Type":"HAND","Rarity":"CombatPowerRelicRarity2","MainAffixGroup":22,"SubAffixGroup":2,"MaxLevel":6,"ExpType":1,"ExpProvide":300,"CoinCost":450,"Mode":"BASIC"},"31183":{"ID":31183,"SetID":118,"Type":"BODY","Rarity":"CombatPowerRelicRarity2","MainAffixGroup":23,"SubAffixGroup":2,"MaxLevel":6,"ExpType":1,"ExpProvide":300,"CoinCost":450,"Mode":"BASIC"},"31184":{"ID":31184,"SetID":118,"Type":"FOOT","Rarity":"CombatPowerRelicRarity2","MainAffixGroup":24,"SubAffixGroup":2,"MaxLevel":6,"ExpType":1,"ExpProvide":300,"CoinCost":450,"Mode":"BASIC"},"31191":{"ID":31191,"SetID":119,"Type":"HEAD","Rarity":"CombatPowerRelicRarity2","MainAffixGroup":21,"SubAffixGroup":2,"MaxLevel":6,"ExpType":1,"ExpProvide":300,"CoinCost":450,"Mode":"BASIC"},"31192":{"ID":31192,"SetID":119,"Type":"HAND","Rarity":"CombatPowerRelicRarity2","MainAffixGroup":22,"SubAffixGroup":2,"MaxLevel":6,"ExpType":1,"ExpProvide":300,"CoinCost":450,"Mode":"BASIC"},"31193":{"ID":31193,"SetID":119,"Type":"BODY","Rarity":"CombatPowerRelicRarity2","MainAffixGroup":23,"SubAffixGroup":2,"MaxLevel":6,"ExpType":1,"ExpProvide":300,"CoinCost":450,"Mode":"BASIC"},"31194":{"ID":31194,"SetID":119,"Type":"FOOT","Rarity":"CombatPowerRelicRarity2","MainAffixGroup":24,"SubAffixGroup":2,"MaxLevel":6,"ExpType":1,"ExpProvide":300,"CoinCost":450,"Mode":"BASIC"},"31201":{"ID":31201,"SetID":120,"Type":"HEAD","Rarity":"CombatPowerRelicRarity2","MainAffixGroup":21,"SubAffixGroup":2,"MaxLevel":6,"ExpType":1,"ExpProvide":300,"CoinCost":450,"Mode":"BASIC"},"31202":{"ID":31202,"SetID":120,"Type":"HAND","Rarity":"CombatPowerRelicRarity2","MainAffixGroup":22,"SubAffixGroup":2,"MaxLevel":6,"ExpType":1,"ExpProvide":300,"CoinCost":450,"Mode":"BASIC"},"31203":{"ID":31203,"SetID":120,"Type":"BODY","Rarity":"CombatPowerRelicRarity2","MainAffixGroup":23,"SubAffixGroup":2,"MaxLevel":6,"ExpType":1,"ExpProvide":300,"CoinCost":450,"Mode":"BASIC"},"31204":{"ID":31204,"SetID":120,"Type":"FOOT","Rarity":"CombatPowerRelicRarity2","MainAffixGroup":24,"SubAffixGroup":2,"MaxLevel":6,"ExpType":1,"ExpProvide":300,"CoinCost":450,"Mode":"BASIC"},"33015":{"ID":33015,"SetID":301,"Type":"NECK","Rarity":"CombatPowerRelicRarity2","MainAffixGroup":25,"SubAffixGroup":2,"MaxLevel":6,"ExpType":1,"ExpProvide":300,"CoinCost":450,"Mode":"BASIC"},"33016":{"ID":33016,"SetID":301,"Type":"OBJECT","Rarity":"CombatPowerRelicRarity2","MainAffixGroup":26,"SubAffixGroup":2,"MaxLevel":6,"ExpType":1,"ExpProvide":300,"CoinCost":450,"Mode":"BASIC"},"33025":{"ID":33025,"SetID":302,"Type":"NECK","Rarity":"CombatPowerRelicRarity2","MainAffixGroup":25,"SubAffixGroup":2,"MaxLevel":6,"ExpType":1,"ExpProvide":300,"CoinCost":450,"Mode":"BASIC"},"33026":{"ID":33026,"SetID":302,"Type":"OBJECT","Rarity":"CombatPowerRelicRarity2","MainAffixGroup":26,"SubAffixGroup":2,"MaxLevel":6,"ExpType":1,"ExpProvide":300,"CoinCost":450,"Mode":"BASIC"},"33035":{"ID":33035,"SetID":303,"Type":"NECK","Rarity":"CombatPowerRelicRarity2","MainAffixGroup":25,"SubAffixGroup":2,"MaxLevel":6,"ExpType":1,"ExpProvide":300,"CoinCost":450,"Mode":"BASIC"},"33036":{"ID":33036,"SetID":303,"Type":"OBJECT","Rarity":"CombatPowerRelicRarity2","MainAffixGroup":26,"SubAffixGroup":2,"MaxLevel":6,"ExpType":1,"ExpProvide":300,"CoinCost":450,"Mode":"BASIC"},"33045":{"ID":33045,"SetID":304,"Type":"NECK","Rarity":"CombatPowerRelicRarity2","MainAffixGroup":25,"SubAffixGroup":2,"MaxLevel":6,"ExpType":1,"ExpProvide":300,"CoinCost":450,"Mode":"BASIC"},"33046":{"ID":33046,"SetID":304,"Type":"OBJECT","Rarity":"CombatPowerRelicRarity2","MainAffixGroup":26,"SubAffixGroup":2,"MaxLevel":6,"ExpType":1,"ExpProvide":300,"CoinCost":450,"Mode":"BASIC"},"33055":{"ID":33055,"SetID":305,"Type":"NECK","Rarity":"CombatPowerRelicRarity2","MainAffixGroup":25,"SubAffixGroup":2,"MaxLevel":6,"ExpType":1,"ExpProvide":300,"CoinCost":450,"Mode":"BASIC"},"33056":{"ID":33056,"SetID":305,"Type":"OBJECT","Rarity":"CombatPowerRelicRarity2","MainAffixGroup":26,"SubAffixGroup":2,"MaxLevel":6,"ExpType":1,"ExpProvide":300,"CoinCost":450,"Mode":"BASIC"},"33065":{"ID":33065,"SetID":306,"Type":"NECK","Rarity":"CombatPowerRelicRarity2","MainAffixGroup":25,"SubAffixGroup":2,"MaxLevel":6,"ExpType":1,"ExpProvide":300,"CoinCost":450,"Mode":"BASIC"},"33066":{"ID":33066,"SetID":306,"Type":"OBJECT","Rarity":"CombatPowerRelicRarity2","MainAffixGroup":26,"SubAffixGroup":2,"MaxLevel":6,"ExpType":1,"ExpProvide":300,"CoinCost":450,"Mode":"BASIC"},"33075":{"ID":33075,"SetID":307,"Type":"NECK","Rarity":"CombatPowerRelicRarity2","MainAffixGroup":25,"SubAffixGroup":2,"MaxLevel":6,"ExpType":1,"ExpProvide":300,"CoinCost":450,"Mode":"BASIC"},"33076":{"ID":33076,"SetID":307,"Type":"OBJECT","Rarity":"CombatPowerRelicRarity2","MainAffixGroup":26,"SubAffixGroup":2,"MaxLevel":6,"ExpType":1,"ExpProvide":300,"CoinCost":450,"Mode":"BASIC"},"33085":{"ID":33085,"SetID":308,"Type":"NECK","Rarity":"CombatPowerRelicRarity2","MainAffixGroup":25,"SubAffixGroup":2,"MaxLevel":6,"ExpType":1,"ExpProvide":300,"CoinCost":450,"Mode":"BASIC"},"33086":{"ID":33086,"SetID":308,"Type":"OBJECT","Rarity":"CombatPowerRelicRarity2","MainAffixGroup":26,"SubAffixGroup":2,"MaxLevel":6,"ExpType":1,"ExpProvide":300,"CoinCost":450,"Mode":"BASIC"},"33095":{"ID":33095,"SetID":309,"Type":"NECK","Rarity":"CombatPowerRelicRarity2","MainAffixGroup":25,"SubAffixGroup":2,"MaxLevel":6,"ExpType":1,"ExpProvide":300,"CoinCost":450,"Mode":"BASIC"},"33096":{"ID":33096,"SetID":309,"Type":"OBJECT","Rarity":"CombatPowerRelicRarity2","MainAffixGroup":26,"SubAffixGroup":2,"MaxLevel":6,"ExpType":1,"ExpProvide":300,"CoinCost":450,"Mode":"BASIC"},"33105":{"ID":33105,"SetID":310,"Type":"NECK","Rarity":"CombatPowerRelicRarity2","MainAffixGroup":25,"SubAffixGroup":2,"MaxLevel":6,"ExpType":1,"ExpProvide":300,"CoinCost":450,"Mode":"BASIC"},"33106":{"ID":33106,"SetID":310,"Type":"OBJECT","Rarity":"CombatPowerRelicRarity2","MainAffixGroup":26,"SubAffixGroup":2,"MaxLevel":6,"ExpType":1,"ExpProvide":300,"CoinCost":450,"Mode":"BASIC"},"33115":{"ID":33115,"SetID":311,"Type":"NECK","Rarity":"CombatPowerRelicRarity2","MainAffixGroup":25,"SubAffixGroup":2,"MaxLevel":6,"ExpType":1,"ExpProvide":300,"CoinCost":450,"Mode":"BASIC"},"33116":{"ID":33116,"SetID":311,"Type":"OBJECT","Rarity":"CombatPowerRelicRarity2","MainAffixGroup":26,"SubAffixGroup":2,"MaxLevel":6,"ExpType":1,"ExpProvide":300,"CoinCost":450,"Mode":"BASIC"},"33125":{"ID":33125,"SetID":312,"Type":"NECK","Rarity":"CombatPowerRelicRarity2","MainAffixGroup":25,"SubAffixGroup":2,"MaxLevel":6,"ExpType":1,"ExpProvide":300,"CoinCost":450,"Mode":"BASIC"},"33126":{"ID":33126,"SetID":312,"Type":"OBJECT","Rarity":"CombatPowerRelicRarity2","MainAffixGroup":26,"SubAffixGroup":2,"MaxLevel":6,"ExpType":1,"ExpProvide":300,"CoinCost":450,"Mode":"BASIC"},"33135":{"ID":33135,"SetID":313,"Type":"NECK","Rarity":"CombatPowerRelicRarity2","MainAffixGroup":25,"SubAffixGroup":2,"MaxLevel":6,"ExpType":1,"ExpProvide":300,"CoinCost":450,"Mode":"BASIC"},"33136":{"ID":33136,"SetID":313,"Type":"OBJECT","Rarity":"CombatPowerRelicRarity2","MainAffixGroup":26,"SubAffixGroup":2,"MaxLevel":6,"ExpType":1,"ExpProvide":300,"CoinCost":450,"Mode":"BASIC"},"33145":{"ID":33145,"SetID":314,"Type":"NECK","Rarity":"CombatPowerRelicRarity2","MainAffixGroup":25,"SubAffixGroup":2,"MaxLevel":6,"ExpType":1,"ExpProvide":300,"CoinCost":450,"Mode":"BASIC"},"33146":{"ID":33146,"SetID":314,"Type":"OBJECT","Rarity":"CombatPowerRelicRarity2","MainAffixGroup":26,"SubAffixGroup":2,"MaxLevel":6,"ExpType":1,"ExpProvide":300,"CoinCost":450,"Mode":"BASIC"},"33155":{"ID":33155,"SetID":315,"Type":"NECK","Rarity":"CombatPowerRelicRarity2","MainAffixGroup":25,"SubAffixGroup":2,"MaxLevel":6,"ExpType":1,"ExpProvide":300,"CoinCost":450,"Mode":"BASIC"},"33156":{"ID":33156,"SetID":315,"Type":"OBJECT","Rarity":"CombatPowerRelicRarity2","MainAffixGroup":26,"SubAffixGroup":2,"MaxLevel":6,"ExpType":1,"ExpProvide":300,"CoinCost":450,"Mode":"BASIC"},"33165":{"ID":33165,"SetID":316,"Type":"NECK","Rarity":"CombatPowerRelicRarity2","MainAffixGroup":25,"SubAffixGroup":2,"MaxLevel":6,"ExpType":1,"ExpProvide":300,"CoinCost":450,"Mode":"BASIC"},"33166":{"ID":33166,"SetID":316,"Type":"OBJECT","Rarity":"CombatPowerRelicRarity2","MainAffixGroup":26,"SubAffixGroup":2,"MaxLevel":6,"ExpType":1,"ExpProvide":300,"CoinCost":450,"Mode":"BASIC"},"33175":{"ID":33175,"SetID":317,"Type":"NECK","Rarity":"CombatPowerRelicRarity2","MainAffixGroup":25,"SubAffixGroup":2,"MaxLevel":6,"ExpType":1,"ExpProvide":300,"CoinCost":450,"Mode":"BASIC"},"33176":{"ID":33176,"SetID":317,"Type":"OBJECT","Rarity":"CombatPowerRelicRarity2","MainAffixGroup":26,"SubAffixGroup":2,"MaxLevel":6,"ExpType":1,"ExpProvide":300,"CoinCost":450,"Mode":"BASIC"},"33185":{"ID":33185,"SetID":318,"Type":"NECK","Rarity":"CombatPowerRelicRarity2","MainAffixGroup":25,"SubAffixGroup":2,"MaxLevel":6,"ExpType":1,"ExpProvide":300,"CoinCost":450,"Mode":"BASIC"},"33186":{"ID":33186,"SetID":318,"Type":"OBJECT","Rarity":"CombatPowerRelicRarity2","MainAffixGroup":26,"SubAffixGroup":2,"MaxLevel":6,"ExpType":1,"ExpProvide":300,"CoinCost":450,"Mode":"BASIC"},"41011":{"ID":41011,"SetID":101,"Type":"HEAD","Rarity":"CombatPowerRelicRarity3","MainAffixGroup":31,"SubAffixGroup":3,"MaxLevel":9,"ExpType":2,"ExpProvide":500,"CoinCost":750,"Mode":"BASIC"},"41012":{"ID":41012,"SetID":101,"Type":"HAND","Rarity":"CombatPowerRelicRarity3","MainAffixGroup":32,"SubAffixGroup":3,"MaxLevel":9,"ExpType":2,"ExpProvide":500,"CoinCost":750,"Mode":"BASIC"},"41013":{"ID":41013,"SetID":101,"Type":"BODY","Rarity":"CombatPowerRelicRarity3","MainAffixGroup":33,"SubAffixGroup":3,"MaxLevel":9,"ExpType":2,"ExpProvide":500,"CoinCost":750,"Mode":"BASIC"},"41014":{"ID":41014,"SetID":101,"Type":"FOOT","Rarity":"CombatPowerRelicRarity3","MainAffixGroup":34,"SubAffixGroup":3,"MaxLevel":9,"ExpType":2,"ExpProvide":500,"CoinCost":750,"Mode":"BASIC"},"41021":{"ID":41021,"SetID":102,"Type":"HEAD","Rarity":"CombatPowerRelicRarity3","MainAffixGroup":31,"SubAffixGroup":3,"MaxLevel":9,"ExpType":2,"ExpProvide":500,"CoinCost":750,"Mode":"BASIC"},"41022":{"ID":41022,"SetID":102,"Type":"HAND","Rarity":"CombatPowerRelicRarity3","MainAffixGroup":32,"SubAffixGroup":3,"MaxLevel":9,"ExpType":2,"ExpProvide":500,"CoinCost":750,"Mode":"BASIC"},"41023":{"ID":41023,"SetID":102,"Type":"BODY","Rarity":"CombatPowerRelicRarity3","MainAffixGroup":33,"SubAffixGroup":3,"MaxLevel":9,"ExpType":2,"ExpProvide":500,"CoinCost":750,"Mode":"BASIC"},"41024":{"ID":41024,"SetID":102,"Type":"FOOT","Rarity":"CombatPowerRelicRarity3","MainAffixGroup":34,"SubAffixGroup":3,"MaxLevel":9,"ExpType":2,"ExpProvide":500,"CoinCost":750,"Mode":"BASIC"},"41031":{"ID":41031,"SetID":103,"Type":"HEAD","Rarity":"CombatPowerRelicRarity3","MainAffixGroup":31,"SubAffixGroup":3,"MaxLevel":9,"ExpType":2,"ExpProvide":500,"CoinCost":750,"Mode":"BASIC"},"41032":{"ID":41032,"SetID":103,"Type":"HAND","Rarity":"CombatPowerRelicRarity3","MainAffixGroup":32,"SubAffixGroup":3,"MaxLevel":9,"ExpType":2,"ExpProvide":500,"CoinCost":750,"Mode":"BASIC"},"41033":{"ID":41033,"SetID":103,"Type":"BODY","Rarity":"CombatPowerRelicRarity3","MainAffixGroup":33,"SubAffixGroup":3,"MaxLevel":9,"ExpType":2,"ExpProvide":500,"CoinCost":750,"Mode":"BASIC"},"41034":{"ID":41034,"SetID":103,"Type":"FOOT","Rarity":"CombatPowerRelicRarity3","MainAffixGroup":34,"SubAffixGroup":3,"MaxLevel":9,"ExpType":2,"ExpProvide":500,"CoinCost":750,"Mode":"BASIC"},"41041":{"ID":41041,"SetID":104,"Type":"HEAD","Rarity":"CombatPowerRelicRarity3","MainAffixGroup":31,"SubAffixGroup":3,"MaxLevel":9,"ExpType":2,"ExpProvide":500,"CoinCost":750,"Mode":"BASIC"},"41042":{"ID":41042,"SetID":104,"Type":"HAND","Rarity":"CombatPowerRelicRarity3","MainAffixGroup":32,"SubAffixGroup":3,"MaxLevel":9,"ExpType":2,"ExpProvide":500,"CoinCost":750,"Mode":"BASIC"},"41043":{"ID":41043,"SetID":104,"Type":"BODY","Rarity":"CombatPowerRelicRarity3","MainAffixGroup":33,"SubAffixGroup":3,"MaxLevel":9,"ExpType":2,"ExpProvide":500,"CoinCost":750,"Mode":"BASIC"},"41044":{"ID":41044,"SetID":104,"Type":"FOOT","Rarity":"CombatPowerRelicRarity3","MainAffixGroup":34,"SubAffixGroup":3,"MaxLevel":9,"ExpType":2,"ExpProvide":500,"CoinCost":750,"Mode":"BASIC"},"41051":{"ID":41051,"SetID":105,"Type":"HEAD","Rarity":"CombatPowerRelicRarity3","MainAffixGroup":31,"SubAffixGroup":3,"MaxLevel":9,"ExpType":2,"ExpProvide":500,"CoinCost":750,"Mode":"BASIC"},"41052":{"ID":41052,"SetID":105,"Type":"HAND","Rarity":"CombatPowerRelicRarity3","MainAffixGroup":32,"SubAffixGroup":3,"MaxLevel":9,"ExpType":2,"ExpProvide":500,"CoinCost":750,"Mode":"BASIC"},"41053":{"ID":41053,"SetID":105,"Type":"BODY","Rarity":"CombatPowerRelicRarity3","MainAffixGroup":33,"SubAffixGroup":3,"MaxLevel":9,"ExpType":2,"ExpProvide":500,"CoinCost":750,"Mode":"BASIC"},"41054":{"ID":41054,"SetID":105,"Type":"FOOT","Rarity":"CombatPowerRelicRarity3","MainAffixGroup":34,"SubAffixGroup":3,"MaxLevel":9,"ExpType":2,"ExpProvide":500,"CoinCost":750,"Mode":"BASIC"},"41061":{"ID":41061,"SetID":106,"Type":"HEAD","Rarity":"CombatPowerRelicRarity3","MainAffixGroup":31,"SubAffixGroup":3,"MaxLevel":9,"ExpType":2,"ExpProvide":500,"CoinCost":750,"Mode":"BASIC"},"41062":{"ID":41062,"SetID":106,"Type":"HAND","Rarity":"CombatPowerRelicRarity3","MainAffixGroup":32,"SubAffixGroup":3,"MaxLevel":9,"ExpType":2,"ExpProvide":500,"CoinCost":750,"Mode":"BASIC"},"41063":{"ID":41063,"SetID":106,"Type":"BODY","Rarity":"CombatPowerRelicRarity3","MainAffixGroup":33,"SubAffixGroup":3,"MaxLevel":9,"ExpType":2,"ExpProvide":500,"CoinCost":750,"Mode":"BASIC"},"41064":{"ID":41064,"SetID":106,"Type":"FOOT","Rarity":"CombatPowerRelicRarity3","MainAffixGroup":34,"SubAffixGroup":3,"MaxLevel":9,"ExpType":2,"ExpProvide":500,"CoinCost":750,"Mode":"BASIC"},"41071":{"ID":41071,"SetID":107,"Type":"HEAD","Rarity":"CombatPowerRelicRarity3","MainAffixGroup":31,"SubAffixGroup":3,"MaxLevel":9,"ExpType":2,"ExpProvide":500,"CoinCost":750,"Mode":"BASIC"},"41072":{"ID":41072,"SetID":107,"Type":"HAND","Rarity":"CombatPowerRelicRarity3","MainAffixGroup":32,"SubAffixGroup":3,"MaxLevel":9,"ExpType":2,"ExpProvide":500,"CoinCost":750,"Mode":"BASIC"},"41073":{"ID":41073,"SetID":107,"Type":"BODY","Rarity":"CombatPowerRelicRarity3","MainAffixGroup":33,"SubAffixGroup":3,"MaxLevel":9,"ExpType":2,"ExpProvide":500,"CoinCost":750,"Mode":"BASIC"},"41074":{"ID":41074,"SetID":107,"Type":"FOOT","Rarity":"CombatPowerRelicRarity3","MainAffixGroup":34,"SubAffixGroup":3,"MaxLevel":9,"ExpType":2,"ExpProvide":500,"CoinCost":750,"Mode":"BASIC"},"41081":{"ID":41081,"SetID":108,"Type":"HEAD","Rarity":"CombatPowerRelicRarity3","MainAffixGroup":31,"SubAffixGroup":3,"MaxLevel":9,"ExpType":2,"ExpProvide":500,"CoinCost":750,"Mode":"BASIC"},"41082":{"ID":41082,"SetID":108,"Type":"HAND","Rarity":"CombatPowerRelicRarity3","MainAffixGroup":32,"SubAffixGroup":3,"MaxLevel":9,"ExpType":2,"ExpProvide":500,"CoinCost":750,"Mode":"BASIC"},"41083":{"ID":41083,"SetID":108,"Type":"BODY","Rarity":"CombatPowerRelicRarity3","MainAffixGroup":33,"SubAffixGroup":3,"MaxLevel":9,"ExpType":2,"ExpProvide":500,"CoinCost":750,"Mode":"BASIC"},"41084":{"ID":41084,"SetID":108,"Type":"FOOT","Rarity":"CombatPowerRelicRarity3","MainAffixGroup":34,"SubAffixGroup":3,"MaxLevel":9,"ExpType":2,"ExpProvide":500,"CoinCost":750,"Mode":"BASIC"},"41091":{"ID":41091,"SetID":109,"Type":"HEAD","Rarity":"CombatPowerRelicRarity3","MainAffixGroup":31,"SubAffixGroup":3,"MaxLevel":9,"ExpType":2,"ExpProvide":500,"CoinCost":750,"Mode":"BASIC"},"41092":{"ID":41092,"SetID":109,"Type":"HAND","Rarity":"CombatPowerRelicRarity3","MainAffixGroup":32,"SubAffixGroup":3,"MaxLevel":9,"ExpType":2,"ExpProvide":500,"CoinCost":750,"Mode":"BASIC"},"41093":{"ID":41093,"SetID":109,"Type":"BODY","Rarity":"CombatPowerRelicRarity3","MainAffixGroup":33,"SubAffixGroup":3,"MaxLevel":9,"ExpType":2,"ExpProvide":500,"CoinCost":750,"Mode":"BASIC"},"41094":{"ID":41094,"SetID":109,"Type":"FOOT","Rarity":"CombatPowerRelicRarity3","MainAffixGroup":34,"SubAffixGroup":3,"MaxLevel":9,"ExpType":2,"ExpProvide":500,"CoinCost":750,"Mode":"BASIC"},"41101":{"ID":41101,"SetID":110,"Type":"HEAD","Rarity":"CombatPowerRelicRarity3","MainAffixGroup":31,"SubAffixGroup":3,"MaxLevel":9,"ExpType":2,"ExpProvide":500,"CoinCost":750,"Mode":"BASIC"},"41102":{"ID":41102,"SetID":110,"Type":"HAND","Rarity":"CombatPowerRelicRarity3","MainAffixGroup":32,"SubAffixGroup":3,"MaxLevel":9,"ExpType":2,"ExpProvide":500,"CoinCost":750,"Mode":"BASIC"},"41103":{"ID":41103,"SetID":110,"Type":"BODY","Rarity":"CombatPowerRelicRarity3","MainAffixGroup":33,"SubAffixGroup":3,"MaxLevel":9,"ExpType":2,"ExpProvide":500,"CoinCost":750,"Mode":"BASIC"},"41104":{"ID":41104,"SetID":110,"Type":"FOOT","Rarity":"CombatPowerRelicRarity3","MainAffixGroup":34,"SubAffixGroup":3,"MaxLevel":9,"ExpType":2,"ExpProvide":500,"CoinCost":750,"Mode":"BASIC"},"41111":{"ID":41111,"SetID":111,"Type":"HEAD","Rarity":"CombatPowerRelicRarity3","MainAffixGroup":31,"SubAffixGroup":3,"MaxLevel":9,"ExpType":2,"ExpProvide":500,"CoinCost":750,"Mode":"BASIC"},"41112":{"ID":41112,"SetID":111,"Type":"HAND","Rarity":"CombatPowerRelicRarity3","MainAffixGroup":32,"SubAffixGroup":3,"MaxLevel":9,"ExpType":2,"ExpProvide":500,"CoinCost":750,"Mode":"BASIC"},"41113":{"ID":41113,"SetID":111,"Type":"BODY","Rarity":"CombatPowerRelicRarity3","MainAffixGroup":33,"SubAffixGroup":3,"MaxLevel":9,"ExpType":2,"ExpProvide":500,"CoinCost":750,"Mode":"BASIC"},"41114":{"ID":41114,"SetID":111,"Type":"FOOT","Rarity":"CombatPowerRelicRarity3","MainAffixGroup":34,"SubAffixGroup":3,"MaxLevel":9,"ExpType":2,"ExpProvide":500,"CoinCost":750,"Mode":"BASIC"},"41121":{"ID":41121,"SetID":112,"Type":"HEAD","Rarity":"CombatPowerRelicRarity3","MainAffixGroup":31,"SubAffixGroup":3,"MaxLevel":9,"ExpType":2,"ExpProvide":500,"CoinCost":750,"Mode":"BASIC"},"41122":{"ID":41122,"SetID":112,"Type":"HAND","Rarity":"CombatPowerRelicRarity3","MainAffixGroup":32,"SubAffixGroup":3,"MaxLevel":9,"ExpType":2,"ExpProvide":500,"CoinCost":750,"Mode":"BASIC"},"41123":{"ID":41123,"SetID":112,"Type":"BODY","Rarity":"CombatPowerRelicRarity3","MainAffixGroup":33,"SubAffixGroup":3,"MaxLevel":9,"ExpType":2,"ExpProvide":500,"CoinCost":750,"Mode":"BASIC"},"41124":{"ID":41124,"SetID":112,"Type":"FOOT","Rarity":"CombatPowerRelicRarity3","MainAffixGroup":34,"SubAffixGroup":3,"MaxLevel":9,"ExpType":2,"ExpProvide":500,"CoinCost":750,"Mode":"BASIC"},"41131":{"ID":41131,"SetID":113,"Type":"HEAD","Rarity":"CombatPowerRelicRarity3","MainAffixGroup":31,"SubAffixGroup":3,"MaxLevel":9,"ExpType":2,"ExpProvide":500,"CoinCost":750,"Mode":"BASIC"},"41132":{"ID":41132,"SetID":113,"Type":"HAND","Rarity":"CombatPowerRelicRarity3","MainAffixGroup":32,"SubAffixGroup":3,"MaxLevel":9,"ExpType":2,"ExpProvide":500,"CoinCost":750,"Mode":"BASIC"},"41133":{"ID":41133,"SetID":113,"Type":"BODY","Rarity":"CombatPowerRelicRarity3","MainAffixGroup":33,"SubAffixGroup":3,"MaxLevel":9,"ExpType":2,"ExpProvide":500,"CoinCost":750,"Mode":"BASIC"},"41134":{"ID":41134,"SetID":113,"Type":"FOOT","Rarity":"CombatPowerRelicRarity3","MainAffixGroup":34,"SubAffixGroup":3,"MaxLevel":9,"ExpType":2,"ExpProvide":500,"CoinCost":750,"Mode":"BASIC"},"41141":{"ID":41141,"SetID":114,"Type":"HEAD","Rarity":"CombatPowerRelicRarity3","MainAffixGroup":31,"SubAffixGroup":3,"MaxLevel":9,"ExpType":2,"ExpProvide":500,"CoinCost":750,"Mode":"BASIC"},"41142":{"ID":41142,"SetID":114,"Type":"HAND","Rarity":"CombatPowerRelicRarity3","MainAffixGroup":32,"SubAffixGroup":3,"MaxLevel":9,"ExpType":2,"ExpProvide":500,"CoinCost":750,"Mode":"BASIC"},"41143":{"ID":41143,"SetID":114,"Type":"BODY","Rarity":"CombatPowerRelicRarity3","MainAffixGroup":33,"SubAffixGroup":3,"MaxLevel":9,"ExpType":2,"ExpProvide":500,"CoinCost":750,"Mode":"BASIC"},"41144":{"ID":41144,"SetID":114,"Type":"FOOT","Rarity":"CombatPowerRelicRarity3","MainAffixGroup":34,"SubAffixGroup":3,"MaxLevel":9,"ExpType":2,"ExpProvide":500,"CoinCost":750,"Mode":"BASIC"},"41151":{"ID":41151,"SetID":115,"Type":"HEAD","Rarity":"CombatPowerRelicRarity3","MainAffixGroup":31,"SubAffixGroup":3,"MaxLevel":9,"ExpType":2,"ExpProvide":500,"CoinCost":750,"Mode":"BASIC"},"41152":{"ID":41152,"SetID":115,"Type":"HAND","Rarity":"CombatPowerRelicRarity3","MainAffixGroup":32,"SubAffixGroup":3,"MaxLevel":9,"ExpType":2,"ExpProvide":500,"CoinCost":750,"Mode":"BASIC"},"41153":{"ID":41153,"SetID":115,"Type":"BODY","Rarity":"CombatPowerRelicRarity3","MainAffixGroup":33,"SubAffixGroup":3,"MaxLevel":9,"ExpType":2,"ExpProvide":500,"CoinCost":750,"Mode":"BASIC"},"41154":{"ID":41154,"SetID":115,"Type":"FOOT","Rarity":"CombatPowerRelicRarity3","MainAffixGroup":34,"SubAffixGroup":3,"MaxLevel":9,"ExpType":2,"ExpProvide":500,"CoinCost":750,"Mode":"BASIC"},"41161":{"ID":41161,"SetID":116,"Type":"HEAD","Rarity":"CombatPowerRelicRarity3","MainAffixGroup":31,"SubAffixGroup":3,"MaxLevel":9,"ExpType":2,"ExpProvide":500,"CoinCost":750,"Mode":"BASIC"},"41162":{"ID":41162,"SetID":116,"Type":"HAND","Rarity":"CombatPowerRelicRarity3","MainAffixGroup":32,"SubAffixGroup":3,"MaxLevel":9,"ExpType":2,"ExpProvide":500,"CoinCost":750,"Mode":"BASIC"},"41163":{"ID":41163,"SetID":116,"Type":"BODY","Rarity":"CombatPowerRelicRarity3","MainAffixGroup":33,"SubAffixGroup":3,"MaxLevel":9,"ExpType":2,"ExpProvide":500,"CoinCost":750,"Mode":"BASIC"},"41164":{"ID":41164,"SetID":116,"Type":"FOOT","Rarity":"CombatPowerRelicRarity3","MainAffixGroup":34,"SubAffixGroup":3,"MaxLevel":9,"ExpType":2,"ExpProvide":500,"CoinCost":750,"Mode":"BASIC"},"41171":{"ID":41171,"SetID":117,"Type":"HEAD","Rarity":"CombatPowerRelicRarity3","MainAffixGroup":31,"SubAffixGroup":3,"MaxLevel":9,"ExpType":2,"ExpProvide":500,"CoinCost":750,"Mode":"BASIC"},"41172":{"ID":41172,"SetID":117,"Type":"HAND","Rarity":"CombatPowerRelicRarity3","MainAffixGroup":32,"SubAffixGroup":3,"MaxLevel":9,"ExpType":2,"ExpProvide":500,"CoinCost":750,"Mode":"BASIC"},"41173":{"ID":41173,"SetID":117,"Type":"BODY","Rarity":"CombatPowerRelicRarity3","MainAffixGroup":33,"SubAffixGroup":3,"MaxLevel":9,"ExpType":2,"ExpProvide":500,"CoinCost":750,"Mode":"BASIC"},"41174":{"ID":41174,"SetID":117,"Type":"FOOT","Rarity":"CombatPowerRelicRarity3","MainAffixGroup":34,"SubAffixGroup":3,"MaxLevel":9,"ExpType":2,"ExpProvide":500,"CoinCost":750,"Mode":"BASIC"},"41181":{"ID":41181,"SetID":118,"Type":"HEAD","Rarity":"CombatPowerRelicRarity3","MainAffixGroup":31,"SubAffixGroup":3,"MaxLevel":9,"ExpType":2,"ExpProvide":500,"CoinCost":750,"Mode":"BASIC"},"41182":{"ID":41182,"SetID":118,"Type":"HAND","Rarity":"CombatPowerRelicRarity3","MainAffixGroup":32,"SubAffixGroup":3,"MaxLevel":9,"ExpType":2,"ExpProvide":500,"CoinCost":750,"Mode":"BASIC"},"41183":{"ID":41183,"SetID":118,"Type":"BODY","Rarity":"CombatPowerRelicRarity3","MainAffixGroup":33,"SubAffixGroup":3,"MaxLevel":9,"ExpType":2,"ExpProvide":500,"CoinCost":750,"Mode":"BASIC"},"41184":{"ID":41184,"SetID":118,"Type":"FOOT","Rarity":"CombatPowerRelicRarity3","MainAffixGroup":34,"SubAffixGroup":3,"MaxLevel":9,"ExpType":2,"ExpProvide":500,"CoinCost":750,"Mode":"BASIC"},"41191":{"ID":41191,"SetID":119,"Type":"HEAD","Rarity":"CombatPowerRelicRarity3","MainAffixGroup":31,"SubAffixGroup":3,"MaxLevel":9,"ExpType":2,"ExpProvide":500,"CoinCost":750,"Mode":"BASIC"},"41192":{"ID":41192,"SetID":119,"Type":"HAND","Rarity":"CombatPowerRelicRarity3","MainAffixGroup":32,"SubAffixGroup":3,"MaxLevel":9,"ExpType":2,"ExpProvide":500,"CoinCost":750,"Mode":"BASIC"},"41193":{"ID":41193,"SetID":119,"Type":"BODY","Rarity":"CombatPowerRelicRarity3","MainAffixGroup":33,"SubAffixGroup":3,"MaxLevel":9,"ExpType":2,"ExpProvide":500,"CoinCost":750,"Mode":"BASIC"},"41194":{"ID":41194,"SetID":119,"Type":"FOOT","Rarity":"CombatPowerRelicRarity3","MainAffixGroup":34,"SubAffixGroup":3,"MaxLevel":9,"ExpType":2,"ExpProvide":500,"CoinCost":750,"Mode":"BASIC"},"41201":{"ID":41201,"SetID":120,"Type":"HEAD","Rarity":"CombatPowerRelicRarity3","MainAffixGroup":31,"SubAffixGroup":3,"MaxLevel":9,"ExpType":2,"ExpProvide":500,"CoinCost":750,"Mode":"BASIC"},"41202":{"ID":41202,"SetID":120,"Type":"HAND","Rarity":"CombatPowerRelicRarity3","MainAffixGroup":32,"SubAffixGroup":3,"MaxLevel":9,"ExpType":2,"ExpProvide":500,"CoinCost":750,"Mode":"BASIC"},"41203":{"ID":41203,"SetID":120,"Type":"BODY","Rarity":"CombatPowerRelicRarity3","MainAffixGroup":33,"SubAffixGroup":3,"MaxLevel":9,"ExpType":2,"ExpProvide":500,"CoinCost":750,"Mode":"BASIC"},"41204":{"ID":41204,"SetID":120,"Type":"FOOT","Rarity":"CombatPowerRelicRarity3","MainAffixGroup":34,"SubAffixGroup":3,"MaxLevel":9,"ExpType":2,"ExpProvide":500,"CoinCost":750,"Mode":"BASIC"},"43015":{"ID":43015,"SetID":301,"Type":"NECK","Rarity":"CombatPowerRelicRarity3","MainAffixGroup":35,"SubAffixGroup":3,"MaxLevel":9,"ExpType":2,"ExpProvide":500,"CoinCost":750,"Mode":"BASIC"},"43016":{"ID":43016,"SetID":301,"Type":"OBJECT","Rarity":"CombatPowerRelicRarity3","MainAffixGroup":36,"SubAffixGroup":3,"MaxLevel":9,"ExpType":2,"ExpProvide":500,"CoinCost":750,"Mode":"BASIC"},"43025":{"ID":43025,"SetID":302,"Type":"NECK","Rarity":"CombatPowerRelicRarity3","MainAffixGroup":35,"SubAffixGroup":3,"MaxLevel":9,"ExpType":2,"ExpProvide":500,"CoinCost":750,"Mode":"BASIC"},"43026":{"ID":43026,"SetID":302,"Type":"OBJECT","Rarity":"CombatPowerRelicRarity3","MainAffixGroup":36,"SubAffixGroup":3,"MaxLevel":9,"ExpType":2,"ExpProvide":500,"CoinCost":750,"Mode":"BASIC"},"43035":{"ID":43035,"SetID":303,"Type":"NECK","Rarity":"CombatPowerRelicRarity3","MainAffixGroup":35,"SubAffixGroup":3,"MaxLevel":9,"ExpType":2,"ExpProvide":500,"CoinCost":750,"Mode":"BASIC"},"43036":{"ID":43036,"SetID":303,"Type":"OBJECT","Rarity":"CombatPowerRelicRarity3","MainAffixGroup":36,"SubAffixGroup":3,"MaxLevel":9,"ExpType":2,"ExpProvide":500,"CoinCost":750,"Mode":"BASIC"},"43045":{"ID":43045,"SetID":304,"Type":"NECK","Rarity":"CombatPowerRelicRarity3","MainAffixGroup":35,"SubAffixGroup":3,"MaxLevel":9,"ExpType":2,"ExpProvide":500,"CoinCost":750,"Mode":"BASIC"},"43046":{"ID":43046,"SetID":304,"Type":"OBJECT","Rarity":"CombatPowerRelicRarity3","MainAffixGroup":36,"SubAffixGroup":3,"MaxLevel":9,"ExpType":2,"ExpProvide":500,"CoinCost":750,"Mode":"BASIC"},"43055":{"ID":43055,"SetID":305,"Type":"NECK","Rarity":"CombatPowerRelicRarity3","MainAffixGroup":35,"SubAffixGroup":3,"MaxLevel":9,"ExpType":2,"ExpProvide":500,"CoinCost":750,"Mode":"BASIC"},"43056":{"ID":43056,"SetID":305,"Type":"OBJECT","Rarity":"CombatPowerRelicRarity3","MainAffixGroup":36,"SubAffixGroup":3,"MaxLevel":9,"ExpType":2,"ExpProvide":500,"CoinCost":750,"Mode":"BASIC"},"43065":{"ID":43065,"SetID":306,"Type":"NECK","Rarity":"CombatPowerRelicRarity3","MainAffixGroup":35,"SubAffixGroup":3,"MaxLevel":9,"ExpType":2,"ExpProvide":500,"CoinCost":750,"Mode":"BASIC"},"43066":{"ID":43066,"SetID":306,"Type":"OBJECT","Rarity":"CombatPowerRelicRarity3","MainAffixGroup":36,"SubAffixGroup":3,"MaxLevel":9,"ExpType":2,"ExpProvide":500,"CoinCost":750,"Mode":"BASIC"},"43075":{"ID":43075,"SetID":307,"Type":"NECK","Rarity":"CombatPowerRelicRarity3","MainAffixGroup":35,"SubAffixGroup":3,"MaxLevel":9,"ExpType":2,"ExpProvide":500,"CoinCost":750,"Mode":"BASIC"},"43076":{"ID":43076,"SetID":307,"Type":"OBJECT","Rarity":"CombatPowerRelicRarity3","MainAffixGroup":36,"SubAffixGroup":3,"MaxLevel":9,"ExpType":2,"ExpProvide":500,"CoinCost":750,"Mode":"BASIC"},"43085":{"ID":43085,"SetID":308,"Type":"NECK","Rarity":"CombatPowerRelicRarity3","MainAffixGroup":35,"SubAffixGroup":3,"MaxLevel":9,"ExpType":2,"ExpProvide":500,"CoinCost":750,"Mode":"BASIC"},"43086":{"ID":43086,"SetID":308,"Type":"OBJECT","Rarity":"CombatPowerRelicRarity3","MainAffixGroup":36,"SubAffixGroup":3,"MaxLevel":9,"ExpType":2,"ExpProvide":500,"CoinCost":750,"Mode":"BASIC"},"43095":{"ID":43095,"SetID":309,"Type":"NECK","Rarity":"CombatPowerRelicRarity3","MainAffixGroup":35,"SubAffixGroup":3,"MaxLevel":9,"ExpType":2,"ExpProvide":500,"CoinCost":750,"Mode":"BASIC"},"43096":{"ID":43096,"SetID":309,"Type":"OBJECT","Rarity":"CombatPowerRelicRarity3","MainAffixGroup":36,"SubAffixGroup":3,"MaxLevel":9,"ExpType":2,"ExpProvide":500,"CoinCost":750,"Mode":"BASIC"},"43105":{"ID":43105,"SetID":310,"Type":"NECK","Rarity":"CombatPowerRelicRarity3","MainAffixGroup":35,"SubAffixGroup":3,"MaxLevel":9,"ExpType":2,"ExpProvide":500,"CoinCost":750,"Mode":"BASIC"},"43106":{"ID":43106,"SetID":310,"Type":"OBJECT","Rarity":"CombatPowerRelicRarity3","MainAffixGroup":36,"SubAffixGroup":3,"MaxLevel":9,"ExpType":2,"ExpProvide":500,"CoinCost":750,"Mode":"BASIC"},"43115":{"ID":43115,"SetID":311,"Type":"NECK","Rarity":"CombatPowerRelicRarity3","MainAffixGroup":35,"SubAffixGroup":3,"MaxLevel":9,"ExpType":2,"ExpProvide":500,"CoinCost":750,"Mode":"BASIC"},"43116":{"ID":43116,"SetID":311,"Type":"OBJECT","Rarity":"CombatPowerRelicRarity3","MainAffixGroup":36,"SubAffixGroup":3,"MaxLevel":9,"ExpType":2,"ExpProvide":500,"CoinCost":750,"Mode":"BASIC"},"43125":{"ID":43125,"SetID":312,"Type":"NECK","Rarity":"CombatPowerRelicRarity3","MainAffixGroup":35,"SubAffixGroup":3,"MaxLevel":9,"ExpType":2,"ExpProvide":500,"CoinCost":750,"Mode":"BASIC"},"43126":{"ID":43126,"SetID":312,"Type":"OBJECT","Rarity":"CombatPowerRelicRarity3","MainAffixGroup":36,"SubAffixGroup":3,"MaxLevel":9,"ExpType":2,"ExpProvide":500,"CoinCost":750,"Mode":"BASIC"},"43135":{"ID":43135,"SetID":313,"Type":"NECK","Rarity":"CombatPowerRelicRarity3","MainAffixGroup":35,"SubAffixGroup":3,"MaxLevel":9,"ExpType":2,"ExpProvide":500,"CoinCost":750,"Mode":"BASIC"},"43136":{"ID":43136,"SetID":313,"Type":"OBJECT","Rarity":"CombatPowerRelicRarity3","MainAffixGroup":36,"SubAffixGroup":3,"MaxLevel":9,"ExpType":2,"ExpProvide":500,"CoinCost":750,"Mode":"BASIC"},"43145":{"ID":43145,"SetID":314,"Type":"NECK","Rarity":"CombatPowerRelicRarity3","MainAffixGroup":35,"SubAffixGroup":3,"MaxLevel":9,"ExpType":2,"ExpProvide":500,"CoinCost":750,"Mode":"BASIC"},"43146":{"ID":43146,"SetID":314,"Type":"OBJECT","Rarity":"CombatPowerRelicRarity3","MainAffixGroup":36,"SubAffixGroup":3,"MaxLevel":9,"ExpType":2,"ExpProvide":500,"CoinCost":750,"Mode":"BASIC"},"43155":{"ID":43155,"SetID":315,"Type":"NECK","Rarity":"CombatPowerRelicRarity3","MainAffixGroup":35,"SubAffixGroup":3,"MaxLevel":9,"ExpType":2,"ExpProvide":500,"CoinCost":750,"Mode":"BASIC"},"43156":{"ID":43156,"SetID":315,"Type":"OBJECT","Rarity":"CombatPowerRelicRarity3","MainAffixGroup":36,"SubAffixGroup":3,"MaxLevel":9,"ExpType":2,"ExpProvide":500,"CoinCost":750,"Mode":"BASIC"},"43165":{"ID":43165,"SetID":316,"Type":"NECK","Rarity":"CombatPowerRelicRarity3","MainAffixGroup":35,"SubAffixGroup":3,"MaxLevel":9,"ExpType":2,"ExpProvide":500,"CoinCost":750,"Mode":"BASIC"},"43166":{"ID":43166,"SetID":316,"Type":"OBJECT","Rarity":"CombatPowerRelicRarity3","MainAffixGroup":36,"SubAffixGroup":3,"MaxLevel":9,"ExpType":2,"ExpProvide":500,"CoinCost":750,"Mode":"BASIC"},"43175":{"ID":43175,"SetID":317,"Type":"NECK","Rarity":"CombatPowerRelicRarity3","MainAffixGroup":35,"SubAffixGroup":3,"MaxLevel":9,"ExpType":2,"ExpProvide":500,"CoinCost":750,"Mode":"BASIC"},"43176":{"ID":43176,"SetID":317,"Type":"OBJECT","Rarity":"CombatPowerRelicRarity3","MainAffixGroup":36,"SubAffixGroup":3,"MaxLevel":9,"ExpType":2,"ExpProvide":500,"CoinCost":750,"Mode":"BASIC"},"43185":{"ID":43185,"SetID":318,"Type":"NECK","Rarity":"CombatPowerRelicRarity3","MainAffixGroup":35,"SubAffixGroup":3,"MaxLevel":9,"ExpType":2,"ExpProvide":500,"CoinCost":750,"Mode":"BASIC"},"43186":{"ID":43186,"SetID":318,"Type":"OBJECT","Rarity":"CombatPowerRelicRarity3","MainAffixGroup":36,"SubAffixGroup":3,"MaxLevel":9,"ExpType":2,"ExpProvide":500,"CoinCost":750,"Mode":"BASIC"},"51011":{"ID":51011,"SetID":101,"Type":"HEAD","Rarity":"CombatPowerRelicRarity4","MainAffixGroup":41,"SubAffixGroup":4,"MaxLevel":12,"ExpType":3,"ExpProvide":1000,"CoinCost":1500,"Mode":"BASIC"},"51012":{"ID":51012,"SetID":101,"Type":"HAND","Rarity":"CombatPowerRelicRarity4","MainAffixGroup":42,"SubAffixGroup":4,"MaxLevel":12,"ExpType":3,"ExpProvide":1000,"CoinCost":1500,"Mode":"BASIC"},"51013":{"ID":51013,"SetID":101,"Type":"BODY","Rarity":"CombatPowerRelicRarity4","MainAffixGroup":43,"SubAffixGroup":4,"MaxLevel":12,"ExpType":3,"ExpProvide":1000,"CoinCost":1500,"Mode":"BASIC"},"51014":{"ID":51014,"SetID":101,"Type":"FOOT","Rarity":"CombatPowerRelicRarity4","MainAffixGroup":44,"SubAffixGroup":4,"MaxLevel":12,"ExpType":3,"ExpProvide":1000,"CoinCost":1500,"Mode":"BASIC"},"51021":{"ID":51021,"SetID":102,"Type":"HEAD","Rarity":"CombatPowerRelicRarity4","MainAffixGroup":41,"SubAffixGroup":4,"MaxLevel":12,"ExpType":3,"ExpProvide":1000,"CoinCost":1500,"Mode":"BASIC"},"51022":{"ID":51022,"SetID":102,"Type":"HAND","Rarity":"CombatPowerRelicRarity4","MainAffixGroup":42,"SubAffixGroup":4,"MaxLevel":12,"ExpType":3,"ExpProvide":1000,"CoinCost":1500,"Mode":"BASIC"},"51023":{"ID":51023,"SetID":102,"Type":"BODY","Rarity":"CombatPowerRelicRarity4","MainAffixGroup":43,"SubAffixGroup":4,"MaxLevel":12,"ExpType":3,"ExpProvide":1000,"CoinCost":1500,"Mode":"BASIC"},"51024":{"ID":51024,"SetID":102,"Type":"FOOT","Rarity":"CombatPowerRelicRarity4","MainAffixGroup":44,"SubAffixGroup":4,"MaxLevel":12,"ExpType":3,"ExpProvide":1000,"CoinCost":1500,"Mode":"BASIC"},"51031":{"ID":51031,"SetID":103,"Type":"HEAD","Rarity":"CombatPowerRelicRarity4","MainAffixGroup":41,"SubAffixGroup":4,"MaxLevel":12,"ExpType":3,"ExpProvide":1000,"CoinCost":1500,"Mode":"BASIC"},"51032":{"ID":51032,"SetID":103,"Type":"HAND","Rarity":"CombatPowerRelicRarity4","MainAffixGroup":42,"SubAffixGroup":4,"MaxLevel":12,"ExpType":3,"ExpProvide":1000,"CoinCost":1500,"Mode":"BASIC"},"51033":{"ID":51033,"SetID":103,"Type":"BODY","Rarity":"CombatPowerRelicRarity4","MainAffixGroup":43,"SubAffixGroup":4,"MaxLevel":12,"ExpType":3,"ExpProvide":1000,"CoinCost":1500,"Mode":"BASIC"},"51034":{"ID":51034,"SetID":103,"Type":"FOOT","Rarity":"CombatPowerRelicRarity4","MainAffixGroup":44,"SubAffixGroup":4,"MaxLevel":12,"ExpType":3,"ExpProvide":1000,"CoinCost":1500,"Mode":"BASIC"},"51041":{"ID":51041,"SetID":104,"Type":"HEAD","Rarity":"CombatPowerRelicRarity4","MainAffixGroup":41,"SubAffixGroup":4,"MaxLevel":12,"ExpType":3,"ExpProvide":1000,"CoinCost":1500,"Mode":"BASIC"},"51042":{"ID":51042,"SetID":104,"Type":"HAND","Rarity":"CombatPowerRelicRarity4","MainAffixGroup":42,"SubAffixGroup":4,"MaxLevel":12,"ExpType":3,"ExpProvide":1000,"CoinCost":1500,"Mode":"BASIC"},"51043":{"ID":51043,"SetID":104,"Type":"BODY","Rarity":"CombatPowerRelicRarity4","MainAffixGroup":43,"SubAffixGroup":4,"MaxLevel":12,"ExpType":3,"ExpProvide":1000,"CoinCost":1500,"Mode":"BASIC"},"51044":{"ID":51044,"SetID":104,"Type":"FOOT","Rarity":"CombatPowerRelicRarity4","MainAffixGroup":44,"SubAffixGroup":4,"MaxLevel":12,"ExpType":3,"ExpProvide":1000,"CoinCost":1500,"Mode":"BASIC"},"51051":{"ID":51051,"SetID":105,"Type":"HEAD","Rarity":"CombatPowerRelicRarity4","MainAffixGroup":41,"SubAffixGroup":4,"MaxLevel":12,"ExpType":3,"ExpProvide":1000,"CoinCost":1500,"Mode":"BASIC"},"51052":{"ID":51052,"SetID":105,"Type":"HAND","Rarity":"CombatPowerRelicRarity4","MainAffixGroup":42,"SubAffixGroup":4,"MaxLevel":12,"ExpType":3,"ExpProvide":1000,"CoinCost":1500,"Mode":"BASIC"},"51053":{"ID":51053,"SetID":105,"Type":"BODY","Rarity":"CombatPowerRelicRarity4","MainAffixGroup":43,"SubAffixGroup":4,"MaxLevel":12,"ExpType":3,"ExpProvide":1000,"CoinCost":1500,"Mode":"BASIC"},"51054":{"ID":51054,"SetID":105,"Type":"FOOT","Rarity":"CombatPowerRelicRarity4","MainAffixGroup":44,"SubAffixGroup":4,"MaxLevel":12,"ExpType":3,"ExpProvide":1000,"CoinCost":1500,"Mode":"BASIC"},"51061":{"ID":51061,"SetID":106,"Type":"HEAD","Rarity":"CombatPowerRelicRarity4","MainAffixGroup":41,"SubAffixGroup":4,"MaxLevel":12,"ExpType":3,"ExpProvide":1000,"CoinCost":1500,"Mode":"BASIC"},"51062":{"ID":51062,"SetID":106,"Type":"HAND","Rarity":"CombatPowerRelicRarity4","MainAffixGroup":42,"SubAffixGroup":4,"MaxLevel":12,"ExpType":3,"ExpProvide":1000,"CoinCost":1500,"Mode":"BASIC"},"51063":{"ID":51063,"SetID":106,"Type":"BODY","Rarity":"CombatPowerRelicRarity4","MainAffixGroup":43,"SubAffixGroup":4,"MaxLevel":12,"ExpType":3,"ExpProvide":1000,"CoinCost":1500,"Mode":"BASIC"},"51064":{"ID":51064,"SetID":106,"Type":"FOOT","Rarity":"CombatPowerRelicRarity4","MainAffixGroup":44,"SubAffixGroup":4,"MaxLevel":12,"ExpType":3,"ExpProvide":1000,"CoinCost":1500,"Mode":"BASIC"},"51071":{"ID":51071,"SetID":107,"Type":"HEAD","Rarity":"CombatPowerRelicRarity4","MainAffixGroup":41,"SubAffixGroup":4,"MaxLevel":12,"ExpType":3,"ExpProvide":1000,"CoinCost":1500,"Mode":"BASIC"},"51072":{"ID":51072,"SetID":107,"Type":"HAND","Rarity":"CombatPowerRelicRarity4","MainAffixGroup":42,"SubAffixGroup":4,"MaxLevel":12,"ExpType":3,"ExpProvide":1000,"CoinCost":1500,"Mode":"BASIC"},"51073":{"ID":51073,"SetID":107,"Type":"BODY","Rarity":"CombatPowerRelicRarity4","MainAffixGroup":43,"SubAffixGroup":4,"MaxLevel":12,"ExpType":3,"ExpProvide":1000,"CoinCost":1500,"Mode":"BASIC"},"51074":{"ID":51074,"SetID":107,"Type":"FOOT","Rarity":"CombatPowerRelicRarity4","MainAffixGroup":44,"SubAffixGroup":4,"MaxLevel":12,"ExpType":3,"ExpProvide":1000,"CoinCost":1500,"Mode":"BASIC"},"51081":{"ID":51081,"SetID":108,"Type":"HEAD","Rarity":"CombatPowerRelicRarity4","MainAffixGroup":41,"SubAffixGroup":4,"MaxLevel":12,"ExpType":3,"ExpProvide":1000,"CoinCost":1500,"Mode":"BASIC"},"51082":{"ID":51082,"SetID":108,"Type":"HAND","Rarity":"CombatPowerRelicRarity4","MainAffixGroup":42,"SubAffixGroup":4,"MaxLevel":12,"ExpType":3,"ExpProvide":1000,"CoinCost":1500,"Mode":"BASIC"},"51083":{"ID":51083,"SetID":108,"Type":"BODY","Rarity":"CombatPowerRelicRarity4","MainAffixGroup":43,"SubAffixGroup":4,"MaxLevel":12,"ExpType":3,"ExpProvide":1000,"CoinCost":1500,"Mode":"BASIC"},"51084":{"ID":51084,"SetID":108,"Type":"FOOT","Rarity":"CombatPowerRelicRarity4","MainAffixGroup":44,"SubAffixGroup":4,"MaxLevel":12,"ExpType":3,"ExpProvide":1000,"CoinCost":1500,"Mode":"BASIC"},"51091":{"ID":51091,"SetID":109,"Type":"HEAD","Rarity":"CombatPowerRelicRarity4","MainAffixGroup":41,"SubAffixGroup":4,"MaxLevel":12,"ExpType":3,"ExpProvide":1000,"CoinCost":1500,"Mode":"BASIC"},"51092":{"ID":51092,"SetID":109,"Type":"HAND","Rarity":"CombatPowerRelicRarity4","MainAffixGroup":42,"SubAffixGroup":4,"MaxLevel":12,"ExpType":3,"ExpProvide":1000,"CoinCost":1500,"Mode":"BASIC"},"51093":{"ID":51093,"SetID":109,"Type":"BODY","Rarity":"CombatPowerRelicRarity4","MainAffixGroup":43,"SubAffixGroup":4,"MaxLevel":12,"ExpType":3,"ExpProvide":1000,"CoinCost":1500,"Mode":"BASIC"},"51094":{"ID":51094,"SetID":109,"Type":"FOOT","Rarity":"CombatPowerRelicRarity4","MainAffixGroup":44,"SubAffixGroup":4,"MaxLevel":12,"ExpType":3,"ExpProvide":1000,"CoinCost":1500,"Mode":"BASIC"},"51101":{"ID":51101,"SetID":110,"Type":"HEAD","Rarity":"CombatPowerRelicRarity4","MainAffixGroup":41,"SubAffixGroup":4,"MaxLevel":12,"ExpType":3,"ExpProvide":1000,"CoinCost":1500,"Mode":"BASIC"},"51102":{"ID":51102,"SetID":110,"Type":"HAND","Rarity":"CombatPowerRelicRarity4","MainAffixGroup":42,"SubAffixGroup":4,"MaxLevel":12,"ExpType":3,"ExpProvide":1000,"CoinCost":1500,"Mode":"BASIC"},"51103":{"ID":51103,"SetID":110,"Type":"BODY","Rarity":"CombatPowerRelicRarity4","MainAffixGroup":43,"SubAffixGroup":4,"MaxLevel":12,"ExpType":3,"ExpProvide":1000,"CoinCost":1500,"Mode":"BASIC"},"51104":{"ID":51104,"SetID":110,"Type":"FOOT","Rarity":"CombatPowerRelicRarity4","MainAffixGroup":44,"SubAffixGroup":4,"MaxLevel":12,"ExpType":3,"ExpProvide":1000,"CoinCost":1500,"Mode":"BASIC"},"51111":{"ID":51111,"SetID":111,"Type":"HEAD","Rarity":"CombatPowerRelicRarity4","MainAffixGroup":41,"SubAffixGroup":4,"MaxLevel":12,"ExpType":3,"ExpProvide":1000,"CoinCost":1500,"Mode":"BASIC"},"51112":{"ID":51112,"SetID":111,"Type":"HAND","Rarity":"CombatPowerRelicRarity4","MainAffixGroup":42,"SubAffixGroup":4,"MaxLevel":12,"ExpType":3,"ExpProvide":1000,"CoinCost":1500,"Mode":"BASIC"},"51113":{"ID":51113,"SetID":111,"Type":"BODY","Rarity":"CombatPowerRelicRarity4","MainAffixGroup":43,"SubAffixGroup":4,"MaxLevel":12,"ExpType":3,"ExpProvide":1000,"CoinCost":1500,"Mode":"BASIC"},"51114":{"ID":51114,"SetID":111,"Type":"FOOT","Rarity":"CombatPowerRelicRarity4","MainAffixGroup":44,"SubAffixGroup":4,"MaxLevel":12,"ExpType":3,"ExpProvide":1000,"CoinCost":1500,"Mode":"BASIC"},"51121":{"ID":51121,"SetID":112,"Type":"HEAD","Rarity":"CombatPowerRelicRarity4","MainAffixGroup":41,"SubAffixGroup":4,"MaxLevel":12,"ExpType":3,"ExpProvide":1000,"CoinCost":1500,"Mode":"BASIC"},"51122":{"ID":51122,"SetID":112,"Type":"HAND","Rarity":"CombatPowerRelicRarity4","MainAffixGroup":42,"SubAffixGroup":4,"MaxLevel":12,"ExpType":3,"ExpProvide":1000,"CoinCost":1500,"Mode":"BASIC"},"51123":{"ID":51123,"SetID":112,"Type":"BODY","Rarity":"CombatPowerRelicRarity4","MainAffixGroup":43,"SubAffixGroup":4,"MaxLevel":12,"ExpType":3,"ExpProvide":1000,"CoinCost":1500,"Mode":"BASIC"},"51124":{"ID":51124,"SetID":112,"Type":"FOOT","Rarity":"CombatPowerRelicRarity4","MainAffixGroup":44,"SubAffixGroup":4,"MaxLevel":12,"ExpType":3,"ExpProvide":1000,"CoinCost":1500,"Mode":"BASIC"},"51131":{"ID":51131,"SetID":113,"Type":"HEAD","Rarity":"CombatPowerRelicRarity4","MainAffixGroup":41,"SubAffixGroup":4,"MaxLevel":12,"ExpType":3,"ExpProvide":1000,"CoinCost":1500,"Mode":"BASIC"},"51132":{"ID":51132,"SetID":113,"Type":"HAND","Rarity":"CombatPowerRelicRarity4","MainAffixGroup":42,"SubAffixGroup":4,"MaxLevel":12,"ExpType":3,"ExpProvide":1000,"CoinCost":1500,"Mode":"BASIC"},"51133":{"ID":51133,"SetID":113,"Type":"BODY","Rarity":"CombatPowerRelicRarity4","MainAffixGroup":43,"SubAffixGroup":4,"MaxLevel":12,"ExpType":3,"ExpProvide":1000,"CoinCost":1500,"Mode":"BASIC"},"51134":{"ID":51134,"SetID":113,"Type":"FOOT","Rarity":"CombatPowerRelicRarity4","MainAffixGroup":44,"SubAffixGroup":4,"MaxLevel":12,"ExpType":3,"ExpProvide":1000,"CoinCost":1500,"Mode":"BASIC"},"51141":{"ID":51141,"SetID":114,"Type":"HEAD","Rarity":"CombatPowerRelicRarity4","MainAffixGroup":41,"SubAffixGroup":4,"MaxLevel":12,"ExpType":3,"ExpProvide":1000,"CoinCost":1500,"Mode":"BASIC"},"51142":{"ID":51142,"SetID":114,"Type":"HAND","Rarity":"CombatPowerRelicRarity4","MainAffixGroup":42,"SubAffixGroup":4,"MaxLevel":12,"ExpType":3,"ExpProvide":1000,"CoinCost":1500,"Mode":"BASIC"},"51143":{"ID":51143,"SetID":114,"Type":"BODY","Rarity":"CombatPowerRelicRarity4","MainAffixGroup":43,"SubAffixGroup":4,"MaxLevel":12,"ExpType":3,"ExpProvide":1000,"CoinCost":1500,"Mode":"BASIC"},"51144":{"ID":51144,"SetID":114,"Type":"FOOT","Rarity":"CombatPowerRelicRarity4","MainAffixGroup":44,"SubAffixGroup":4,"MaxLevel":12,"ExpType":3,"ExpProvide":1000,"CoinCost":1500,"Mode":"BASIC"},"51151":{"ID":51151,"SetID":115,"Type":"HEAD","Rarity":"CombatPowerRelicRarity4","MainAffixGroup":41,"SubAffixGroup":4,"MaxLevel":12,"ExpType":3,"ExpProvide":1000,"CoinCost":1500,"Mode":"BASIC"},"51152":{"ID":51152,"SetID":115,"Type":"HAND","Rarity":"CombatPowerRelicRarity4","MainAffixGroup":42,"SubAffixGroup":4,"MaxLevel":12,"ExpType":3,"ExpProvide":1000,"CoinCost":1500,"Mode":"BASIC"},"51153":{"ID":51153,"SetID":115,"Type":"BODY","Rarity":"CombatPowerRelicRarity4","MainAffixGroup":43,"SubAffixGroup":4,"MaxLevel":12,"ExpType":3,"ExpProvide":1000,"CoinCost":1500,"Mode":"BASIC"},"51154":{"ID":51154,"SetID":115,"Type":"FOOT","Rarity":"CombatPowerRelicRarity4","MainAffixGroup":44,"SubAffixGroup":4,"MaxLevel":12,"ExpType":3,"ExpProvide":1000,"CoinCost":1500,"Mode":"BASIC"},"51161":{"ID":51161,"SetID":116,"Type":"HEAD","Rarity":"CombatPowerRelicRarity4","MainAffixGroup":41,"SubAffixGroup":4,"MaxLevel":12,"ExpType":3,"ExpProvide":1000,"CoinCost":1500,"Mode":"BASIC"},"51162":{"ID":51162,"SetID":116,"Type":"HAND","Rarity":"CombatPowerRelicRarity4","MainAffixGroup":42,"SubAffixGroup":4,"MaxLevel":12,"ExpType":3,"ExpProvide":1000,"CoinCost":1500,"Mode":"BASIC"},"51163":{"ID":51163,"SetID":116,"Type":"BODY","Rarity":"CombatPowerRelicRarity4","MainAffixGroup":43,"SubAffixGroup":4,"MaxLevel":12,"ExpType":3,"ExpProvide":1000,"CoinCost":1500,"Mode":"BASIC"},"51164":{"ID":51164,"SetID":116,"Type":"FOOT","Rarity":"CombatPowerRelicRarity4","MainAffixGroup":44,"SubAffixGroup":4,"MaxLevel":12,"ExpType":3,"ExpProvide":1000,"CoinCost":1500,"Mode":"BASIC"},"51171":{"ID":51171,"SetID":117,"Type":"HEAD","Rarity":"CombatPowerRelicRarity4","MainAffixGroup":41,"SubAffixGroup":4,"MaxLevel":12,"ExpType":3,"ExpProvide":1000,"CoinCost":1500,"Mode":"BASIC"},"51172":{"ID":51172,"SetID":117,"Type":"HAND","Rarity":"CombatPowerRelicRarity4","MainAffixGroup":42,"SubAffixGroup":4,"MaxLevel":12,"ExpType":3,"ExpProvide":1000,"CoinCost":1500,"Mode":"BASIC"},"51173":{"ID":51173,"SetID":117,"Type":"BODY","Rarity":"CombatPowerRelicRarity4","MainAffixGroup":43,"SubAffixGroup":4,"MaxLevel":12,"ExpType":3,"ExpProvide":1000,"CoinCost":1500,"Mode":"BASIC"},"51174":{"ID":51174,"SetID":117,"Type":"FOOT","Rarity":"CombatPowerRelicRarity4","MainAffixGroup":44,"SubAffixGroup":4,"MaxLevel":12,"ExpType":3,"ExpProvide":1000,"CoinCost":1500,"Mode":"BASIC"},"51181":{"ID":51181,"SetID":118,"Type":"HEAD","Rarity":"CombatPowerRelicRarity4","MainAffixGroup":41,"SubAffixGroup":4,"MaxLevel":12,"ExpType":3,"ExpProvide":1000,"CoinCost":1500,"Mode":"BASIC"},"51182":{"ID":51182,"SetID":118,"Type":"HAND","Rarity":"CombatPowerRelicRarity4","MainAffixGroup":42,"SubAffixGroup":4,"MaxLevel":12,"ExpType":3,"ExpProvide":1000,"CoinCost":1500,"Mode":"BASIC"},"51183":{"ID":51183,"SetID":118,"Type":"BODY","Rarity":"CombatPowerRelicRarity4","MainAffixGroup":43,"SubAffixGroup":4,"MaxLevel":12,"ExpType":3,"ExpProvide":1000,"CoinCost":1500,"Mode":"BASIC"},"51184":{"ID":51184,"SetID":118,"Type":"FOOT","Rarity":"CombatPowerRelicRarity4","MainAffixGroup":44,"SubAffixGroup":4,"MaxLevel":12,"ExpType":3,"ExpProvide":1000,"CoinCost":1500,"Mode":"BASIC"},"51191":{"ID":51191,"SetID":119,"Type":"HEAD","Rarity":"CombatPowerRelicRarity4","MainAffixGroup":41,"SubAffixGroup":4,"MaxLevel":12,"ExpType":3,"ExpProvide":1000,"CoinCost":1500,"Mode":"BASIC"},"51192":{"ID":51192,"SetID":119,"Type":"HAND","Rarity":"CombatPowerRelicRarity4","MainAffixGroup":42,"SubAffixGroup":4,"MaxLevel":12,"ExpType":3,"ExpProvide":1000,"CoinCost":1500,"Mode":"BASIC"},"51193":{"ID":51193,"SetID":119,"Type":"BODY","Rarity":"CombatPowerRelicRarity4","MainAffixGroup":43,"SubAffixGroup":4,"MaxLevel":12,"ExpType":3,"ExpProvide":1000,"CoinCost":1500,"Mode":"BASIC"},"51194":{"ID":51194,"SetID":119,"Type":"FOOT","Rarity":"CombatPowerRelicRarity4","MainAffixGroup":44,"SubAffixGroup":4,"MaxLevel":12,"ExpType":3,"ExpProvide":1000,"CoinCost":1500,"Mode":"BASIC"},"51201":{"ID":51201,"SetID":120,"Type":"HEAD","Rarity":"CombatPowerRelicRarity4","MainAffixGroup":41,"SubAffixGroup":4,"MaxLevel":12,"ExpType":3,"ExpProvide":1000,"CoinCost":1500,"Mode":"BASIC"},"51202":{"ID":51202,"SetID":120,"Type":"HAND","Rarity":"CombatPowerRelicRarity4","MainAffixGroup":42,"SubAffixGroup":4,"MaxLevel":12,"ExpType":3,"ExpProvide":1000,"CoinCost":1500,"Mode":"BASIC"},"51203":{"ID":51203,"SetID":120,"Type":"BODY","Rarity":"CombatPowerRelicRarity4","MainAffixGroup":43,"SubAffixGroup":4,"MaxLevel":12,"ExpType":3,"ExpProvide":1000,"CoinCost":1500,"Mode":"BASIC"},"51204":{"ID":51204,"SetID":120,"Type":"FOOT","Rarity":"CombatPowerRelicRarity4","MainAffixGroup":44,"SubAffixGroup":4,"MaxLevel":12,"ExpType":3,"ExpProvide":1000,"CoinCost":1500,"Mode":"BASIC"},"53015":{"ID":53015,"SetID":301,"Type":"NECK","Rarity":"CombatPowerRelicRarity4","MainAffixGroup":45,"SubAffixGroup":4,"MaxLevel":12,"ExpType":3,"ExpProvide":1000,"CoinCost":1500,"Mode":"BASIC"},"53016":{"ID":53016,"SetID":301,"Type":"OBJECT","Rarity":"CombatPowerRelicRarity4","MainAffixGroup":46,"SubAffixGroup":4,"MaxLevel":12,"ExpType":3,"ExpProvide":1000,"CoinCost":1500,"Mode":"BASIC"},"53025":{"ID":53025,"SetID":302,"Type":"NECK","Rarity":"CombatPowerRelicRarity4","MainAffixGroup":45,"SubAffixGroup":4,"MaxLevel":12,"ExpType":3,"ExpProvide":1000,"CoinCost":1500,"Mode":"BASIC"},"53026":{"ID":53026,"SetID":302,"Type":"OBJECT","Rarity":"CombatPowerRelicRarity4","MainAffixGroup":46,"SubAffixGroup":4,"MaxLevel":12,"ExpType":3,"ExpProvide":1000,"CoinCost":1500,"Mode":"BASIC"},"53035":{"ID":53035,"SetID":303,"Type":"NECK","Rarity":"CombatPowerRelicRarity4","MainAffixGroup":45,"SubAffixGroup":4,"MaxLevel":12,"ExpType":3,"ExpProvide":1000,"CoinCost":1500,"Mode":"BASIC"},"53036":{"ID":53036,"SetID":303,"Type":"OBJECT","Rarity":"CombatPowerRelicRarity4","MainAffixGroup":46,"SubAffixGroup":4,"MaxLevel":12,"ExpType":3,"ExpProvide":1000,"CoinCost":1500,"Mode":"BASIC"},"53045":{"ID":53045,"SetID":304,"Type":"NECK","Rarity":"CombatPowerRelicRarity4","MainAffixGroup":45,"SubAffixGroup":4,"MaxLevel":12,"ExpType":3,"ExpProvide":1000,"CoinCost":1500,"Mode":"BASIC"},"53046":{"ID":53046,"SetID":304,"Type":"OBJECT","Rarity":"CombatPowerRelicRarity4","MainAffixGroup":46,"SubAffixGroup":4,"MaxLevel":12,"ExpType":3,"ExpProvide":1000,"CoinCost":1500,"Mode":"BASIC"},"53055":{"ID":53055,"SetID":305,"Type":"NECK","Rarity":"CombatPowerRelicRarity4","MainAffixGroup":45,"SubAffixGroup":4,"MaxLevel":12,"ExpType":3,"ExpProvide":1000,"CoinCost":1500,"Mode":"BASIC"},"53056":{"ID":53056,"SetID":305,"Type":"OBJECT","Rarity":"CombatPowerRelicRarity4","MainAffixGroup":46,"SubAffixGroup":4,"MaxLevel":12,"ExpType":3,"ExpProvide":1000,"CoinCost":1500,"Mode":"BASIC"},"53065":{"ID":53065,"SetID":306,"Type":"NECK","Rarity":"CombatPowerRelicRarity4","MainAffixGroup":45,"SubAffixGroup":4,"MaxLevel":12,"ExpType":3,"ExpProvide":1000,"CoinCost":1500,"Mode":"BASIC"},"53066":{"ID":53066,"SetID":306,"Type":"OBJECT","Rarity":"CombatPowerRelicRarity4","MainAffixGroup":46,"SubAffixGroup":4,"MaxLevel":12,"ExpType":3,"ExpProvide":1000,"CoinCost":1500,"Mode":"BASIC"},"53075":{"ID":53075,"SetID":307,"Type":"NECK","Rarity":"CombatPowerRelicRarity4","MainAffixGroup":45,"SubAffixGroup":4,"MaxLevel":12,"ExpType":3,"ExpProvide":1000,"CoinCost":1500,"Mode":"BASIC"},"53076":{"ID":53076,"SetID":307,"Type":"OBJECT","Rarity":"CombatPowerRelicRarity4","MainAffixGroup":46,"SubAffixGroup":4,"MaxLevel":12,"ExpType":3,"ExpProvide":1000,"CoinCost":1500,"Mode":"BASIC"},"53085":{"ID":53085,"SetID":308,"Type":"NECK","Rarity":"CombatPowerRelicRarity4","MainAffixGroup":45,"SubAffixGroup":4,"MaxLevel":12,"ExpType":3,"ExpProvide":1000,"CoinCost":1500,"Mode":"BASIC"},"53086":{"ID":53086,"SetID":308,"Type":"OBJECT","Rarity":"CombatPowerRelicRarity4","MainAffixGroup":46,"SubAffixGroup":4,"MaxLevel":12,"ExpType":3,"ExpProvide":1000,"CoinCost":1500,"Mode":"BASIC"},"53095":{"ID":53095,"SetID":309,"Type":"NECK","Rarity":"CombatPowerRelicRarity4","MainAffixGroup":45,"SubAffixGroup":4,"MaxLevel":12,"ExpType":3,"ExpProvide":1000,"CoinCost":1500,"Mode":"BASIC"},"53096":{"ID":53096,"SetID":309,"Type":"OBJECT","Rarity":"CombatPowerRelicRarity4","MainAffixGroup":46,"SubAffixGroup":4,"MaxLevel":12,"ExpType":3,"ExpProvide":1000,"CoinCost":1500,"Mode":"BASIC"},"53105":{"ID":53105,"SetID":310,"Type":"NECK","Rarity":"CombatPowerRelicRarity4","MainAffixGroup":45,"SubAffixGroup":4,"MaxLevel":12,"ExpType":3,"ExpProvide":1000,"CoinCost":1500,"Mode":"BASIC"},"53106":{"ID":53106,"SetID":310,"Type":"OBJECT","Rarity":"CombatPowerRelicRarity4","MainAffixGroup":46,"SubAffixGroup":4,"MaxLevel":12,"ExpType":3,"ExpProvide":1000,"CoinCost":1500,"Mode":"BASIC"},"53115":{"ID":53115,"SetID":311,"Type":"NECK","Rarity":"CombatPowerRelicRarity4","MainAffixGroup":45,"SubAffixGroup":4,"MaxLevel":12,"ExpType":3,"ExpProvide":1000,"CoinCost":1500,"Mode":"BASIC"},"53116":{"ID":53116,"SetID":311,"Type":"OBJECT","Rarity":"CombatPowerRelicRarity4","MainAffixGroup":46,"SubAffixGroup":4,"MaxLevel":12,"ExpType":3,"ExpProvide":1000,"CoinCost":1500,"Mode":"BASIC"},"53125":{"ID":53125,"SetID":312,"Type":"NECK","Rarity":"CombatPowerRelicRarity4","MainAffixGroup":45,"SubAffixGroup":4,"MaxLevel":12,"ExpType":3,"ExpProvide":1000,"CoinCost":1500,"Mode":"BASIC"},"53126":{"ID":53126,"SetID":312,"Type":"OBJECT","Rarity":"CombatPowerRelicRarity4","MainAffixGroup":46,"SubAffixGroup":4,"MaxLevel":12,"ExpType":3,"ExpProvide":1000,"CoinCost":1500,"Mode":"BASIC"},"53135":{"ID":53135,"SetID":313,"Type":"NECK","Rarity":"CombatPowerRelicRarity4","MainAffixGroup":45,"SubAffixGroup":4,"MaxLevel":12,"ExpType":3,"ExpProvide":1000,"CoinCost":1500,"Mode":"BASIC"},"53136":{"ID":53136,"SetID":313,"Type":"OBJECT","Rarity":"CombatPowerRelicRarity4","MainAffixGroup":46,"SubAffixGroup":4,"MaxLevel":12,"ExpType":3,"ExpProvide":1000,"CoinCost":1500,"Mode":"BASIC"},"53145":{"ID":53145,"SetID":314,"Type":"NECK","Rarity":"CombatPowerRelicRarity4","MainAffixGroup":45,"SubAffixGroup":4,"MaxLevel":12,"ExpType":3,"ExpProvide":1000,"CoinCost":1500,"Mode":"BASIC"},"53146":{"ID":53146,"SetID":314,"Type":"OBJECT","Rarity":"CombatPowerRelicRarity4","MainAffixGroup":46,"SubAffixGroup":4,"MaxLevel":12,"ExpType":3,"ExpProvide":1000,"CoinCost":1500,"Mode":"BASIC"},"53155":{"ID":53155,"SetID":315,"Type":"NECK","Rarity":"CombatPowerRelicRarity4","MainAffixGroup":45,"SubAffixGroup":4,"MaxLevel":12,"ExpType":3,"ExpProvide":1000,"CoinCost":1500,"Mode":"BASIC"},"53156":{"ID":53156,"SetID":315,"Type":"OBJECT","Rarity":"CombatPowerRelicRarity4","MainAffixGroup":46,"SubAffixGroup":4,"MaxLevel":12,"ExpType":3,"ExpProvide":1000,"CoinCost":1500,"Mode":"BASIC"},"53165":{"ID":53165,"SetID":316,"Type":"NECK","Rarity":"CombatPowerRelicRarity4","MainAffixGroup":45,"SubAffixGroup":4,"MaxLevel":12,"ExpType":3,"ExpProvide":1000,"CoinCost":1500,"Mode":"BASIC"},"53166":{"ID":53166,"SetID":316,"Type":"OBJECT","Rarity":"CombatPowerRelicRarity4","MainAffixGroup":46,"SubAffixGroup":4,"MaxLevel":12,"ExpType":3,"ExpProvide":1000,"CoinCost":1500,"Mode":"BASIC"},"53175":{"ID":53175,"SetID":317,"Type":"NECK","Rarity":"CombatPowerRelicRarity4","MainAffixGroup":45,"SubAffixGroup":4,"MaxLevel":12,"ExpType":3,"ExpProvide":1000,"CoinCost":1500,"Mode":"BASIC"},"53176":{"ID":53176,"SetID":317,"Type":"OBJECT","Rarity":"CombatPowerRelicRarity4","MainAffixGroup":46,"SubAffixGroup":4,"MaxLevel":12,"ExpType":3,"ExpProvide":1000,"CoinCost":1500,"Mode":"BASIC"},"53185":{"ID":53185,"SetID":318,"Type":"NECK","Rarity":"CombatPowerRelicRarity4","MainAffixGroup":45,"SubAffixGroup":4,"MaxLevel":12,"ExpType":3,"ExpProvide":1000,"CoinCost":1500,"Mode":"BASIC"},"53186":{"ID":53186,"SetID":318,"Type":"OBJECT","Rarity":"CombatPowerRelicRarity4","MainAffixGroup":46,"SubAffixGroup":4,"MaxLevel":12,"ExpType":3,"ExpProvide":1000,"CoinCost":1500,"Mode":"BASIC"},"55001":{"ID":55001,"SetID":101,"Type":"BODY","Rarity":"CombatPowerRelicRarity4","MainAffixGroup":436,"SubAffixGroup":4,"MaxLevel":12,"ExpType":3,"ExpProvide":1000,"CoinCost":1500,"Mode":"CUSTOM"},"55002":{"ID":55002,"SetID":101,"Type":"FOOT","Rarity":"CombatPowerRelicRarity4","MainAffixGroup":441,"SubAffixGroup":4,"MaxLevel":12,"ExpType":3,"ExpProvide":1000,"CoinCost":1500,"Mode":"CUSTOM"},"55003":{"ID":55003,"SetID":102,"Type":"BODY","Rarity":"CombatPowerRelicRarity4","MainAffixGroup":434,"SubAffixGroup":4,"MaxLevel":12,"ExpType":3,"ExpProvide":1000,"CoinCost":1500,"Mode":"CUSTOM"},"55004":{"ID":55004,"SetID":103,"Type":"BODY","Rarity":"CombatPowerRelicRarity4","MainAffixGroup":433,"SubAffixGroup":4,"MaxLevel":12,"ExpType":3,"ExpProvide":1000,"CoinCost":1500,"Mode":"CUSTOM"},"55005":{"ID":55005,"SetID":103,"Type":"FOOT","Rarity":"CombatPowerRelicRarity4","MainAffixGroup":443,"SubAffixGroup":4,"MaxLevel":12,"ExpType":3,"ExpProvide":1000,"CoinCost":1500,"Mode":"CUSTOM"},"55006":{"ID":55006,"SetID":105,"Type":"BODY","Rarity":"CombatPowerRelicRarity4","MainAffixGroup":434,"SubAffixGroup":4,"MaxLevel":12,"ExpType":3,"ExpProvide":1000,"CoinCost":1500,"Mode":"CUSTOM"},"61011":{"ID":61011,"SetID":101,"Type":"HEAD","Rarity":"CombatPowerRelicRarity5","MainAffixGroup":51,"SubAffixGroup":5,"MaxLevel":15,"ExpType":4,"ExpProvide":1500,"CoinCost":2250,"Mode":"BASIC"},"61012":{"ID":61012,"SetID":101,"Type":"HAND","Rarity":"CombatPowerRelicRarity5","MainAffixGroup":52,"SubAffixGroup":5,"MaxLevel":15,"ExpType":4,"ExpProvide":1500,"CoinCost":2250,"Mode":"BASIC"},"61013":{"ID":61013,"SetID":101,"Type":"BODY","Rarity":"CombatPowerRelicRarity5","MainAffixGroup":53,"SubAffixGroup":5,"MaxLevel":15,"ExpType":4,"ExpProvide":1500,"CoinCost":2250,"Mode":"BASIC"},"61014":{"ID":61014,"SetID":101,"Type":"FOOT","Rarity":"CombatPowerRelicRarity5","MainAffixGroup":54,"SubAffixGroup":5,"MaxLevel":15,"ExpType":4,"ExpProvide":1500,"CoinCost":2250,"Mode":"BASIC"},"61021":{"ID":61021,"SetID":102,"Type":"HEAD","Rarity":"CombatPowerRelicRarity5","MainAffixGroup":51,"SubAffixGroup":5,"MaxLevel":15,"ExpType":4,"ExpProvide":1500,"CoinCost":2250,"Mode":"BASIC"},"61022":{"ID":61022,"SetID":102,"Type":"HAND","Rarity":"CombatPowerRelicRarity5","MainAffixGroup":52,"SubAffixGroup":5,"MaxLevel":15,"ExpType":4,"ExpProvide":1500,"CoinCost":2250,"Mode":"BASIC"},"61023":{"ID":61023,"SetID":102,"Type":"BODY","Rarity":"CombatPowerRelicRarity5","MainAffixGroup":53,"SubAffixGroup":5,"MaxLevel":15,"ExpType":4,"ExpProvide":1500,"CoinCost":2250,"Mode":"BASIC"},"61024":{"ID":61024,"SetID":102,"Type":"FOOT","Rarity":"CombatPowerRelicRarity5","MainAffixGroup":54,"SubAffixGroup":5,"MaxLevel":15,"ExpType":4,"ExpProvide":1500,"CoinCost":2250,"Mode":"BASIC"},"61031":{"ID":61031,"SetID":103,"Type":"HEAD","Rarity":"CombatPowerRelicRarity5","MainAffixGroup":51,"SubAffixGroup":5,"MaxLevel":15,"ExpType":4,"ExpProvide":1500,"CoinCost":2250,"Mode":"BASIC"},"61032":{"ID":61032,"SetID":103,"Type":"HAND","Rarity":"CombatPowerRelicRarity5","MainAffixGroup":52,"SubAffixGroup":5,"MaxLevel":15,"ExpType":4,"ExpProvide":1500,"CoinCost":2250,"Mode":"BASIC"},"61033":{"ID":61033,"SetID":103,"Type":"BODY","Rarity":"CombatPowerRelicRarity5","MainAffixGroup":53,"SubAffixGroup":5,"MaxLevel":15,"ExpType":4,"ExpProvide":1500,"CoinCost":2250,"Mode":"BASIC"},"61034":{"ID":61034,"SetID":103,"Type":"FOOT","Rarity":"CombatPowerRelicRarity5","MainAffixGroup":54,"SubAffixGroup":5,"MaxLevel":15,"ExpType":4,"ExpProvide":1500,"CoinCost":2250,"Mode":"BASIC"},"61041":{"ID":61041,"SetID":104,"Type":"HEAD","Rarity":"CombatPowerRelicRarity5","MainAffixGroup":51,"SubAffixGroup":5,"MaxLevel":15,"ExpType":4,"ExpProvide":1500,"CoinCost":2250,"Mode":"BASIC"},"61042":{"ID":61042,"SetID":104,"Type":"HAND","Rarity":"CombatPowerRelicRarity5","MainAffixGroup":52,"SubAffixGroup":5,"MaxLevel":15,"ExpType":4,"ExpProvide":1500,"CoinCost":2250,"Mode":"BASIC"},"61043":{"ID":61043,"SetID":104,"Type":"BODY","Rarity":"CombatPowerRelicRarity5","MainAffixGroup":53,"SubAffixGroup":5,"MaxLevel":15,"ExpType":4,"ExpProvide":1500,"CoinCost":2250,"Mode":"BASIC"},"61044":{"ID":61044,"SetID":104,"Type":"FOOT","Rarity":"CombatPowerRelicRarity5","MainAffixGroup":54,"SubAffixGroup":5,"MaxLevel":15,"ExpType":4,"ExpProvide":1500,"CoinCost":2250,"Mode":"BASIC"},"61051":{"ID":61051,"SetID":105,"Type":"HEAD","Rarity":"CombatPowerRelicRarity5","MainAffixGroup":51,"SubAffixGroup":5,"MaxLevel":15,"ExpType":4,"ExpProvide":1500,"CoinCost":2250,"Mode":"BASIC"},"61052":{"ID":61052,"SetID":105,"Type":"HAND","Rarity":"CombatPowerRelicRarity5","MainAffixGroup":52,"SubAffixGroup":5,"MaxLevel":15,"ExpType":4,"ExpProvide":1500,"CoinCost":2250,"Mode":"BASIC"},"61053":{"ID":61053,"SetID":105,"Type":"BODY","Rarity":"CombatPowerRelicRarity5","MainAffixGroup":53,"SubAffixGroup":5,"MaxLevel":15,"ExpType":4,"ExpProvide":1500,"CoinCost":2250,"Mode":"BASIC"},"61054":{"ID":61054,"SetID":105,"Type":"FOOT","Rarity":"CombatPowerRelicRarity5","MainAffixGroup":54,"SubAffixGroup":5,"MaxLevel":15,"ExpType":4,"ExpProvide":1500,"CoinCost":2250,"Mode":"BASIC"},"61061":{"ID":61061,"SetID":106,"Type":"HEAD","Rarity":"CombatPowerRelicRarity5","MainAffixGroup":51,"SubAffixGroup":5,"MaxLevel":15,"ExpType":4,"ExpProvide":1500,"CoinCost":2250,"Mode":"BASIC"},"61062":{"ID":61062,"SetID":106,"Type":"HAND","Rarity":"CombatPowerRelicRarity5","MainAffixGroup":52,"SubAffixGroup":5,"MaxLevel":15,"ExpType":4,"ExpProvide":1500,"CoinCost":2250,"Mode":"BASIC"},"61063":{"ID":61063,"SetID":106,"Type":"BODY","Rarity":"CombatPowerRelicRarity5","MainAffixGroup":53,"SubAffixGroup":5,"MaxLevel":15,"ExpType":4,"ExpProvide":1500,"CoinCost":2250,"Mode":"BASIC"},"61064":{"ID":61064,"SetID":106,"Type":"FOOT","Rarity":"CombatPowerRelicRarity5","MainAffixGroup":54,"SubAffixGroup":5,"MaxLevel":15,"ExpType":4,"ExpProvide":1500,"CoinCost":2250,"Mode":"BASIC"},"61071":{"ID":61071,"SetID":107,"Type":"HEAD","Rarity":"CombatPowerRelicRarity5","MainAffixGroup":51,"SubAffixGroup":5,"MaxLevel":15,"ExpType":4,"ExpProvide":1500,"CoinCost":2250,"Mode":"BASIC"},"61072":{"ID":61072,"SetID":107,"Type":"HAND","Rarity":"CombatPowerRelicRarity5","MainAffixGroup":52,"SubAffixGroup":5,"MaxLevel":15,"ExpType":4,"ExpProvide":1500,"CoinCost":2250,"Mode":"BASIC"},"61073":{"ID":61073,"SetID":107,"Type":"BODY","Rarity":"CombatPowerRelicRarity5","MainAffixGroup":53,"SubAffixGroup":5,"MaxLevel":15,"ExpType":4,"ExpProvide":1500,"CoinCost":2250,"Mode":"BASIC"},"61074":{"ID":61074,"SetID":107,"Type":"FOOT","Rarity":"CombatPowerRelicRarity5","MainAffixGroup":54,"SubAffixGroup":5,"MaxLevel":15,"ExpType":4,"ExpProvide":1500,"CoinCost":2250,"Mode":"BASIC"},"61081":{"ID":61081,"SetID":108,"Type":"HEAD","Rarity":"CombatPowerRelicRarity5","MainAffixGroup":51,"SubAffixGroup":5,"MaxLevel":15,"ExpType":4,"ExpProvide":1500,"CoinCost":2250,"Mode":"BASIC"},"61082":{"ID":61082,"SetID":108,"Type":"HAND","Rarity":"CombatPowerRelicRarity5","MainAffixGroup":52,"SubAffixGroup":5,"MaxLevel":15,"ExpType":4,"ExpProvide":1500,"CoinCost":2250,"Mode":"BASIC"},"61083":{"ID":61083,"SetID":108,"Type":"BODY","Rarity":"CombatPowerRelicRarity5","MainAffixGroup":53,"SubAffixGroup":5,"MaxLevel":15,"ExpType":4,"ExpProvide":1500,"CoinCost":2250,"Mode":"BASIC"},"61084":{"ID":61084,"SetID":108,"Type":"FOOT","Rarity":"CombatPowerRelicRarity5","MainAffixGroup":54,"SubAffixGroup":5,"MaxLevel":15,"ExpType":4,"ExpProvide":1500,"CoinCost":2250,"Mode":"BASIC"},"61091":{"ID":61091,"SetID":109,"Type":"HEAD","Rarity":"CombatPowerRelicRarity5","MainAffixGroup":51,"SubAffixGroup":5,"MaxLevel":15,"ExpType":4,"ExpProvide":1500,"CoinCost":2250,"Mode":"BASIC"},"61092":{"ID":61092,"SetID":109,"Type":"HAND","Rarity":"CombatPowerRelicRarity5","MainAffixGroup":52,"SubAffixGroup":5,"MaxLevel":15,"ExpType":4,"ExpProvide":1500,"CoinCost":2250,"Mode":"BASIC"},"61093":{"ID":61093,"SetID":109,"Type":"BODY","Rarity":"CombatPowerRelicRarity5","MainAffixGroup":53,"SubAffixGroup":5,"MaxLevel":15,"ExpType":4,"ExpProvide":1500,"CoinCost":2250,"Mode":"BASIC"},"61094":{"ID":61094,"SetID":109,"Type":"FOOT","Rarity":"CombatPowerRelicRarity5","MainAffixGroup":54,"SubAffixGroup":5,"MaxLevel":15,"ExpType":4,"ExpProvide":1500,"CoinCost":2250,"Mode":"BASIC"},"61101":{"ID":61101,"SetID":110,"Type":"HEAD","Rarity":"CombatPowerRelicRarity5","MainAffixGroup":51,"SubAffixGroup":5,"MaxLevel":15,"ExpType":4,"ExpProvide":1500,"CoinCost":2250,"Mode":"BASIC"},"61102":{"ID":61102,"SetID":110,"Type":"HAND","Rarity":"CombatPowerRelicRarity5","MainAffixGroup":52,"SubAffixGroup":5,"MaxLevel":15,"ExpType":4,"ExpProvide":1500,"CoinCost":2250,"Mode":"BASIC"},"61103":{"ID":61103,"SetID":110,"Type":"BODY","Rarity":"CombatPowerRelicRarity5","MainAffixGroup":53,"SubAffixGroup":5,"MaxLevel":15,"ExpType":4,"ExpProvide":1500,"CoinCost":2250,"Mode":"BASIC"},"61104":{"ID":61104,"SetID":110,"Type":"FOOT","Rarity":"CombatPowerRelicRarity5","MainAffixGroup":54,"SubAffixGroup":5,"MaxLevel":15,"ExpType":4,"ExpProvide":1500,"CoinCost":2250,"Mode":"BASIC"},"61111":{"ID":61111,"SetID":111,"Type":"HEAD","Rarity":"CombatPowerRelicRarity5","MainAffixGroup":51,"SubAffixGroup":5,"MaxLevel":15,"ExpType":4,"ExpProvide":1500,"CoinCost":2250,"Mode":"BASIC"},"61112":{"ID":61112,"SetID":111,"Type":"HAND","Rarity":"CombatPowerRelicRarity5","MainAffixGroup":52,"SubAffixGroup":5,"MaxLevel":15,"ExpType":4,"ExpProvide":1500,"CoinCost":2250,"Mode":"BASIC"},"61113":{"ID":61113,"SetID":111,"Type":"BODY","Rarity":"CombatPowerRelicRarity5","MainAffixGroup":53,"SubAffixGroup":5,"MaxLevel":15,"ExpType":4,"ExpProvide":1500,"CoinCost":2250,"Mode":"BASIC"},"61114":{"ID":61114,"SetID":111,"Type":"FOOT","Rarity":"CombatPowerRelicRarity5","MainAffixGroup":54,"SubAffixGroup":5,"MaxLevel":15,"ExpType":4,"ExpProvide":1500,"CoinCost":2250,"Mode":"BASIC"},"61121":{"ID":61121,"SetID":112,"Type":"HEAD","Rarity":"CombatPowerRelicRarity5","MainAffixGroup":51,"SubAffixGroup":5,"MaxLevel":15,"ExpType":4,"ExpProvide":1500,"CoinCost":2250,"Mode":"BASIC"},"61122":{"ID":61122,"SetID":112,"Type":"HAND","Rarity":"CombatPowerRelicRarity5","MainAffixGroup":52,"SubAffixGroup":5,"MaxLevel":15,"ExpType":4,"ExpProvide":1500,"CoinCost":2250,"Mode":"BASIC"},"61123":{"ID":61123,"SetID":112,"Type":"BODY","Rarity":"CombatPowerRelicRarity5","MainAffixGroup":53,"SubAffixGroup":5,"MaxLevel":15,"ExpType":4,"ExpProvide":1500,"CoinCost":2250,"Mode":"BASIC"},"61124":{"ID":61124,"SetID":112,"Type":"FOOT","Rarity":"CombatPowerRelicRarity5","MainAffixGroup":54,"SubAffixGroup":5,"MaxLevel":15,"ExpType":4,"ExpProvide":1500,"CoinCost":2250,"Mode":"BASIC"},"61131":{"ID":61131,"SetID":113,"Type":"HEAD","Rarity":"CombatPowerRelicRarity5","MainAffixGroup":51,"SubAffixGroup":5,"MaxLevel":15,"ExpType":4,"ExpProvide":1500,"CoinCost":2250,"Mode":"BASIC"},"61132":{"ID":61132,"SetID":113,"Type":"HAND","Rarity":"CombatPowerRelicRarity5","MainAffixGroup":52,"SubAffixGroup":5,"MaxLevel":15,"ExpType":4,"ExpProvide":1500,"CoinCost":2250,"Mode":"BASIC"},"61133":{"ID":61133,"SetID":113,"Type":"BODY","Rarity":"CombatPowerRelicRarity5","MainAffixGroup":53,"SubAffixGroup":5,"MaxLevel":15,"ExpType":4,"ExpProvide":1500,"CoinCost":2250,"Mode":"BASIC"},"61134":{"ID":61134,"SetID":113,"Type":"FOOT","Rarity":"CombatPowerRelicRarity5","MainAffixGroup":54,"SubAffixGroup":5,"MaxLevel":15,"ExpType":4,"ExpProvide":1500,"CoinCost":2250,"Mode":"BASIC"},"61141":{"ID":61141,"SetID":114,"Type":"HEAD","Rarity":"CombatPowerRelicRarity5","MainAffixGroup":51,"SubAffixGroup":5,"MaxLevel":15,"ExpType":4,"ExpProvide":1500,"CoinCost":2250,"Mode":"BASIC"},"61142":{"ID":61142,"SetID":114,"Type":"HAND","Rarity":"CombatPowerRelicRarity5","MainAffixGroup":52,"SubAffixGroup":5,"MaxLevel":15,"ExpType":4,"ExpProvide":1500,"CoinCost":2250,"Mode":"BASIC"},"61143":{"ID":61143,"SetID":114,"Type":"BODY","Rarity":"CombatPowerRelicRarity5","MainAffixGroup":53,"SubAffixGroup":5,"MaxLevel":15,"ExpType":4,"ExpProvide":1500,"CoinCost":2250,"Mode":"BASIC"},"61144":{"ID":61144,"SetID":114,"Type":"FOOT","Rarity":"CombatPowerRelicRarity5","MainAffixGroup":54,"SubAffixGroup":5,"MaxLevel":15,"ExpType":4,"ExpProvide":1500,"CoinCost":2250,"Mode":"BASIC"},"61151":{"ID":61151,"SetID":115,"Type":"HEAD","Rarity":"CombatPowerRelicRarity5","MainAffixGroup":51,"SubAffixGroup":5,"MaxLevel":15,"ExpType":4,"ExpProvide":1500,"CoinCost":2250,"Mode":"BASIC"},"61152":{"ID":61152,"SetID":115,"Type":"HAND","Rarity":"CombatPowerRelicRarity5","MainAffixGroup":52,"SubAffixGroup":5,"MaxLevel":15,"ExpType":4,"ExpProvide":1500,"CoinCost":2250,"Mode":"BASIC"},"61153":{"ID":61153,"SetID":115,"Type":"BODY","Rarity":"CombatPowerRelicRarity5","MainAffixGroup":53,"SubAffixGroup":5,"MaxLevel":15,"ExpType":4,"ExpProvide":1500,"CoinCost":2250,"Mode":"BASIC"},"61154":{"ID":61154,"SetID":115,"Type":"FOOT","Rarity":"CombatPowerRelicRarity5","MainAffixGroup":54,"SubAffixGroup":5,"MaxLevel":15,"ExpType":4,"ExpProvide":1500,"CoinCost":2250,"Mode":"BASIC"},"61161":{"ID":61161,"SetID":116,"Type":"HEAD","Rarity":"CombatPowerRelicRarity5","MainAffixGroup":51,"SubAffixGroup":5,"MaxLevel":15,"ExpType":4,"ExpProvide":1500,"CoinCost":2250,"Mode":"BASIC"},"61162":{"ID":61162,"SetID":116,"Type":"HAND","Rarity":"CombatPowerRelicRarity5","MainAffixGroup":52,"SubAffixGroup":5,"MaxLevel":15,"ExpType":4,"ExpProvide":1500,"CoinCost":2250,"Mode":"BASIC"},"61163":{"ID":61163,"SetID":116,"Type":"BODY","Rarity":"CombatPowerRelicRarity5","MainAffixGroup":53,"SubAffixGroup":5,"MaxLevel":15,"ExpType":4,"ExpProvide":1500,"CoinCost":2250,"Mode":"BASIC"},"61164":{"ID":61164,"SetID":116,"Type":"FOOT","Rarity":"CombatPowerRelicRarity5","MainAffixGroup":54,"SubAffixGroup":5,"MaxLevel":15,"ExpType":4,"ExpProvide":1500,"CoinCost":2250,"Mode":"BASIC"},"61171":{"ID":61171,"SetID":117,"Type":"HEAD","Rarity":"CombatPowerRelicRarity5","MainAffixGroup":51,"SubAffixGroup":5,"MaxLevel":15,"ExpType":4,"ExpProvide":1500,"CoinCost":2250,"Mode":"BASIC"},"61172":{"ID":61172,"SetID":117,"Type":"HAND","Rarity":"CombatPowerRelicRarity5","MainAffixGroup":52,"SubAffixGroup":5,"MaxLevel":15,"ExpType":4,"ExpProvide":1500,"CoinCost":2250,"Mode":"BASIC"},"61173":{"ID":61173,"SetID":117,"Type":"BODY","Rarity":"CombatPowerRelicRarity5","MainAffixGroup":53,"SubAffixGroup":5,"MaxLevel":15,"ExpType":4,"ExpProvide":1500,"CoinCost":2250,"Mode":"BASIC"},"61174":{"ID":61174,"SetID":117,"Type":"FOOT","Rarity":"CombatPowerRelicRarity5","MainAffixGroup":54,"SubAffixGroup":5,"MaxLevel":15,"ExpType":4,"ExpProvide":1500,"CoinCost":2250,"Mode":"BASIC"},"61181":{"ID":61181,"SetID":118,"Type":"HEAD","Rarity":"CombatPowerRelicRarity5","MainAffixGroup":51,"SubAffixGroup":5,"MaxLevel":15,"ExpType":4,"ExpProvide":1500,"CoinCost":2250,"Mode":"BASIC"},"61182":{"ID":61182,"SetID":118,"Type":"HAND","Rarity":"CombatPowerRelicRarity5","MainAffixGroup":52,"SubAffixGroup":5,"MaxLevel":15,"ExpType":4,"ExpProvide":1500,"CoinCost":2250,"Mode":"BASIC"},"61183":{"ID":61183,"SetID":118,"Type":"BODY","Rarity":"CombatPowerRelicRarity5","MainAffixGroup":53,"SubAffixGroup":5,"MaxLevel":15,"ExpType":4,"ExpProvide":1500,"CoinCost":2250,"Mode":"BASIC"},"61184":{"ID":61184,"SetID":118,"Type":"FOOT","Rarity":"CombatPowerRelicRarity5","MainAffixGroup":54,"SubAffixGroup":5,"MaxLevel":15,"ExpType":4,"ExpProvide":1500,"CoinCost":2250,"Mode":"BASIC"},"61191":{"ID":61191,"SetID":119,"Type":"HEAD","Rarity":"CombatPowerRelicRarity5","MainAffixGroup":51,"SubAffixGroup":5,"MaxLevel":15,"ExpType":4,"ExpProvide":1500,"CoinCost":2250,"Mode":"BASIC"},"61192":{"ID":61192,"SetID":119,"Type":"HAND","Rarity":"CombatPowerRelicRarity5","MainAffixGroup":52,"SubAffixGroup":5,"MaxLevel":15,"ExpType":4,"ExpProvide":1500,"CoinCost":2250,"Mode":"BASIC"},"61193":{"ID":61193,"SetID":119,"Type":"BODY","Rarity":"CombatPowerRelicRarity5","MainAffixGroup":53,"SubAffixGroup":5,"MaxLevel":15,"ExpType":4,"ExpProvide":1500,"CoinCost":2250,"Mode":"BASIC"},"61194":{"ID":61194,"SetID":119,"Type":"FOOT","Rarity":"CombatPowerRelicRarity5","MainAffixGroup":54,"SubAffixGroup":5,"MaxLevel":15,"ExpType":4,"ExpProvide":1500,"CoinCost":2250,"Mode":"BASIC"},"61201":{"ID":61201,"SetID":120,"Type":"HEAD","Rarity":"CombatPowerRelicRarity5","MainAffixGroup":51,"SubAffixGroup":5,"MaxLevel":15,"ExpType":4,"ExpProvide":1500,"CoinCost":2250,"Mode":"BASIC"},"61202":{"ID":61202,"SetID":120,"Type":"HAND","Rarity":"CombatPowerRelicRarity5","MainAffixGroup":52,"SubAffixGroup":5,"MaxLevel":15,"ExpType":4,"ExpProvide":1500,"CoinCost":2250,"Mode":"BASIC"},"61203":{"ID":61203,"SetID":120,"Type":"BODY","Rarity":"CombatPowerRelicRarity5","MainAffixGroup":53,"SubAffixGroup":5,"MaxLevel":15,"ExpType":4,"ExpProvide":1500,"CoinCost":2250,"Mode":"BASIC"},"61204":{"ID":61204,"SetID":120,"Type":"FOOT","Rarity":"CombatPowerRelicRarity5","MainAffixGroup":54,"SubAffixGroup":5,"MaxLevel":15,"ExpType":4,"ExpProvide":1500,"CoinCost":2250,"Mode":"BASIC"},"63015":{"ID":63015,"SetID":301,"Type":"NECK","Rarity":"CombatPowerRelicRarity5","MainAffixGroup":55,"SubAffixGroup":5,"MaxLevel":15,"ExpType":4,"ExpProvide":1500,"CoinCost":2250,"Mode":"BASIC"},"63016":{"ID":63016,"SetID":301,"Type":"OBJECT","Rarity":"CombatPowerRelicRarity5","MainAffixGroup":56,"SubAffixGroup":5,"MaxLevel":15,"ExpType":4,"ExpProvide":1500,"CoinCost":2250,"Mode":"BASIC"},"63025":{"ID":63025,"SetID":302,"Type":"NECK","Rarity":"CombatPowerRelicRarity5","MainAffixGroup":55,"SubAffixGroup":5,"MaxLevel":15,"ExpType":4,"ExpProvide":1500,"CoinCost":2250,"Mode":"BASIC"},"63026":{"ID":63026,"SetID":302,"Type":"OBJECT","Rarity":"CombatPowerRelicRarity5","MainAffixGroup":56,"SubAffixGroup":5,"MaxLevel":15,"ExpType":4,"ExpProvide":1500,"CoinCost":2250,"Mode":"BASIC"},"63035":{"ID":63035,"SetID":303,"Type":"NECK","Rarity":"CombatPowerRelicRarity5","MainAffixGroup":55,"SubAffixGroup":5,"MaxLevel":15,"ExpType":4,"ExpProvide":1500,"CoinCost":2250,"Mode":"BASIC"},"63036":{"ID":63036,"SetID":303,"Type":"OBJECT","Rarity":"CombatPowerRelicRarity5","MainAffixGroup":56,"SubAffixGroup":5,"MaxLevel":15,"ExpType":4,"ExpProvide":1500,"CoinCost":2250,"Mode":"BASIC"},"63045":{"ID":63045,"SetID":304,"Type":"NECK","Rarity":"CombatPowerRelicRarity5","MainAffixGroup":55,"SubAffixGroup":5,"MaxLevel":15,"ExpType":4,"ExpProvide":1500,"CoinCost":2250,"Mode":"BASIC"},"63046":{"ID":63046,"SetID":304,"Type":"OBJECT","Rarity":"CombatPowerRelicRarity5","MainAffixGroup":56,"SubAffixGroup":5,"MaxLevel":15,"ExpType":4,"ExpProvide":1500,"CoinCost":2250,"Mode":"BASIC"},"63055":{"ID":63055,"SetID":305,"Type":"NECK","Rarity":"CombatPowerRelicRarity5","MainAffixGroup":55,"SubAffixGroup":5,"MaxLevel":15,"ExpType":4,"ExpProvide":1500,"CoinCost":2250,"Mode":"BASIC"},"63056":{"ID":63056,"SetID":305,"Type":"OBJECT","Rarity":"CombatPowerRelicRarity5","MainAffixGroup":56,"SubAffixGroup":5,"MaxLevel":15,"ExpType":4,"ExpProvide":1500,"CoinCost":2250,"Mode":"BASIC"},"63065":{"ID":63065,"SetID":306,"Type":"NECK","Rarity":"CombatPowerRelicRarity5","MainAffixGroup":55,"SubAffixGroup":5,"MaxLevel":15,"ExpType":4,"ExpProvide":1500,"CoinCost":2250,"Mode":"BASIC"},"63066":{"ID":63066,"SetID":306,"Type":"OBJECT","Rarity":"CombatPowerRelicRarity5","MainAffixGroup":56,"SubAffixGroup":5,"MaxLevel":15,"ExpType":4,"ExpProvide":1500,"CoinCost":2250,"Mode":"BASIC"},"63075":{"ID":63075,"SetID":307,"Type":"NECK","Rarity":"CombatPowerRelicRarity5","MainAffixGroup":55,"SubAffixGroup":5,"MaxLevel":15,"ExpType":4,"ExpProvide":1500,"CoinCost":2250,"Mode":"BASIC"},"63076":{"ID":63076,"SetID":307,"Type":"OBJECT","Rarity":"CombatPowerRelicRarity5","MainAffixGroup":56,"SubAffixGroup":5,"MaxLevel":15,"ExpType":4,"ExpProvide":1500,"CoinCost":2250,"Mode":"BASIC"},"63085":{"ID":63085,"SetID":308,"Type":"NECK","Rarity":"CombatPowerRelicRarity5","MainAffixGroup":55,"SubAffixGroup":5,"MaxLevel":15,"ExpType":4,"ExpProvide":1500,"CoinCost":2250,"Mode":"BASIC"},"63086":{"ID":63086,"SetID":308,"Type":"OBJECT","Rarity":"CombatPowerRelicRarity5","MainAffixGroup":56,"SubAffixGroup":5,"MaxLevel":15,"ExpType":4,"ExpProvide":1500,"CoinCost":2250,"Mode":"BASIC"},"63095":{"ID":63095,"SetID":309,"Type":"NECK","Rarity":"CombatPowerRelicRarity5","MainAffixGroup":55,"SubAffixGroup":5,"MaxLevel":15,"ExpType":4,"ExpProvide":1500,"CoinCost":2250,"Mode":"BASIC"},"63096":{"ID":63096,"SetID":309,"Type":"OBJECT","Rarity":"CombatPowerRelicRarity5","MainAffixGroup":56,"SubAffixGroup":5,"MaxLevel":15,"ExpType":4,"ExpProvide":1500,"CoinCost":2250,"Mode":"BASIC"},"63105":{"ID":63105,"SetID":310,"Type":"NECK","Rarity":"CombatPowerRelicRarity5","MainAffixGroup":55,"SubAffixGroup":5,"MaxLevel":15,"ExpType":4,"ExpProvide":1500,"CoinCost":2250,"Mode":"BASIC"},"63106":{"ID":63106,"SetID":310,"Type":"OBJECT","Rarity":"CombatPowerRelicRarity5","MainAffixGroup":56,"SubAffixGroup":5,"MaxLevel":15,"ExpType":4,"ExpProvide":1500,"CoinCost":2250,"Mode":"BASIC"},"63115":{"ID":63115,"SetID":311,"Type":"NECK","Rarity":"CombatPowerRelicRarity5","MainAffixGroup":55,"SubAffixGroup":5,"MaxLevel":15,"ExpType":4,"ExpProvide":1500,"CoinCost":2250,"Mode":"BASIC"},"63116":{"ID":63116,"SetID":311,"Type":"OBJECT","Rarity":"CombatPowerRelicRarity5","MainAffixGroup":56,"SubAffixGroup":5,"MaxLevel":15,"ExpType":4,"ExpProvide":1500,"CoinCost":2250,"Mode":"BASIC"},"63125":{"ID":63125,"SetID":312,"Type":"NECK","Rarity":"CombatPowerRelicRarity5","MainAffixGroup":55,"SubAffixGroup":5,"MaxLevel":15,"ExpType":4,"ExpProvide":1500,"CoinCost":2250,"Mode":"BASIC"},"63126":{"ID":63126,"SetID":312,"Type":"OBJECT","Rarity":"CombatPowerRelicRarity5","MainAffixGroup":56,"SubAffixGroup":5,"MaxLevel":15,"ExpType":4,"ExpProvide":1500,"CoinCost":2250,"Mode":"BASIC"},"63135":{"ID":63135,"SetID":313,"Type":"NECK","Rarity":"CombatPowerRelicRarity5","MainAffixGroup":55,"SubAffixGroup":5,"MaxLevel":15,"ExpType":4,"ExpProvide":1500,"CoinCost":2250,"Mode":"BASIC"},"63136":{"ID":63136,"SetID":313,"Type":"OBJECT","Rarity":"CombatPowerRelicRarity5","MainAffixGroup":56,"SubAffixGroup":5,"MaxLevel":15,"ExpType":4,"ExpProvide":1500,"CoinCost":2250,"Mode":"BASIC"},"63145":{"ID":63145,"SetID":314,"Type":"NECK","Rarity":"CombatPowerRelicRarity5","MainAffixGroup":55,"SubAffixGroup":5,"MaxLevel":15,"ExpType":4,"ExpProvide":1500,"CoinCost":2250,"Mode":"BASIC"},"63146":{"ID":63146,"SetID":314,"Type":"OBJECT","Rarity":"CombatPowerRelicRarity5","MainAffixGroup":56,"SubAffixGroup":5,"MaxLevel":15,"ExpType":4,"ExpProvide":1500,"CoinCost":2250,"Mode":"BASIC"},"63155":{"ID":63155,"SetID":315,"Type":"NECK","Rarity":"CombatPowerRelicRarity5","MainAffixGroup":55,"SubAffixGroup":5,"MaxLevel":15,"ExpType":4,"ExpProvide":1500,"CoinCost":2250,"Mode":"BASIC"},"63156":{"ID":63156,"SetID":315,"Type":"OBJECT","Rarity":"CombatPowerRelicRarity5","MainAffixGroup":56,"SubAffixGroup":5,"MaxLevel":15,"ExpType":4,"ExpProvide":1500,"CoinCost":2250,"Mode":"BASIC"},"63165":{"ID":63165,"SetID":316,"Type":"NECK","Rarity":"CombatPowerRelicRarity5","MainAffixGroup":55,"SubAffixGroup":5,"MaxLevel":15,"ExpType":4,"ExpProvide":1500,"CoinCost":2250,"Mode":"BASIC"},"63166":{"ID":63166,"SetID":316,"Type":"OBJECT","Rarity":"CombatPowerRelicRarity5","MainAffixGroup":56,"SubAffixGroup":5,"MaxLevel":15,"ExpType":4,"ExpProvide":1500,"CoinCost":2250,"Mode":"BASIC"},"63175":{"ID":63175,"SetID":317,"Type":"NECK","Rarity":"CombatPowerRelicRarity5","MainAffixGroup":55,"SubAffixGroup":5,"MaxLevel":15,"ExpType":4,"ExpProvide":1500,"CoinCost":2250,"Mode":"BASIC"},"63176":{"ID":63176,"SetID":317,"Type":"OBJECT","Rarity":"CombatPowerRelicRarity5","MainAffixGroup":56,"SubAffixGroup":5,"MaxLevel":15,"ExpType":4,"ExpProvide":1500,"CoinCost":2250,"Mode":"BASIC"},"63185":{"ID":63185,"SetID":318,"Type":"NECK","Rarity":"CombatPowerRelicRarity5","MainAffixGroup":55,"SubAffixGroup":5,"MaxLevel":15,"ExpType":4,"ExpProvide":1500,"CoinCost":2250,"Mode":"BASIC"},"63186":{"ID":63186,"SetID":318,"Type":"OBJECT","Rarity":"CombatPowerRelicRarity5","MainAffixGroup":56,"SubAffixGroup":5,"MaxLevel":15,"ExpType":4,"ExpProvide":1500,"CoinCost":2250,"Mode":"BASIC"}}