{"101":{"SetID":101,"SetSkillList":[2,4],"SetIconPath":"SpriteOutput/ItemIcon/71000.png","SetIconFigurePath":"SpriteOutput/ItemFigures/71000.png","SetName":{"Hash":581502206},"Release":true},"102":{"SetID":102,"SetSkillList":[2,4],"SetIconPath":"SpriteOutput/ItemIcon/71001.png","SetIconFigurePath":"SpriteOutput/ItemFigures/71001.png","SetName":{"Hash":178217679},"Release":true},"103":{"SetID":103,"SetSkillList":[2,4],"SetIconPath":"SpriteOutput/ItemIcon/71002.png","SetIconFigurePath":"SpriteOutput/ItemFigures/71002.png","SetName":{"Hash":1744301620},"Release":true},"104":{"SetID":104,"SetSkillList":[2,4],"SetIconPath":"SpriteOutput/ItemIcon/71003.png","SetIconFigurePath":"SpriteOutput/ItemFigures/71003.png","SetName":{"Hash":984786733},"Release":true},"105":{"SetID":105,"SetSkillList":[2,4],"SetIconPath":"SpriteOutput/ItemIcon/71004.png","SetIconFigurePath":"SpriteOutput/ItemFigures/71004.png","SetName":{"Hash":-1744096622},"Release":true},"106":{"SetID":106,"SetSkillList":[2,4],"SetIconPath":"SpriteOutput/ItemIcon/71005.png","SetIconFigurePath":"SpriteOutput/ItemFigures/71005.png","SetName":{"Hash":-2147381149},"Release":true},"107":{"SetID":107,"SetSkillList":[2,4],"SetIconPath":"SpriteOutput/ItemIcon/71006.png","SetIconFigurePath":"SpriteOutput/ItemFigures/71006.png","SetName":{"Hash":-581297208},"Release":true},"108":{"SetID":108,"SetSkillList":[2,4],"SetIconPath":"SpriteOutput/ItemIcon/71007.png","SetIconFigurePath":"SpriteOutput/ItemFigures/71007.png","SetName":{"Hash":-1340812095},"Release":true},"109":{"SetID":109,"SetSkillList":[2,4],"SetIconPath":"SpriteOutput/ItemIcon/71008.png","SetIconFigurePath":"SpriteOutput/ItemFigures/71008.png","SetName":{"Hash":225271846},"Release":true},"110":{"SetID":110,"SetSkillList":[2,4],"SetIconPath":"SpriteOutput/ItemIcon/71009.png","SetIconFigurePath":"SpriteOutput/ItemFigures/71009.png","SetName":{"Hash":-984581736},"Release":true},"111":{"SetID":111,"SetSkillList":[2,4],"SetIconPath":"SpriteOutput/ItemIcon/71010.png","SetIconFigurePath":"SpriteOutput/ItemFigures/71010.png","SetName":{"Hash":581502205},"Release":true},"112":{"SetID":112,"SetSkillList":[2,4],"SetIconPath":"SpriteOutput/ItemIcon/71011.png","SetIconFigurePath":"SpriteOutput/ItemFigures/71011.png","SetName":{"Hash":178217678},"Release":true},"113":{"SetID":113,"SetSkillList":[2,4],"SetIconPath":"SpriteOutput/ItemIcon/71020.png","SetIconFigurePath":"SpriteOutput/ItemFigures/71020.png","SetName":{"Hash":1744301619}},"114":{"SetID":114,"SetSkillList":[2,4],"SetIconPath":"SpriteOutput/ItemIcon/71021.png","SetIconFigurePath":"SpriteOutput/ItemFigures/71021.png","SetName":{"Hash":984786732}},"301":{"SetID":301,"SetSkillList":[2],"SetIconPath":"SpriteOutput/ItemIcon/71012.png","SetIconFigurePath":"SpriteOutput/ItemFigures/71012.png","SetName":{"Hash":299177204},"Release":true,"IsPlanarSuit":true},"302":{"SetID":302,"SetSkillList":[2],"SetIconPath":"SpriteOutput/ItemIcon/71013.png","SetIconFigurePath":"SpriteOutput/ItemFigures/71013.png","SetName":{"Hash":1865261145},"Release":true,"IsPlanarSuit":true},"303":{"SetID":303,"SetSkillList":[2],"SetIconPath":"SpriteOutput/ItemIcon/71014.png","SetIconFigurePath":"SpriteOutput/ItemFigures/71014.png","SetName":{"Hash":-863622210},"Release":true,"IsPlanarSuit":true},"304":{"SetID":304,"SetSkillList":[2],"SetIconPath":"SpriteOutput/ItemIcon/71015.png","SetIconFigurePath":"SpriteOutput/ItemFigures/71015.png","SetName":{"Hash":702461731},"Release":true,"IsPlanarSuit":true},"305":{"SetID":305,"SetSkillList":[2],"SetIconPath":"SpriteOutput/ItemIcon/71016.png","SetIconFigurePath":"SpriteOutput/ItemFigures/71016.png","SetName":{"Hash":-2026421624},"Release":true,"IsPlanarSuit":true},"306":{"SetID":306,"SetSkillList":[2],"SetIconPath":"SpriteOutput/ItemIcon/71017.png","SetIconFigurePath":"SpriteOutput/ItemFigures/71017.png","SetName":{"Hash":-460337683},"Release":true,"IsPlanarSuit":true},"307":{"SetID":307,"SetSkillList":[2],"SetIconPath":"SpriteOutput/ItemIcon/71018.png","SetIconFigurePath":"SpriteOutput/ItemFigures/71018.png","SetName":{"Hash":1105746258},"Release":true,"IsPlanarSuit":true},"308":{"SetID":308,"SetSkillList":[2],"SetIconPath":"SpriteOutput/ItemIcon/71019.png","SetIconFigurePath":"SpriteOutput/ItemFigures/71019.png","SetName":{"Hash":-1623137097},"Release":true,"IsPlanarSuit":true},"309":{"SetID":309,"SetSkillList":[2],"SetIconPath":"SpriteOutput/ItemIcon/71022.png","SetIconFigurePath":"SpriteOutput/ItemFigures/71022.png","SetName":{"Hash":-57053156},"IsPlanarSuit":true},"310":{"SetID":310,"SetSkillList":[2],"SetIconPath":"SpriteOutput/ItemIcon/71023.png","SetIconFigurePath":"SpriteOutput/ItemFigures/71023.png","SetName":{"Hash":-1266906738},"IsPlanarSuit":true}}