{"101":{"SetID":101,"SetSkillList":[2,4],"SetIconPath":"SpriteOutput/ItemIcon/71000.png","SetIconFigurePath":"SpriteOutput/ItemFigures/71000.png","SetName":{"Hash":17317659818484992751},"DisplayItemID":81014,"DisplayItemIDRarity4":81013,"Release":true,"ReleaseVersion":"1.0"},"102":{"SetID":102,"SetSkillList":[2,4],"SetIconPath":"SpriteOutput/ItemIcon/71001.png","SetIconFigurePath":"SpriteOutput/ItemFigures/71001.png","SetName":{"Hash":15961209207711443438},"DisplayItemID":81024,"DisplayItemIDRarity4":81023,"Release":true,"ReleaseVersion":"1.0"},"103":{"SetID":103,"SetSkillList":[2,4],"SetIconPath":"SpriteOutput/ItemIcon/71002.png","SetIconFigurePath":"SpriteOutput/ItemFigures/71002.png","SetName":{"Hash":7532735859300580911},"DisplayItemID":81034,"DisplayItemIDRarity4":81033,"Release":true,"ReleaseVersion":"1.0"},"104":{"SetID":104,"SetSkillList":[2,4],"SetIconPath":"SpriteOutput/ItemIcon/71003.png","SetIconFigurePath":"SpriteOutput/ItemFigures/71003.png","SetName":{"Hash":12928675565868716780},"DisplayItemID":81044,"DisplayItemIDRarity4":81043,"Release":true,"ReleaseVersion":"1.0"},"105":{"SetID":105,"SetSkillList":[2,4],"SetIconPath":"SpriteOutput/ItemIcon/71004.png","SetIconFigurePath":"SpriteOutput/ItemFigures/71004.png","SetName":{"Hash":5894179782703982789},"DisplayItemID":81054,"DisplayItemIDRarity4":81053,"Release":true,"ReleaseVersion":"1.0"},"106":{"SetID":106,"SetSkillList":[2,4],"SetIconPath":"SpriteOutput/ItemIcon/71005.png","SetIconFigurePath":"SpriteOutput/ItemFigures/71005.png","SetName":{"Hash":4223996767174314776},"DisplayItemID":81064,"DisplayItemIDRarity4":81063,"Release":true,"ReleaseVersion":"1.0"},"107":{"SetID":107,"SetSkillList":[2,4],"SetIconPath":"SpriteOutput/ItemIcon/71006.png","SetIconFigurePath":"SpriteOutput/ItemFigures/71006.png","SetName":{"Hash":691940696576807574},"DisplayItemID":81074,"DisplayItemIDRarity4":81073,"Release":true,"ReleaseVersion":"1.0"},"108":{"SetID":108,"SetSkillList":[2,4],"SetIconPath":"SpriteOutput/ItemIcon/71007.png","SetIconFigurePath":"SpriteOutput/ItemFigures/71007.png","SetName":{"Hash":12009958091174901929},"DisplayItemID":81084,"DisplayItemIDRarity4":81083,"Release":true,"ReleaseVersion":"1.0"},"109":{"SetID":109,"SetSkillList":[2,4],"SetIconPath":"SpriteOutput/ItemIcon/71008.png","SetIconFigurePath":"SpriteOutput/ItemFigures/71008.png","SetName":{"Hash":11118391870017519416},"DisplayItemID":81094,"DisplayItemIDRarity4":81093,"Release":true,"ReleaseVersion":"1.0"},"110":{"SetID":110,"SetSkillList":[2,4],"SetIconPath":"SpriteOutput/ItemIcon/71009.png","SetIconFigurePath":"SpriteOutput/ItemFigures/71009.png","SetName":{"Hash":11614148559991448359},"DisplayItemID":81104,"DisplayItemIDRarity4":81103,"Release":true,"ReleaseVersion":"1.0"},"111":{"SetID":111,"SetSkillList":[2,4],"SetIconPath":"SpriteOutput/ItemIcon/71010.png","SetIconFigurePath":"SpriteOutput/ItemFigures/71010.png","SetName":{"Hash":14403438609269745683},"DisplayItemID":81114,"DisplayItemIDRarity4":81113,"Release":true,"ReleaseVersion":"1.0"},"112":{"SetID":112,"SetSkillList":[2,4],"SetIconPath":"SpriteOutput/ItemIcon/71011.png","SetIconFigurePath":"SpriteOutput/ItemFigures/71011.png","SetName":{"Hash":17213921005499068290},"DisplayItemID":81124,"DisplayItemIDRarity4":81123,"Release":true,"ReleaseVersion":"1.0"},"113":{"SetID":113,"SetSkillList":[2,4],"SetIconPath":"SpriteOutput/ItemIcon/71020.png","SetIconFigurePath":"SpriteOutput/ItemFigures/71020.png","SetName":{"Hash":3641792320096875749},"DisplayItemID":81134,"DisplayItemIDRarity4":81133,"Release":true,"ReleaseVersion":"1.2"},"114":{"SetID":114,"SetSkillList":[2,4],"SetIconPath":"SpriteOutput/ItemIcon/71021.png","SetIconFigurePath":"SpriteOutput/ItemFigures/71021.png","SetName":{"Hash":1311116816978843608},"DisplayItemID":81144,"DisplayItemIDRarity4":81143,"Release":true,"ReleaseVersion":"1.2"},"115":{"SetID":115,"SetSkillList":[2,4],"SetIconPath":"SpriteOutput/ItemIcon/71024.png","SetIconFigurePath":"SpriteOutput/ItemFigures/71024.png","SetName":{"Hash":17320057363598581869},"DisplayItemID":81154,"DisplayItemIDRarity4":81153,"Release":true,"ReleaseVersion":"1.5"},"116":{"SetID":116,"SetSkillList":[2,4],"SetIconPath":"SpriteOutput/ItemIcon/71025.png","SetIconFigurePath":"SpriteOutput/ItemFigures/71025.png","SetName":{"Hash":5130619865034866834},"DisplayItemID":81164,"DisplayItemIDRarity4":81163,"Release":true,"ReleaseVersion":"1.5"},"117":{"SetID":117,"SetSkillList":[2,4],"SetIconPath":"SpriteOutput/ItemIcon/71028.png","SetIconFigurePath":"SpriteOutput/ItemFigures/71028.png","SetName":{"Hash":12065893464955771102},"DisplayItemID":81174,"DisplayItemIDRarity4":81173,"Release":true,"ReleaseVersion":"2.0"},"118":{"SetID":118,"SetSkillList":[2,4],"SetIconPath":"SpriteOutput/ItemIcon/71029.png","SetIconFigurePath":"SpriteOutput/ItemFigures/71029.png","SetName":{"Hash":6302684422138455917},"DisplayItemID":81184,"DisplayItemIDRarity4":81183,"Release":true,"ReleaseVersion":"2.0"},"119":{"SetID":119,"SetSkillList":[2,4],"SetIconPath":"SpriteOutput/ItemIcon/71032.png","SetIconFigurePath":"SpriteOutput/ItemFigures/71032.png","SetName":{"Hash":4739615311632545717},"DisplayItemID":81194,"DisplayItemIDRarity4":81193,"Release":true,"ReleaseVersion":"2.3"},"120":{"SetID":120,"SetSkillList":[2,4],"SetIconPath":"SpriteOutput/ItemIcon/71033.png","SetIconFigurePath":"SpriteOutput/ItemFigures/71033.png","SetName":{"Hash":8500506346736322454},"DisplayItemID":81204,"DisplayItemIDRarity4":81203,"Release":true,"ReleaseVersion":"2.3"},"121":{"SetID":121,"SetSkillList":[2,4],"SetIconPath":"SpriteOutput/ItemIcon/71038.png","SetIconFigurePath":"SpriteOutput/ItemFigures/71038.png","SetName":{"Hash":10100741507762479438},"DisplayItemID":81214,"DisplayItemIDRarity4":81213,"Release":true,"ReleaseVersion":"2.6"},"122":{"SetID":122,"SetSkillList":[2,4],"SetIconPath":"SpriteOutput/ItemIcon/71039.png","SetIconFigurePath":"SpriteOutput/ItemFigures/71039.png","SetName":{"Hash":414811811168899919},"DisplayItemID":81224,"DisplayItemIDRarity4":81223,"Release":true,"ReleaseVersion":"2.6"},"123":{"SetID":123,"SetSkillList":[2,4],"SetIconPath":"SpriteOutput/ItemIcon/71040.png","SetIconFigurePath":"SpriteOutput/ItemFigures/71040.png","SetName":{"Hash":13758328797608706513},"DisplayItemID":81234,"DisplayItemIDRarity4":81233,"Release":true,"ReleaseVersion":"3.0"},"124":{"SetID":124,"SetSkillList":[2,4],"SetIconPath":"SpriteOutput/ItemIcon/71041.png","SetIconFigurePath":"SpriteOutput/ItemFigures/71041.png","SetName":{"Hash":16325994846712718880},"DisplayItemID":81244,"DisplayItemIDRarity4":81243,"Release":true,"ReleaseVersion":"3.0"},"125":{"SetID":125,"SetSkillList":[2,4],"SetIconPath":"SpriteOutput/ItemIcon/71044.png","SetIconFigurePath":"SpriteOutput/ItemFigures/71044.png","SetName":{"Hash":8516006325888673169},"DisplayItemID":81254,"DisplayItemIDRarity4":81253,"Release":true,"ReleaseVersion":"3.3"},"126":{"SetID":126,"SetSkillList":[2,4],"SetIconPath":"SpriteOutput/ItemIcon/71045.png","SetIconFigurePath":"SpriteOutput/ItemFigures/71045.png","SetName":{"Hash":523245299691720422},"DisplayItemID":81264,"DisplayItemIDRarity4":81263,"Release":true,"ReleaseVersion":"3.3"},"127":{"SetID":127,"SetSkillList":[2,4],"SetIconPath":"SpriteOutput/ItemIcon/71048.png","SetIconFigurePath":"SpriteOutput/ItemFigures/71048.png","SetName":{"Hash":5301884846018242609},"DisplayItemID":81274,"DisplayItemIDRarity4":81273,"Release":true,"ReleaseVersion":"3.6"},"128":{"SetID":128,"SetSkillList":[2,4],"SetIconPath":"SpriteOutput/ItemIcon/71049.png","SetIconFigurePath":"SpriteOutput/ItemFigures/71049.png","SetName":{"Hash":7669912010627541091},"DisplayItemID":81284,"DisplayItemIDRarity4":81283,"Release":true,"ReleaseVersion":"3.6"},"301":{"SetID":301,"SetSkillList":[2],"SetIconPath":"SpriteOutput/ItemIcon/71012.png","SetIconFigurePath":"SpriteOutput/ItemFigures/71012.png","SetName":{"Hash":14003867446772590285},"DisplayItemID":83014,"DisplayItemIDRarity4":83013,"Release":true,"IsPlanarSuit":true,"ReleaseVersion":"1.0"},"302":{"SetID":302,"SetSkillList":[2],"SetIconPath":"SpriteOutput/ItemIcon/71013.png","SetIconFigurePath":"SpriteOutput/ItemFigures/71013.png","SetName":{"Hash":6868625933039604696},"DisplayItemID":83024,"DisplayItemIDRarity4":83023,"Release":true,"IsPlanarSuit":true,"ReleaseVersion":"1.0"},"303":{"SetID":303,"SetSkillList":[2],"SetIconPath":"SpriteOutput/ItemIcon/71014.png","SetIconFigurePath":"SpriteOutput/ItemFigures/71014.png","SetName":{"Hash":989741355936164544},"DisplayItemID":83034,"DisplayItemIDRarity4":83033,"Release":true,"IsPlanarSuit":true,"ReleaseVersion":"1.0"},"304":{"SetID":304,"SetSkillList":[2],"SetIconPath":"SpriteOutput/ItemIcon/71015.png","SetIconFigurePath":"SpriteOutput/ItemFigures/71015.png","SetName":{"Hash":10639231018487658915},"DisplayItemID":83044,"DisplayItemIDRarity4":83043,"Release":true,"IsPlanarSuit":true,"ReleaseVersion":"1.0"},"305":{"SetID":305,"SetSkillList":[2],"SetIconPath":"SpriteOutput/ItemIcon/71016.png","SetIconFigurePath":"SpriteOutput/ItemFigures/71016.png","SetName":{"Hash":8982755420343676396},"DisplayItemID":83054,"DisplayItemIDRarity4":83053,"Release":true,"IsPlanarSuit":true,"ReleaseVersion":"1.0"},"306":{"SetID":306,"SetSkillList":[2],"SetIconPath":"SpriteOutput/ItemIcon/71017.png","SetIconFigurePath":"SpriteOutput/ItemFigures/71017.png","SetName":{"Hash":3194948309824162272},"DisplayItemID":83064,"DisplayItemIDRarity4":83063,"Release":true,"IsPlanarSuit":true,"ReleaseVersion":"1.0"},"307":{"SetID":307,"SetSkillList":[2],"SetIconPath":"SpriteOutput/ItemIcon/71018.png","SetIconFigurePath":"SpriteOutput/ItemFigures/71018.png","SetName":{"Hash":17176277519705745498},"DisplayItemID":83074,"DisplayItemIDRarity4":83073,"Release":true,"IsPlanarSuit":true,"ReleaseVersion":"1.0"},"308":{"SetID":308,"SetSkillList":[2],"SetIconPath":"SpriteOutput/ItemIcon/71019.png","SetIconFigurePath":"SpriteOutput/ItemFigures/71019.png","SetName":{"Hash":8833244979311548502},"DisplayItemID":83084,"DisplayItemIDRarity4":83083,"Release":true,"IsPlanarSuit":true,"ReleaseVersion":"1.0"},"309":{"SetID":309,"SetSkillList":[2],"SetIconPath":"SpriteOutput/ItemIcon/71022.png","SetIconFigurePath":"SpriteOutput/ItemFigures/71022.png","SetName":{"Hash":525651750430194848},"DisplayItemID":83094,"DisplayItemIDRarity4":83093,"Release":true,"IsPlanarSuit":true,"ReleaseVersion":"1.2"},"310":{"SetID":310,"SetSkillList":[2],"SetIconPath":"SpriteOutput/ItemIcon/71023.png","SetIconFigurePath":"SpriteOutput/ItemFigures/71023.png","SetName":{"Hash":13569192194670210476},"DisplayItemID":83104,"DisplayItemIDRarity4":83103,"Release":true,"IsPlanarSuit":true,"ReleaseVersion":"1.2"},"311":{"SetID":311,"SetSkillList":[2],"SetIconPath":"SpriteOutput/ItemIcon/71026.png","SetIconFigurePath":"SpriteOutput/ItemFigures/71026.png","SetName":{"Hash":2928814725522021336},"DisplayItemID":83114,"DisplayItemIDRarity4":83113,"Release":true,"IsPlanarSuit":true,"ReleaseVersion":"1.5"},"312":{"SetID":312,"SetSkillList":[2],"SetIconPath":"SpriteOutput/ItemIcon/71027.png","SetIconFigurePath":"SpriteOutput/ItemFigures/71027.png","SetName":{"Hash":11738437496890465102},"DisplayItemID":83124,"DisplayItemIDRarity4":83123,"Release":true,"IsPlanarSuit":true,"ReleaseVersion":"1.5"},"313":{"SetID":313,"SetSkillList":[2],"SetIconPath":"SpriteOutput/ItemIcon/71030.png","SetIconFigurePath":"SpriteOutput/ItemFigures/71030.png","SetName":{"Hash":2957863637225865446},"DisplayItemID":83134,"DisplayItemIDRarity4":83133,"Release":true,"IsPlanarSuit":true,"ReleaseVersion":"2.1"},"314":{"SetID":314,"SetSkillList":[2],"SetIconPath":"SpriteOutput/ItemIcon/71031.png","SetIconFigurePath":"SpriteOutput/ItemFigures/71031.png","SetName":{"Hash":8338803565407837618},"DisplayItemID":83144,"DisplayItemIDRarity4":83143,"Release":true,"IsPlanarSuit":true,"ReleaseVersion":"2.1"},"315":{"SetID":315,"SetSkillList":[2],"SetIconPath":"SpriteOutput/ItemIcon/71034.png","SetIconFigurePath":"SpriteOutput/ItemFigures/71034.png","SetName":{"Hash":9813302522411370912},"DisplayItemID":83154,"DisplayItemIDRarity4":83153,"Release":true,"IsPlanarSuit":true,"ReleaseVersion":"2.3"},"316":{"SetID":316,"SetSkillList":[2],"SetIconPath":"SpriteOutput/ItemIcon/71035.png","SetIconFigurePath":"SpriteOutput/ItemFigures/71035.png","SetName":{"Hash":16917815488065231256},"DisplayItemID":83164,"DisplayItemIDRarity4":83163,"Release":true,"IsPlanarSuit":true,"ReleaseVersion":"2.3"},"317":{"SetID":317,"SetSkillList":[2],"SetIconPath":"SpriteOutput/ItemIcon/71036.png","SetIconFigurePath":"SpriteOutput/ItemFigures/71036.png","SetName":{"Hash":3738598112399278588},"DisplayItemID":83174,"DisplayItemIDRarity4":83173,"Release":true,"IsPlanarSuit":true,"ReleaseVersion":"2.5"},"318":{"SetID":318,"SetSkillList":[2],"SetIconPath":"SpriteOutput/ItemIcon/71037.png","SetIconFigurePath":"SpriteOutput/ItemFigures/71037.png","SetName":{"Hash":3323393705656643751},"DisplayItemID":83184,"DisplayItemIDRarity4":83183,"Release":true,"IsPlanarSuit":true,"ReleaseVersion":"2.5"},"319":{"SetID":319,"SetSkillList":[2],"SetIconPath":"SpriteOutput/ItemIcon/71042.png","SetIconFigurePath":"SpriteOutput/ItemFigures/71042.png","SetName":{"Hash":14503171048665443744},"DisplayItemID":83194,"DisplayItemIDRarity4":83193,"Release":true,"IsPlanarSuit":true,"ReleaseVersion":"3.1"},"320":{"SetID":320,"SetSkillList":[2],"SetIconPath":"SpriteOutput/ItemIcon/71043.png","SetIconFigurePath":"SpriteOutput/ItemFigures/71043.png","SetName":{"Hash":7856282007270664845},"DisplayItemID":83204,"DisplayItemIDRarity4":83203,"Release":true,"IsPlanarSuit":true,"ReleaseVersion":"3.1"},"321":{"SetID":321,"SetSkillList":[2],"SetIconPath":"SpriteOutput/ItemIcon/71046.png","SetIconFigurePath":"SpriteOutput/ItemFigures/71046.png","SetName":{"Hash":14901297189759805719},"DisplayItemID":83214,"DisplayItemIDRarity4":83213,"Release":true,"IsPlanarSuit":true,"ReleaseVersion":"3.4"},"322":{"SetID":322,"SetSkillList":[2],"SetIconPath":"SpriteOutput/ItemIcon/71047.png","SetIconFigurePath":"SpriteOutput/ItemFigures/71047.png","SetName":{"Hash":2256247644391525406},"DisplayItemID":83224,"DisplayItemIDRarity4":83223,"Release":true,"IsPlanarSuit":true,"ReleaseVersion":"3.4"}}