{"1":{"0":{"TypeID":1,"Level":0,"Exp":170},"1":{"TypeID":1,"Level":1,"Exp":240},"2":{"TypeID":1,"Level":2,"Exp":310},"3":{"TypeID":1,"Level":3,"Exp":410},"4":{"TypeID":1,"Level":4,"Exp":500},"5":{"TypeID":1,"Level":5,"Exp":620},"6":{"TypeID":1,"Level":6},"7":{"TypeID":1,"Level":7},"8":{"TypeID":1,"Level":8},"9":{"TypeID":1,"Level":9},"10":{"TypeID":1,"Level":10},"11":{"TypeID":1,"Level":11},"12":{"TypeID":1,"Level":12},"13":{"TypeID":1,"Level":13},"14":{"TypeID":1,"Level":14},"15":{"TypeID":1,"Level":15}},"2":{"0":{"TypeID":2,"Level":0,"Exp":280},"1":{"TypeID":2,"Level":1,"Exp":400},"2":{"TypeID":2,"Level":2,"Exp":520},"3":{"TypeID":2,"Level":3,"Exp":680},"4":{"TypeID":2,"Level":4,"Exp":840},"5":{"TypeID":2,"Level":5,"Exp":1080},"6":{"TypeID":2,"Level":6,"Exp":1320},"7":{"TypeID":2,"Level":7,"Exp":1620},"8":{"TypeID":2,"Level":8,"Exp":2060},"9":{"TypeID":2,"Level":9},"10":{"TypeID":2,"Level":10},"11":{"TypeID":2,"Level":11},"12":{"TypeID":2,"Level":12},"13":{"TypeID":2,"Level":13},"14":{"TypeID":2,"Level":14},"15":{"TypeID":2,"Level":15}},"3":{"0":{"TypeID":3,"Level":0,"Exp":420},"1":{"TypeID":3,"Level":1,"Exp":600},"2":{"TypeID":3,"Level":2,"Exp":780},"3":{"TypeID":3,"Level":3,"Exp":1020},"4":{"TypeID":3,"Level":4,"Exp":1200},"5":{"TypeID":3,"Level":5,"Exp":1480},"6":{"TypeID":3,"Level":6,"Exp":1980},"7":{"TypeID":3,"Level":7,"Exp":2430},"8":{"TypeID":3,"Level":8,"Exp":3090},"9":{"TypeID":3,"Level":9,"Exp":3840},"10":{"TypeID":3,"Level":10,"Exp":4760},"11":{"TypeID":3,"Level":11,"Exp":5900},"12":{"TypeID":3,"Level":12},"13":{"TypeID":3,"Level":13},"14":{"TypeID":3,"Level":14},"15":{"TypeID":3,"Level":15}},"4":{"0":{"TypeID":4,"Level":0,"Exp":560},"1":{"TypeID":4,"Level":1,"Exp":800},"2":{"TypeID":4,"Level":2,"Exp":1040},"3":{"TypeID":4,"Level":3,"Exp":1360},"4":{"TypeID":4,"Level":4,"Exp":1680},"5":{"TypeID":4,"Level":5,"Exp":2060},"6":{"TypeID":4,"Level":6,"Exp":2640},"7":{"TypeID":4,"Level":7,"Exp":3240},"8":{"TypeID":4,"Level":8,"Exp":4120},"9":{"TypeID":4,"Level":9,"Exp":5120},"10":{"TypeID":4,"Level":10,"Exp":6350},"11":{"TypeID":4,"Level":11,"Exp":8030},"12":{"TypeID":4,"Level":12,"Exp":10320},"13":{"TypeID":4,"Level":13,"Exp":12960},"14":{"TypeID":4,"Level":14,"Exp":15720},"15":{"TypeID":4,"Level":15}}}